/****** Object:  ForeignKey [LANGUAGE_COURSE]    Script Date: 12/03/2008 20:56:28 ******/
IF  EXISTS (SELECT * FROM sys.foreign_keys WHERE object_id = OBJECT_ID(N'[dbo].[LANGUAGE_COURSE]') AND parent_object_id = OBJECT_ID(N'[dbo].[COURSE]'))
ALTER TABLE [dbo].[COURSE] DROP CONSTRAINT [LANGUAGE_COURSE]
GO
/****** Object:  ForeignKey [ORGANIZATIONALGROUP_COURSE]    Script Date: 12/03/2008 20:56:28 ******/
IF  EXISTS (SELECT * FROM sys.foreign_keys WHERE object_id = OBJECT_ID(N'[dbo].[ORGANIZATIONALGROUP_COURSE]') AND parent_object_id = OBJECT_ID(N'[dbo].[COURSE]'))
ALTER TABLE [dbo].[COURSE] DROP CONSTRAINT [ORGANIZATIONALGROUP_COURSE]
GO
/****** Object:  ForeignKey [ORGANIZATIONALGROUPENTITLEMENT_COURSE]    Script Date: 12/03/2008 20:56:28 ******/
IF  EXISTS (SELECT * FROM sys.foreign_keys WHERE object_id = OBJECT_ID(N'[dbo].[ORGANIZATIONALGROUPENTITLEMENT_COURSE]') AND parent_object_id = OBJECT_ID(N'[dbo].[COURSE]'))
ALTER TABLE [dbo].[COURSE] DROP CONSTRAINT [ORGANIZATIONALGROUPENTITLEMENT_COURSE]
GO
/****** Object:  ForeignKey [COURSEGROUP_ROOTCOURSEGROUP]    Script Date: 12/03/2008 20:56:28 ******/
IF  EXISTS (SELECT * FROM sys.foreign_keys WHERE object_id = OBJECT_ID(N'[dbo].[COURSEGROUP_ROOTCOURSEGROUP]') AND parent_object_id = OBJECT_ID(N'[dbo].[COURSEGROUP]'))
ALTER TABLE [dbo].[COURSEGROUP] DROP CONSTRAINT [COURSEGROUP_ROOTCOURSEGROUP]
GO
/****** Object:  ForeignKey [CUSTOMER_COURSEGROUP]    Script Date: 12/03/2008 20:56:28 ******/
IF  EXISTS (SELECT * FROM sys.foreign_keys WHERE object_id = OBJECT_ID(N'[dbo].[CUSTOMER_COURSEGROUP]') AND parent_object_id = OBJECT_ID(N'[dbo].[COURSEGROUP]'))
ALTER TABLE [dbo].[COURSEGROUP] DROP CONSTRAINT [CUSTOMER_COURSEGROUP]
GO
/****** Object:  ForeignKey [CUSTOMERENTITLEMENT_COURSEGROUP]    Script Date: 12/03/2008 20:56:28 ******/
IF  EXISTS (SELECT * FROM sys.foreign_keys WHERE object_id = OBJECT_ID(N'[dbo].[CUSTOMERENTITLEMENT_COURSEGROUP]') AND parent_object_id = OBJECT_ID(N'[dbo].[COURSEGROUP]'))
ALTER TABLE [dbo].[COURSEGROUP] DROP CONSTRAINT [CUSTOMERENTITLEMENT_COURSEGROUP]
GO
/****** Object:  ForeignKey [DISTRIBUTORENTITLEMENT_COURSEGROUP]    Script Date: 12/03/2008 20:56:28 ******/
IF  EXISTS (SELECT * FROM sys.foreign_keys WHERE object_id = OBJECT_ID(N'[dbo].[DISTRIBUTORENTITLEMENT_COURSEGROUP]') AND parent_object_id = OBJECT_ID(N'[dbo].[COURSEGROUP]'))
ALTER TABLE [dbo].[COURSEGROUP] DROP CONSTRAINT [DISTRIBUTORENTITLEMENT_COURSEGROUP]
GO
/****** Object:  ForeignKey [FK_COURSEGROUP_PARENTCOURSEGROUP]    Script Date: 12/03/2008 20:56:28 ******/
IF  EXISTS (SELECT * FROM sys.foreign_keys WHERE object_id = OBJECT_ID(N'[dbo].[FK_COURSEGROUP_PARENTCOURSEGROUP]') AND parent_object_id = OBJECT_ID(N'[dbo].[COURSEGROUP]'))
ALTER TABLE [dbo].[COURSEGROUP] DROP CONSTRAINT [FK_COURSEGROUP_PARENTCOURSEGROUP]
GO
/****** Object:  ForeignKey [BILLINGADDRESS_CUSTOMER]    Script Date: 12/03/2008 20:56:28 ******/
IF  EXISTS (SELECT * FROM sys.foreign_keys WHERE object_id = OBJECT_ID(N'[dbo].[BILLINGADDRESS_CUSTOMER]') AND parent_object_id = OBJECT_ID(N'[dbo].[CUSTOMER]'))
ALTER TABLE [dbo].[CUSTOMER] DROP CONSTRAINT [BILLINGADDRESS_CUSTOMER]
GO
/****** Object:  ForeignKey [CUSTOMER_BRAND]    Script Date: 12/03/2008 20:56:28 ******/
IF  EXISTS (SELECT * FROM sys.foreign_keys WHERE object_id = OBJECT_ID(N'[dbo].[CUSTOMER_BRAND]') AND parent_object_id = OBJECT_ID(N'[dbo].[CUSTOMER]'))
ALTER TABLE [dbo].[CUSTOMER] DROP CONSTRAINT [CUSTOMER_BRAND]
GO
/****** Object:  ForeignKey [FK_DISTRIBUTOR_CUSTOMER]    Script Date: 12/03/2008 20:56:28 ******/
IF  EXISTS (SELECT * FROM sys.foreign_keys WHERE object_id = OBJECT_ID(N'[dbo].[FK_DISTRIBUTOR_CUSTOMER]') AND parent_object_id = OBJECT_ID(N'[dbo].[CUSTOMER]'))
ALTER TABLE [dbo].[CUSTOMER] DROP CONSTRAINT [FK_DISTRIBUTOR_CUSTOMER]
GO
/****** Object:  ForeignKey [ORGANIZATIONALGROUP_CUSTOMER]    Script Date: 12/03/2008 20:56:28 ******/
IF  EXISTS (SELECT * FROM sys.foreign_keys WHERE object_id = OBJECT_ID(N'[dbo].[ORGANIZATIONALGROUP_CUSTOMER]') AND parent_object_id = OBJECT_ID(N'[dbo].[CUSTOMER]'))
ALTER TABLE [dbo].[CUSTOMER] DROP CONSTRAINT [ORGANIZATIONALGROUP_CUSTOMER]
GO
/****** Object:  ForeignKey [SHIPPINGADDRESS_CUSTOMER]    Script Date: 12/03/2008 20:56:28 ******/
IF  EXISTS (SELECT * FROM sys.foreign_keys WHERE object_id = OBJECT_ID(N'[dbo].[SHIPPINGADDRESS_CUSTOMER]') AND parent_object_id = OBJECT_ID(N'[dbo].[CUSTOMER]'))
ALTER TABLE [dbo].[CUSTOMER] DROP CONSTRAINT [SHIPPINGADDRESS_CUSTOMER]
GO
/****** Object:  ForeignKey [COURSE_CUSTOMERENTITLEMENT]    Script Date: 12/03/2008 20:56:28 ******/
IF  EXISTS (SELECT * FROM sys.foreign_keys WHERE object_id = OBJECT_ID(N'[dbo].[COURSE_CUSTOMERENTITLEMENT]') AND parent_object_id = OBJECT_ID(N'[dbo].[CUSTOMERENTITLEMENT]'))
ALTER TABLE [dbo].[CUSTOMERENTITLEMENT] DROP CONSTRAINT [COURSE_CUSTOMERENTITLEMENT]
GO
/****** Object:  ForeignKey [CUSTOMER_CUSTOMERENTITLEMENT]    Script Date: 12/03/2008 20:56:28 ******/
IF  EXISTS (SELECT * FROM sys.foreign_keys WHERE object_id = OBJECT_ID(N'[dbo].[CUSTOMER_CUSTOMERENTITLEMENT]') AND parent_object_id = OBJECT_ID(N'[dbo].[CUSTOMERENTITLEMENT]'))
ALTER TABLE [dbo].[CUSTOMERENTITLEMENT] DROP CONSTRAINT [CUSTOMER_CUSTOMERENTITLEMENT]
GO
/****** Object:  ForeignKey [DISTRIBUTOR_BRAND]    Script Date: 12/03/2008 20:56:28 ******/
IF  EXISTS (SELECT * FROM sys.foreign_keys WHERE object_id = OBJECT_ID(N'[dbo].[DISTRIBUTOR_BRAND]') AND parent_object_id = OBJECT_ID(N'[dbo].[DISTRIBUTOR]'))
ALTER TABLE [dbo].[DISTRIBUTOR] DROP CONSTRAINT [DISTRIBUTOR_BRAND]
GO
/****** Object:  ForeignKey [DISTRIBUTOR_DISTRIBUTORGROUP]    Script Date: 12/03/2008 20:56:28 ******/
IF  EXISTS (SELECT * FROM sys.foreign_keys WHERE object_id = OBJECT_ID(N'[dbo].[DISTRIBUTOR_DISTRIBUTORGROUP]') AND parent_object_id = OBJECT_ID(N'[dbo].[DISTRIBUTOR]'))
ALTER TABLE [dbo].[DISTRIBUTOR] DROP CONSTRAINT [DISTRIBUTOR_DISTRIBUTORGROUP]
GO
/****** Object:  ForeignKey [DISTRIBUTORGROUP_BRAND]    Script Date: 12/03/2008 20:56:28 ******/
IF  EXISTS (SELECT * FROM sys.foreign_keys WHERE object_id = OBJECT_ID(N'[dbo].[DISTRIBUTORGROUP_BRAND]') AND parent_object_id = OBJECT_ID(N'[dbo].[DISTRIBUTORGROUP]'))
ALTER TABLE [dbo].[DISTRIBUTORGROUP] DROP CONSTRAINT [DISTRIBUTORGROUP_BRAND]
GO
/****** Object:  ForeignKey [LEARNER_CUSTOMER]    Script Date: 12/03/2008 20:56:28 ******/
IF  EXISTS (SELECT * FROM sys.foreign_keys WHERE object_id = OBJECT_ID(N'[dbo].[LEARNER_CUSTOMER]') AND parent_object_id = OBJECT_ID(N'[dbo].[LEARNER]'))
ALTER TABLE [dbo].[LEARNER] DROP CONSTRAINT [LEARNER_CUSTOMER]
GO
/****** Object:  ForeignKey [ORGANIZATIONALGROUP_LEARNER]    Script Date: 12/03/2008 20:56:28 ******/
IF  EXISTS (SELECT * FROM sys.foreign_keys WHERE object_id = OBJECT_ID(N'[dbo].[ORGANIZATIONALGROUP_LEARNER]') AND parent_object_id = OBJECT_ID(N'[dbo].[LEARNER]'))
ALTER TABLE [dbo].[LEARNER] DROP CONSTRAINT [ORGANIZATIONALGROUP_LEARNER]
GO
/****** Object:  ForeignKey [VU360USER_LEARNER]    Script Date: 12/03/2008 20:56:28 ******/
IF  EXISTS (SELECT * FROM sys.foreign_keys WHERE object_id = OBJECT_ID(N'[dbo].[VU360USER_LEARNER]') AND parent_object_id = OBJECT_ID(N'[dbo].[LEARNER]'))
ALTER TABLE [dbo].[LEARNER] DROP CONSTRAINT [VU360USER_LEARNER]
GO
/****** Object:  ForeignKey [LEARNER_LEARNERCOURSESTATISTICS]    Script Date: 12/03/2008 20:56:28 ******/
IF  EXISTS (SELECT * FROM sys.foreign_keys WHERE object_id = OBJECT_ID(N'[dbo].[LEARNER_LEARNERCOURSESTATISTICS]') AND parent_object_id = OBJECT_ID(N'[dbo].[LEARNERCOURSESTATISTICS]'))
ALTER TABLE [dbo].[LEARNERCOURSESTATISTICS] DROP CONSTRAINT [LEARNER_LEARNERCOURSESTATISTICS]
GO
/****** Object:  ForeignKey [LEARNERENROLMENT_LEARNERCOURSESTATISTICS]    Script Date: 12/03/2008 20:56:28 ******/
IF  EXISTS (SELECT * FROM sys.foreign_keys WHERE object_id = OBJECT_ID(N'[dbo].[LEARNERENROLMENT_LEARNERCOURSESTATISTICS]') AND parent_object_id = OBJECT_ID(N'[dbo].[LEARNERCOURSESTATISTICS]'))
ALTER TABLE [dbo].[LEARNERCOURSESTATISTICS] DROP CONSTRAINT [LEARNERENROLMENT_LEARNERCOURSESTATISTICS]
GO
/****** Object:  ForeignKey [COURSE_LEARNERENROLLMENT]    Script Date: 12/03/2008 20:56:29 ******/
IF  EXISTS (SELECT * FROM sys.foreign_keys WHERE object_id = OBJECT_ID(N'[dbo].[COURSE_LEARNERENROLLMENT]') AND parent_object_id = OBJECT_ID(N'[dbo].[LEARNERENROLLMENT]'))
ALTER TABLE [dbo].[LEARNERENROLLMENT] DROP CONSTRAINT [COURSE_LEARNERENROLLMENT]
GO
/****** Object:  ForeignKey [COURSEGROUP_LEARNERENROLLMENT]    Script Date: 12/03/2008 20:56:29 ******/
IF  EXISTS (SELECT * FROM sys.foreign_keys WHERE object_id = OBJECT_ID(N'[dbo].[COURSEGROUP_LEARNERENROLLMENT]') AND parent_object_id = OBJECT_ID(N'[dbo].[LEARNERENROLLMENT]'))
ALTER TABLE [dbo].[LEARNERENROLLMENT] DROP CONSTRAINT [COURSEGROUP_LEARNERENROLLMENT]
GO
/****** Object:  ForeignKey [CUSTOMERENROLLMENT_LEARNERENROLLMENT]    Script Date: 12/03/2008 20:56:29 ******/
IF  EXISTS (SELECT * FROM sys.foreign_keys WHERE object_id = OBJECT_ID(N'[dbo].[CUSTOMERENROLLMENT_LEARNERENROLLMENT]') AND parent_object_id = OBJECT_ID(N'[dbo].[LEARNERENROLLMENT]'))
ALTER TABLE [dbo].[LEARNERENROLLMENT] DROP CONSTRAINT [CUSTOMERENROLLMENT_LEARNERENROLLMENT]
GO
/****** Object:  ForeignKey [LEARNER_LEARNERENROLLMENT]    Script Date: 12/03/2008 20:56:29 ******/
IF  EXISTS (SELECT * FROM sys.foreign_keys WHERE object_id = OBJECT_ID(N'[dbo].[LEARNER_LEARNERENROLLMENT]') AND parent_object_id = OBJECT_ID(N'[dbo].[LEARNERENROLLMENT]'))
ALTER TABLE [dbo].[LEARNERENROLLMENT] DROP CONSTRAINT [LEARNER_LEARNERENROLLMENT]
GO
/****** Object:  ForeignKey [CUSTOMER_LEARNERGROUP]    Script Date: 12/03/2008 20:56:29 ******/
IF  EXISTS (SELECT * FROM sys.foreign_keys WHERE object_id = OBJECT_ID(N'[dbo].[CUSTOMER_LEARNERGROUP]') AND parent_object_id = OBJECT_ID(N'[dbo].[LEARNERGROUP]'))
ALTER TABLE [dbo].[LEARNERGROUP] DROP CONSTRAINT [CUSTOMER_LEARNERGROUP]
GO
/****** Object:  ForeignKey [ORGANIZATIONALGROUP_LEARNERGROUP]    Script Date: 12/03/2008 20:56:29 ******/
IF  EXISTS (SELECT * FROM sys.foreign_keys WHERE object_id = OBJECT_ID(N'[dbo].[ORGANIZATIONALGROUP_LEARNERGROUP]') AND parent_object_id = OBJECT_ID(N'[dbo].[LEARNERGROUP]'))
ALTER TABLE [dbo].[LEARNERGROUP] DROP CONSTRAINT [ORGANIZATIONALGROUP_LEARNERGROUP]
GO
/****** Object:  ForeignKey [LEARNER_LEARNERLEARNERGROUP]    Script Date: 12/03/2008 20:56:29 ******/
IF  EXISTS (SELECT * FROM sys.foreign_keys WHERE object_id = OBJECT_ID(N'[dbo].[LEARNER_LEARNERLEARNERGROUP]') AND parent_object_id = OBJECT_ID(N'[dbo].[LEARNERLEARNERGROUP]'))
ALTER TABLE [dbo].[LEARNERLEARNERGROUP] DROP CONSTRAINT [LEARNER_LEARNERLEARNERGROUP]
GO
/****** Object:  ForeignKey [LEARNERGROUP_LEARNERLEARNERGROUP]    Script Date: 12/03/2008 20:56:29 ******/
IF  EXISTS (SELECT * FROM sys.foreign_keys WHERE object_id = OBJECT_ID(N'[dbo].[LEARNERGROUP_LEARNERLEARNERGROUP]') AND parent_object_id = OBJECT_ID(N'[dbo].[LEARNERLEARNERGROUP]'))
ALTER TABLE [dbo].[LEARNERLEARNERGROUP] DROP CONSTRAINT [LEARNERGROUP_LEARNERLEARNERGROUP]
GO
/****** Object:  ForeignKey [ADDRESS_LEARNERPROFILE]    Script Date: 12/03/2008 20:56:29 ******/
IF  EXISTS (SELECT * FROM sys.foreign_keys WHERE object_id = OBJECT_ID(N'[dbo].[ADDRESS_LEARNERPROFILE]') AND parent_object_id = OBJECT_ID(N'[dbo].[LEARNERPROFILE]'))
ALTER TABLE [dbo].[LEARNERPROFILE] DROP CONSTRAINT [ADDRESS_LEARNERPROFILE]
GO
/****** Object:  ForeignKey [LEARNER_LEARNERPROFILE]    Script Date: 12/03/2008 20:56:29 ******/
IF  EXISTS (SELECT * FROM sys.foreign_keys WHERE object_id = OBJECT_ID(N'[dbo].[LEARNER_LEARNERPROFILE]') AND parent_object_id = OBJECT_ID(N'[dbo].[LEARNERPROFILE]'))
ALTER TABLE [dbo].[LEARNERPROFILE] DROP CONSTRAINT [LEARNER_LEARNERPROFILE]
GO
/****** Object:  ForeignKey [COURSE_LEARNINGSESSION]    Script Date: 12/03/2008 20:56:29 ******/
IF  EXISTS (SELECT * FROM sys.foreign_keys WHERE object_id = OBJECT_ID(N'[dbo].[COURSE_LEARNINGSESSION]') AND parent_object_id = OBJECT_ID(N'[dbo].[LEARNINGSESSION]'))
ALTER TABLE [dbo].[LEARNINGSESSION] DROP CONSTRAINT [COURSE_LEARNINGSESSION]
GO
/****** Object:  ForeignKey [LEARNER_LEARNINGSESSION]    Script Date: 12/03/2008 20:56:29 ******/
IF  EXISTS (SELECT * FROM sys.foreign_keys WHERE object_id = OBJECT_ID(N'[dbo].[LEARNER_LEARNINGSESSION]') AND parent_object_id = OBJECT_ID(N'[dbo].[LEARNINGSESSION]'))
ALTER TABLE [dbo].[LEARNINGSESSION] DROP CONSTRAINT [LEARNER_LEARNINGSESSION]
GO
/****** Object:  ForeignKey [LEARNERENROLLMENT_LEARNINGSESSION]    Script Date: 12/03/2008 20:56:29 ******/
IF  EXISTS (SELECT * FROM sys.foreign_keys WHERE object_id = OBJECT_ID(N'[dbo].[LEARNERENROLLMENT_LEARNINGSESSION]') AND parent_object_id = OBJECT_ID(N'[dbo].[LEARNINGSESSION]'))
ALTER TABLE [dbo].[LEARNINGSESSION] DROP CONSTRAINT [LEARNERENROLLMENT_LEARNINGSESSION]
GO
/****** Object:  ForeignKey [VU360USER_LMSADMINISTRATOR]    Script Date: 12/03/2008 20:56:29 ******/
IF  EXISTS (SELECT * FROM sys.foreign_keys WHERE object_id = OBJECT_ID(N'[dbo].[VU360USER_LMSADMINISTRATOR]') AND parent_object_id = OBJECT_ID(N'[dbo].[LMSADMINISTRATOR]'))
ALTER TABLE [dbo].[LMSADMINISTRATOR] DROP CONSTRAINT [VU360USER_LMSADMINISTRATOR]
GO
/****** Object:  ForeignKey [FK_ORGANIZATIONALGROUP_PARENTORGANIZATIONALGROUP]    Script Date: 12/03/2008 20:56:29 ******/
IF  EXISTS (SELECT * FROM sys.foreign_keys WHERE object_id = OBJECT_ID(N'[dbo].[FK_ORGANIZATIONALGROUP_PARENTORGANIZATIONALGROUP]') AND parent_object_id = OBJECT_ID(N'[dbo].[ORGANIZATIONALGROUP]'))
ALTER TABLE [dbo].[ORGANIZATIONALGROUP] DROP CONSTRAINT [FK_ORGANIZATIONALGROUP_PARENTORGANIZATIONALGROUP]
GO
/****** Object:  ForeignKey [FK_ORGANIZATIONALGROUP_ROOTORGANIZATIONALGROUP]    Script Date: 12/03/2008 20:56:29 ******/
IF  EXISTS (SELECT * FROM sys.foreign_keys WHERE object_id = OBJECT_ID(N'[dbo].[FK_ORGANIZATIONALGROUP_ROOTORGANIZATIONALGROUP]') AND parent_object_id = OBJECT_ID(N'[dbo].[ORGANIZATIONALGROUP]'))
ALTER TABLE [dbo].[ORGANIZATIONALGROUP] DROP CONSTRAINT [FK_ORGANIZATIONALGROUP_ROOTORGANIZATIONALGROUP]
GO
/****** Object:  ForeignKey [CUSTOMERENTITLEMENT_ORGANIZATIONALGROUPENTITLEMENT]    Script Date: 12/03/2008 20:56:29 ******/
IF  EXISTS (SELECT * FROM sys.foreign_keys WHERE object_id = OBJECT_ID(N'[dbo].[CUSTOMERENTITLEMENT_ORGANIZATIONALGROUPENTITLEMENT]') AND parent_object_id = OBJECT_ID(N'[dbo].[ORGANIZATIONALGROUPENTITLEMENT]'))
ALTER TABLE [dbo].[ORGANIZATIONALGROUPENTITLEMENT] DROP CONSTRAINT [CUSTOMERENTITLEMENT_ORGANIZATIONALGROUPENTITLEMENT]
GO
/****** Object:  ForeignKey [ORGANIZATIONALGROUP_ORGANIZATIONALGROUPENTITLEMENT]    Script Date: 12/03/2008 20:56:29 ******/
IF  EXISTS (SELECT * FROM sys.foreign_keys WHERE object_id = OBJECT_ID(N'[dbo].[ORGANIZATIONALGROUP_ORGANIZATIONALGROUPENTITLEMENT]') AND parent_object_id = OBJECT_ID(N'[dbo].[ORGANIZATIONALGROUPENTITLEMENT]'))
ALTER TABLE [dbo].[ORGANIZATIONALGROUPENTITLEMENT] DROP CONSTRAINT [ORGANIZATIONALGROUP_ORGANIZATIONALGROUPENTITLEMENT]
GO
/****** Object:  ForeignKey [CUSTOMER_TRAINIINGPLAN]    Script Date: 12/03/2008 20:56:29 ******/
IF  EXISTS (SELECT * FROM sys.foreign_keys WHERE object_id = OBJECT_ID(N'[dbo].[CUSTOMER_TRAINIINGPLAN]') AND parent_object_id = OBJECT_ID(N'[dbo].[TRAINIINGPLAN]'))
ALTER TABLE [dbo].[TRAINIINGPLAN] DROP CONSTRAINT [CUSTOMER_TRAINIINGPLAN]
GO
/****** Object:  ForeignKey [TRAINIINGPLAN_TRAINIINGPLANASSIGNMENT]    Script Date: 12/03/2008 20:56:29 ******/
IF  EXISTS (SELECT * FROM sys.foreign_keys WHERE object_id = OBJECT_ID(N'[dbo].[TRAINIINGPLAN_TRAINIINGPLANASSIGNMENT]') AND parent_object_id = OBJECT_ID(N'[dbo].[TRAINIINGPLANASSIGNMENT]'))
ALTER TABLE [dbo].[TRAINIINGPLANASSIGNMENT] DROP CONSTRAINT [TRAINIINGPLAN_TRAINIINGPLANASSIGNMENT]
GO
/****** Object:  ForeignKey [VU360USER_TRAININGADMINISTRATOR]    Script Date: 12/03/2008 20:56:29 ******/
IF  EXISTS (SELECT * FROM sys.foreign_keys WHERE object_id = OBJECT_ID(N'[dbo].[VU360USER_TRAININGADMINISTRATOR]') AND parent_object_id = OBJECT_ID(N'[dbo].[TRAININGADMINISTRATOR]'))
ALTER TABLE [dbo].[TRAININGADMINISTRATOR] DROP CONSTRAINT [VU360USER_TRAININGADMINISTRATOR]
GO
/****** Object:  Default [DF_LEARNINGSESSION_STRINGCOURSEID]    Script Date: 12/03/2008 20:56:29 ******/
IF  EXISTS (SELECT * FROM sys.default_constraints WHERE object_id = OBJECT_ID(N'[dbo].[DF_LEARNINGSESSION_STRINGCOURSEID]') AND parent_object_id = OBJECT_ID(N'[dbo].[LEARNINGSESSION]'))
Begin
ALTER TABLE [dbo].[LEARNINGSESSION] DROP CONSTRAINT [DF_LEARNINGSESSION_STRINGCOURSEID]

End
GO
/****** Object:  Table [dbo].[TRAININGADMINISTRATOR]    Script Date: 12/03/2008 20:56:29 ******/
IF  EXISTS (SELECT * FROM sys.objects WHERE object_id = OBJECT_ID(N'[dbo].[TRAININGADMINISTRATOR]') AND type in (N'U'))
DROP TABLE [dbo].[TRAININGADMINISTRATOR]
GO
/****** Object:  Table [dbo].[LMSADMINISTRATOR]    Script Date: 12/03/2008 20:56:29 ******/
IF  EXISTS (SELECT * FROM sys.objects WHERE object_id = OBJECT_ID(N'[dbo].[LMSADMINISTRATOR]') AND type in (N'U'))
DROP TABLE [dbo].[LMSADMINISTRATOR]
GO
/****** Object:  Table [dbo].[TRAINIINGPLANASSIGNMENT]    Script Date: 12/03/2008 20:56:29 ******/
IF  EXISTS (SELECT * FROM sys.objects WHERE object_id = OBJECT_ID(N'[dbo].[TRAINIINGPLANASSIGNMENT]') AND type in (N'U'))
DROP TABLE [dbo].[TRAINIINGPLANASSIGNMENT]
GO
/****** Object:  Table [dbo].[TRAINIINGPLAN]    Script Date: 12/03/2008 20:56:29 ******/
IF  EXISTS (SELECT * FROM sys.objects WHERE object_id = OBJECT_ID(N'[dbo].[TRAINIINGPLAN]') AND type in (N'U'))
DROP TABLE [dbo].[TRAINIINGPLAN]
GO
/****** Object:  Table [dbo].[ORGANIZATIONALGROUPENTITLEMENT]    Script Date: 12/03/2008 20:56:29 ******/
IF  EXISTS (SELECT * FROM sys.objects WHERE object_id = OBJECT_ID(N'[dbo].[ORGANIZATIONALGROUPENTITLEMENT]') AND type in (N'U'))
DROP TABLE [dbo].[ORGANIZATIONALGROUPENTITLEMENT]
GO
/****** Object:  Table [dbo].[LEARNERLEARNERGROUP]    Script Date: 12/03/2008 20:56:29 ******/
IF  EXISTS (SELECT * FROM sys.objects WHERE object_id = OBJECT_ID(N'[dbo].[LEARNERLEARNERGROUP]') AND type in (N'U'))
DROP TABLE [dbo].[LEARNERLEARNERGROUP]
GO
/****** Object:  Table [dbo].[LEARNERGROUP]    Script Date: 12/03/2008 20:56:29 ******/
IF  EXISTS (SELECT * FROM sys.objects WHERE object_id = OBJECT_ID(N'[dbo].[LEARNERGROUP]') AND type in (N'U'))
DROP TABLE [dbo].[LEARNERGROUP]
GO
/****** Object:  Table [dbo].[LEARNERPROFILE]    Script Date: 12/03/2008 20:56:29 ******/
IF  EXISTS (SELECT * FROM sys.objects WHERE object_id = OBJECT_ID(N'[dbo].[LEARNERPROFILE]') AND type in (N'U'))
DROP TABLE [dbo].[LEARNERPROFILE]
GO
/****** Object:  Table [dbo].[LEARNERCOURSESTATISTICS]    Script Date: 12/03/2008 20:56:28 ******/
IF  EXISTS (SELECT * FROM sys.objects WHERE object_id = OBJECT_ID(N'[dbo].[LEARNERCOURSESTATISTICS]') AND type in (N'U'))
DROP TABLE [dbo].[LEARNERCOURSESTATISTICS]
GO
/****** Object:  Table [dbo].[LEARNINGSESSION]    Script Date: 12/03/2008 20:56:29 ******/
IF  EXISTS (SELECT * FROM sys.objects WHERE object_id = OBJECT_ID(N'[dbo].[LEARNINGSESSION]') AND type in (N'U'))
DROP TABLE [dbo].[LEARNINGSESSION]
GO
/****** Object:  Table [dbo].[LEARNERENROLLMENT]    Script Date: 12/03/2008 20:56:28 ******/
IF  EXISTS (SELECT * FROM sys.objects WHERE object_id = OBJECT_ID(N'[dbo].[LEARNERENROLLMENT]') AND type in (N'U'))
DROP TABLE [dbo].[LEARNERENROLLMENT]
GO
/****** Object:  Table [dbo].[COURSEGROUP]    Script Date: 12/03/2008 20:56:28 ******/
IF  EXISTS (SELECT * FROM sys.objects WHERE object_id = OBJECT_ID(N'[dbo].[COURSEGROUP]') AND type in (N'U'))
DROP TABLE [dbo].[COURSEGROUP]
GO
/****** Object:  Table [dbo].[CUSTOMERENTITLEMENT]    Script Date: 12/03/2008 20:56:28 ******/
IF  EXISTS (SELECT * FROM sys.objects WHERE object_id = OBJECT_ID(N'[dbo].[CUSTOMERENTITLEMENT]') AND type in (N'U'))
DROP TABLE [dbo].[CUSTOMERENTITLEMENT]
GO
/****** Object:  Table [dbo].[LEARNER]    Script Date: 12/03/2008 20:56:28 ******/
IF  EXISTS (SELECT * FROM sys.objects WHERE object_id = OBJECT_ID(N'[dbo].[LEARNER]') AND type in (N'U'))
DROP TABLE [dbo].[LEARNER]
GO
/****** Object:  Table [dbo].[CUSTOMER]    Script Date: 12/03/2008 20:56:28 ******/
IF  EXISTS (SELECT * FROM sys.objects WHERE object_id = OBJECT_ID(N'[dbo].[CUSTOMER]') AND type in (N'U'))
DROP TABLE [dbo].[CUSTOMER]
GO
/****** Object:  Table [dbo].[DISTRIBUTOR]    Script Date: 12/03/2008 20:56:28 ******/
IF  EXISTS (SELECT * FROM sys.objects WHERE object_id = OBJECT_ID(N'[dbo].[DISTRIBUTOR]') AND type in (N'U'))
DROP TABLE [dbo].[DISTRIBUTOR]
GO
/****** Object:  Table [dbo].[DISTRIBUTORGROUP]    Script Date: 12/03/2008 20:56:28 ******/
IF  EXISTS (SELECT * FROM sys.objects WHERE object_id = OBJECT_ID(N'[dbo].[DISTRIBUTORGROUP]') AND type in (N'U'))
DROP TABLE [dbo].[DISTRIBUTORGROUP]
GO
/****** Object:  Table [dbo].[COURSE]    Script Date: 12/03/2008 20:56:28 ******/
IF  EXISTS (SELECT * FROM sys.objects WHERE object_id = OBJECT_ID(N'[dbo].[COURSE]') AND type in (N'U'))
DROP TABLE [dbo].[COURSE]
GO
/****** Object:  Table [dbo].[DISTRIBUTORDISTRIBUTORGROUP]    Script Date: 12/03/2008 20:56:28 ******/
IF  EXISTS (SELECT * FROM sys.objects WHERE object_id = OBJECT_ID(N'[dbo].[DISTRIBUTORDISTRIBUTORGROUP]') AND type in (N'U'))
DROP TABLE [dbo].[DISTRIBUTORDISTRIBUTORGROUP]
GO
/****** Object:  Table [dbo].[LANGUAGE]    Script Date: 12/03/2008 20:56:28 ******/
IF  EXISTS (SELECT * FROM sys.objects WHERE object_id = OBJECT_ID(N'[dbo].[LANGUAGE]') AND type in (N'U'))
DROP TABLE [dbo].[LANGUAGE]
GO
/****** Object:  Table [dbo].[ENROLLMENT]    Script Date: 12/03/2008 20:56:28 ******/
IF  EXISTS (SELECT * FROM sys.objects WHERE object_id = OBJECT_ID(N'[dbo].[ENROLLMENT]') AND type in (N'U'))
DROP TABLE [dbo].[ENROLLMENT]
GO
/****** Object:  Table [dbo].[COURSE_COURSEGROUP]    Script Date: 12/03/2008 20:56:28 ******/
IF  EXISTS (SELECT * FROM sys.objects WHERE object_id = OBJECT_ID(N'[dbo].[COURSE_COURSEGROUP]') AND type in (N'U'))
DROP TABLE [dbo].[COURSE_COURSEGROUP]
GO
/****** Object:  Table [dbo].[BRAND]    Script Date: 12/03/2008 20:56:28 ******/
IF  EXISTS (SELECT * FROM sys.objects WHERE object_id = OBJECT_ID(N'[dbo].[BRAND]') AND type in (N'U'))
DROP TABLE [dbo].[BRAND]
GO
/****** Object:  Table [dbo].[AUDITEVENT]    Script Date: 12/03/2008 20:56:28 ******/
IF  EXISTS (SELECT * FROM sys.objects WHERE object_id = OBJECT_ID(N'[dbo].[AUDITEVENT]') AND type in (N'U'))
DROP TABLE [dbo].[AUDITEVENT]
GO
/****** Object:  Table [dbo].[DISTRIBUTORENTITLEMENT]    Script Date: 12/03/2008 20:56:28 ******/
IF  EXISTS (SELECT * FROM sys.objects WHERE object_id = OBJECT_ID(N'[dbo].[DISTRIBUTORENTITLEMENT]') AND type in (N'U'))
DROP TABLE [dbo].[DISTRIBUTORENTITLEMENT]
GO
/****** Object:  Table [dbo].[ORGANIZATIONALGROUP]    Script Date: 12/03/2008 20:56:29 ******/
IF  EXISTS (SELECT * FROM sys.objects WHERE object_id = OBJECT_ID(N'[dbo].[ORGANIZATIONALGROUP]') AND type in (N'U'))
DROP TABLE [dbo].[ORGANIZATIONALGROUP]
GO
/****** Object:  Table [dbo].[ADDRESS]    Script Date: 12/03/2008 20:56:28 ******/
IF  EXISTS (SELECT * FROM sys.objects WHERE object_id = OBJECT_ID(N'[dbo].[ADDRESS]') AND type in (N'U'))
DROP TABLE [dbo].[ADDRESS]
GO
/****** Object:  Table [dbo].[VU360USER]    Script Date: 12/03/2008 20:56:29 ******/
IF  EXISTS (SELECT * FROM sys.objects WHERE object_id = OBJECT_ID(N'[dbo].[VU360USER]') AND type in (N'U'))
DROP TABLE [dbo].[VU360USER]
GO
/****** Object:  Table [dbo].[VU360_SEQ]    Script Date: 12/03/2008 20:56:29 ******/
IF  EXISTS (SELECT * FROM sys.objects WHERE object_id = OBJECT_ID(N'[dbo].[VU360_SEQ]') AND type in (N'U'))
DROP TABLE [dbo].[VU360_SEQ]
GO
/****** Object:  Table [dbo].[COURSECUSTOMERENTITLEMENT]    Script Date: 12/03/2008 20:56:28 ******/
IF  EXISTS (SELECT * FROM sys.objects WHERE object_id = OBJECT_ID(N'[dbo].[COURSECUSTOMERENTITLEMENT]') AND type in (N'U'))
DROP TABLE [dbo].[COURSECUSTOMERENTITLEMENT]
GO
/****** Object:  Table [dbo].[COURSECUSTOMERENTITLEMENT]    Script Date: 12/03/2008 20:56:28 ******/
SET ANSI_NULLS ON
GO
SET QUOTED_IDENTIFIER ON
GO
IF NOT EXISTS (SELECT * FROM sys.objects WHERE object_id = OBJECT_ID(N'[dbo].[COURSECUSTOMERENTITLEMENT]') AND type in (N'U'))
BEGIN
CREATE TABLE [dbo].[COURSECUSTOMERENTITLEMENT](
	[COURSEID] [numeric](18, 0) NOT NULL,
	[CUSTOMERENTITLEMENTID] [numeric](18, 0) NOT NULL
)
END
GO
INSERT [dbo].[COURSECUSTOMERENTITLEMENT] ([COURSEID], [CUSTOMERENTITLEMENTID]) VALUES (CAST(1 AS Numeric(18, 0)), CAST(1 AS Numeric(18, 0)))
INSERT [dbo].[COURSECUSTOMERENTITLEMENT] ([COURSEID], [CUSTOMERENTITLEMENTID]) VALUES (CAST(2 AS Numeric(18, 0)), CAST(2 AS Numeric(18, 0)))
INSERT [dbo].[COURSECUSTOMERENTITLEMENT] ([COURSEID], [CUSTOMERENTITLEMENTID]) VALUES (CAST(3 AS Numeric(18, 0)), CAST(3 AS Numeric(18, 0)))
INSERT [dbo].[COURSECUSTOMERENTITLEMENT] ([COURSEID], [CUSTOMERENTITLEMENTID]) VALUES (CAST(4 AS Numeric(18, 0)), CAST(4 AS Numeric(18, 0)))
INSERT [dbo].[COURSECUSTOMERENTITLEMENT] ([COURSEID], [CUSTOMERENTITLEMENTID]) VALUES (CAST(5 AS Numeric(18, 0)), CAST(5 AS Numeric(18, 0)))
/****** Object:  Table [dbo].[VU360_SEQ]    Script Date: 12/03/2008 20:56:29 ******/
SET ANSI_NULLS ON
GO
SET QUOTED_IDENTIFIER ON
GO
IF NOT EXISTS (SELECT * FROM sys.objects WHERE object_id = OBJECT_ID(N'[dbo].[VU360_SEQ]') AND type in (N'U'))
BEGIN
CREATE TABLE [dbo].[VU360_SEQ](
	[NEXT_ID] [numeric](38, 0) NOT NULL,
	[TABLE_NAME] [varchar](50) COLLATE SQL_Latin1_General_CP1_CI_AS NOT NULL
)
END
GO
INSERT [dbo].[VU360_SEQ] ([NEXT_ID], [TABLE_NAME]) VALUES (CAST(1 AS Numeric(38, 0)), N'LEARNINGSESSION')
INSERT [dbo].[VU360_SEQ] ([NEXT_ID], [TABLE_NAME]) VALUES (CAST(2 AS Numeric(38, 0)), N'VU360USER')
/****** Object:  Table [dbo].[VU360USER]    Script Date: 12/03/2008 20:56:29 ******/
SET ANSI_NULLS ON
GO
SET QUOTED_IDENTIFIER ON
GO
IF NOT EXISTS (SELECT * FROM sys.objects WHERE object_id = OBJECT_ID(N'[dbo].[VU360USER]') AND type in (N'U'))
BEGIN
CREATE TABLE [dbo].[VU360USER](
	[ID] [numeric](38, 0) NOT NULL,
	[ACCEPTEDEULATF] [int] NOT NULL,
	[ACCOUNTNONEXPIREDTF] [int] NOT NULL,
	[ACCOUNTNONLOCKEDTF] [int] NOT NULL,
	[CHANGEPASSWORDONLOGINTF] [int] NOT NULL,
	[CREATEDDATE] [datetime] NOT NULL,
	[CREDENTIALSNONEXPIREDTF] [int] NOT NULL,
	[DOMAIN] [varchar](50) COLLATE SQL_Latin1_General_CP1_CI_AS NULL,
	[EMAILADDRESS] [varchar](50) COLLATE SQL_Latin1_General_CP1_CI_AS NULL,
	[ENABLEDTF] [int] NOT NULL,
	[FIRSTNAME] [varchar](50) COLLATE SQL_Latin1_General_CP1_CI_AS NULL,
	[LASTLOGONDATE] [datetime] NULL,
	[LASTNAME] [varchar](50) COLLATE SQL_Latin1_General_CP1_CI_AS NULL,
	[LASTUPDATEDDATE] [datetime] NULL,
	[NEWUSERTF] [int] NOT NULL,
	[NUMLOGONS] [int] NOT NULL,
	[PASSWORD] [varchar](50) COLLATE SQL_Latin1_General_CP1_CI_AS NULL,
	[USERNAME] [varchar](50) COLLATE SQL_Latin1_General_CP1_CI_AS NULL,
	[USERGUID] [varchar](50) COLLATE SQL_Latin1_General_CP1_CI_AS NULL,
 CONSTRAINT [PK__VU360USER__07F6335A] PRIMARY KEY CLUSTERED 
(
	[ID] ASC
)WITH (IGNORE_DUP_KEY = OFF)
)
END
GO
INSERT [dbo].[VU360USER] ([ID], [ACCEPTEDEULATF], [ACCOUNTNONEXPIREDTF], [ACCOUNTNONLOCKEDTF], [CHANGEPASSWORDONLOGINTF], [CREATEDDATE], [CREDENTIALSNONEXPIREDTF], [DOMAIN], [EMAILADDRESS], [ENABLEDTF], [FIRSTNAME], [LASTLOGONDATE], [LASTNAME], [LASTUPDATEDDATE], [NEWUSERTF], [NUMLOGONS], [PASSWORD], [USERNAME], [USERGUID]) VALUES (CAST(1 AS Numeric(38, 0)), 0, 1, 1, 0, CAST(0x00009B520161841D AS DateTime), 1, NULL, N'jason.burns@360training.com', 1, N'Jason', CAST(0x00009B670116DFA2 AS DateTime), N'Burns', CAST(0x00009B520161841D AS DateTime), 0, 56, N'admin', N'jason', N'1D5831AD-0FB8-4FE6-902B-9FDA356542D3')
/****** Object:  Table [dbo].[ADDRESS]    Script Date: 12/03/2008 20:56:28 ******/
SET ANSI_NULLS ON
GO
SET QUOTED_IDENTIFIER ON
GO
IF NOT EXISTS (SELECT * FROM sys.objects WHERE object_id = OBJECT_ID(N'[dbo].[ADDRESS]') AND type in (N'U'))
BEGIN
CREATE TABLE [dbo].[ADDRESS](
	[ADDRESSID] [numeric](38, 0) NOT NULL,
	[STREETADDRESS] [varchar](50) COLLATE SQL_Latin1_General_CP1_CI_AS NULL,
	[CITY] [varchar](50) COLLATE SQL_Latin1_General_CP1_CI_AS NULL,
	[ZIPCODE] [varchar](50) COLLATE SQL_Latin1_General_CP1_CI_AS NULL,
	[STATE] [varchar](50) COLLATE SQL_Latin1_General_CP1_CI_AS NULL,
 CONSTRAINT [PK_ADDRESS] PRIMARY KEY CLUSTERED 
(
	[ADDRESSID] ASC
)WITH (IGNORE_DUP_KEY = OFF)
)
END
GO
INSERT [dbo].[ADDRESS] ([ADDRESSID], [STREETADDRESS], [CITY], [ZIPCODE], [STATE]) VALUES (CAST(1 AS Numeric(38, 0)), N'NAZRUL ISLAM Ave', N'Kolkata', N'700059', N'WB')
INSERT [dbo].[ADDRESS] ([ADDRESSID], [STREETADDRESS], [CITY], [ZIPCODE], [STATE]) VALUES (CAST(2 AS Numeric(38, 0)), N'VIP ROAD', N'Kolkata', N'700059', N'WB')
/****** Object:  Table [dbo].[ORGANIZATIONALGROUP]    Script Date: 12/03/2008 20:56:29 ******/
SET ANSI_NULLS ON
GO
SET QUOTED_IDENTIFIER ON
GO
IF NOT EXISTS (SELECT * FROM sys.objects WHERE object_id = OBJECT_ID(N'[dbo].[ORGANIZATIONALGROUP]') AND type in (N'U'))
BEGIN
CREATE TABLE [dbo].[ORGANIZATIONALGROUP](
	[ORGANIZATIONALGROUPID] [numeric](38, 0) NOT NULL,
	[NAME] [varchar](50) COLLATE SQL_Latin1_General_CP1_CI_AS NOT NULL,
	[PARENTORGGROUP_ID] [numeric](38, 0) NULL,
	[ROOTORGGROUP_ID] [numeric](38, 0) NULL,
 CONSTRAINT [PK__ORGANIZATIONALGR__6CD828CA] PRIMARY KEY CLUSTERED 
(
	[ORGANIZATIONALGROUPID] ASC
)WITH (IGNORE_DUP_KEY = OFF)
)
END
GO
INSERT [dbo].[ORGANIZATIONALGROUP] ([ORGANIZATIONALGROUPID], [NAME], [PARENTORGGROUP_ID], [ROOTORGGROUP_ID]) VALUES (CAST(1 AS Numeric(38, 0)), N'Tathya', CAST(2 AS Numeric(38, 0)), CAST(2 AS Numeric(38, 0)))
INSERT [dbo].[ORGANIZATIONALGROUP] ([ORGANIZATIONALGROUPID], [NAME], [PARENTORGGROUP_ID], [ROOTORGGROUP_ID]) VALUES (CAST(2 AS Numeric(38, 0)), N'SUPER TATHYA', NULL, NULL)
/****** Object:  Table [dbo].[DISTRIBUTORENTITLEMENT]    Script Date: 12/03/2008 20:56:28 ******/
SET ANSI_NULLS ON
GO
SET QUOTED_IDENTIFIER ON
GO
IF NOT EXISTS (SELECT * FROM sys.objects WHERE object_id = OBJECT_ID(N'[dbo].[DISTRIBUTORENTITLEMENT]') AND type in (N'U'))
BEGIN
CREATE TABLE [dbo].[DISTRIBUTORENTITLEMENT](
	[ID] [numeric](38, 0) NOT NULL,
 CONSTRAINT [PK_DISTRIBUTORENTITLEMENT] PRIMARY KEY CLUSTERED 
(
	[ID] ASC
)WITH (IGNORE_DUP_KEY = OFF)
)
END
GO
INSERT [dbo].[DISTRIBUTORENTITLEMENT] ([ID]) VALUES (CAST(1 AS Numeric(38, 0)))
/****** Object:  Table [dbo].[AUDITEVENT]    Script Date: 12/03/2008 20:56:28 ******/
SET ANSI_NULLS ON
GO
SET QUOTED_IDENTIFIER ON
GO
IF NOT EXISTS (SELECT * FROM sys.objects WHERE object_id = OBJECT_ID(N'[dbo].[AUDITEVENT]') AND type in (N'U'))
BEGIN
CREATE TABLE [dbo].[AUDITEVENT](
	[ID] [numeric](38, 0) NOT NULL,
 CONSTRAINT [PK_AUDITEVENT] PRIMARY KEY CLUSTERED 
(
	[ID] ASC
)WITH (IGNORE_DUP_KEY = OFF)
)
END
GO
/****** Object:  Table [dbo].[BRAND]    Script Date: 12/03/2008 20:56:28 ******/
SET ANSI_NULLS ON
GO
SET QUOTED_IDENTIFIER ON
GO
IF NOT EXISTS (SELECT * FROM sys.objects WHERE object_id = OBJECT_ID(N'[dbo].[BRAND]') AND type in (N'U'))
BEGIN
CREATE TABLE [dbo].[BRAND](
	[BRANDID] [numeric](38, 0) NOT NULL,
	[BRANDKEY] [varchar](50) COLLATE SQL_Latin1_General_CP1_CI_AS NOT NULL,
	[NAME] [varchar](50) COLLATE SQL_Latin1_General_CP1_CI_AS NOT NULL,
 CONSTRAINT [PK__BRAND__72910220] PRIMARY KEY CLUSTERED 
(
	[BRANDID] ASC
)WITH (IGNORE_DUP_KEY = OFF)
)
END
GO
INSERT [dbo].[BRAND] ([BRANDID], [BRANDKEY], [NAME]) VALUES (CAST(1 AS Numeric(38, 0)), N'xxx', N'tathya')
INSERT [dbo].[BRAND] ([BRANDID], [BRANDKEY], [NAME]) VALUES (CAST(2 AS Numeric(38, 0)), N'yyy', N'tathyaDotCom')
/****** Object:  Table [dbo].[COURSE_COURSEGROUP]    Script Date: 12/03/2008 20:56:28 ******/
SET ANSI_NULLS ON
GO
SET QUOTED_IDENTIFIER ON
GO
IF NOT EXISTS (SELECT * FROM sys.objects WHERE object_id = OBJECT_ID(N'[dbo].[COURSE_COURSEGROUP]') AND type in (N'U'))
BEGIN
CREATE TABLE [dbo].[COURSE_COURSEGROUP](
	[COURSEID] [int] NOT NULL,
	[COURSEGROUPID] [int] NOT NULL
)
END
GO
INSERT [dbo].[COURSE_COURSEGROUP] ([COURSEID], [COURSEGROUPID]) VALUES (1, 5)
INSERT [dbo].[COURSE_COURSEGROUP] ([COURSEID], [COURSEGROUPID]) VALUES (2, 5)
INSERT [dbo].[COURSE_COURSEGROUP] ([COURSEID], [COURSEGROUPID]) VALUES (3, 4)
INSERT [dbo].[COURSE_COURSEGROUP] ([COURSEID], [COURSEGROUPID]) VALUES (4, 5)
INSERT [dbo].[COURSE_COURSEGROUP] ([COURSEID], [COURSEGROUPID]) VALUES (5, 5)
/****** Object:  Table [dbo].[ENROLLMENT]    Script Date: 12/03/2008 20:56:28 ******/
SET ANSI_NULLS ON
GO
SET QUOTED_IDENTIFIER ON
GO
IF NOT EXISTS (SELECT * FROM sys.objects WHERE object_id = OBJECT_ID(N'[dbo].[ENROLLMENT]') AND type in (N'U'))
BEGIN
CREATE TABLE [dbo].[ENROLLMENT](
	[ENROLLMENTID] [numeric](38, 0) NOT NULL,
	[ENDDATE] [datetime] NOT NULL,
	[STARTDATE] [datetime] NOT NULL,
 CONSTRAINT [PK__ENROLLMENT__756D6ECB] PRIMARY KEY CLUSTERED 
(
	[ENROLLMENTID] ASC
)WITH (IGNORE_DUP_KEY = OFF)
)
END
GO
/****** Object:  Table [dbo].[LANGUAGE]    Script Date: 12/03/2008 20:56:28 ******/
SET ANSI_NULLS ON
GO
SET QUOTED_IDENTIFIER ON
GO
IF NOT EXISTS (SELECT * FROM sys.objects WHERE object_id = OBJECT_ID(N'[dbo].[LANGUAGE]') AND type in (N'U'))
BEGIN
CREATE TABLE [dbo].[LANGUAGE](
	[LANGUAGEID] [numeric](38, 0) NOT NULL,
	[COUNTRY] [varchar](50) COLLATE SQL_Latin1_General_CP1_CI_AS NULL,
	[LANGUAGE] [varchar](50) COLLATE SQL_Latin1_General_CP1_CI_AS NOT NULL,
	[VARIANT] [varchar](50) COLLATE SQL_Latin1_General_CP1_CI_AS NULL,
 CONSTRAINT [PK__LANGUAGE__00551192] PRIMARY KEY CLUSTERED 
(
	[LANGUAGEID] ASC
)WITH (IGNORE_DUP_KEY = OFF)
)
END
GO
INSERT [dbo].[LANGUAGE] ([LANGUAGEID], [COUNTRY], [LANGUAGE], [VARIANT]) VALUES (CAST(1 AS Numeric(38, 0)), N'India', N'English', N'xx')
/****** Object:  Table [dbo].[DISTRIBUTORDISTRIBUTORGROUP]    Script Date: 12/03/2008 20:56:28 ******/
SET ANSI_NULLS ON
GO
SET QUOTED_IDENTIFIER ON
GO
IF NOT EXISTS (SELECT * FROM sys.objects WHERE object_id = OBJECT_ID(N'[dbo].[DISTRIBUTORDISTRIBUTORGROUP]') AND type in (N'U'))
BEGIN
CREATE TABLE [dbo].[DISTRIBUTORDISTRIBUTORGROUP](
	[DISTRIBUTORID] [numeric](38, 0) NULL,
	[DISTRIBUTORGROUPID] [numeric](38, 0) NULL
)
END
GO
/****** Object:  Table [dbo].[COURSE]    Script Date: 12/03/2008 20:56:28 ******/
SET ANSI_NULLS ON
GO
SET QUOTED_IDENTIFIER ON
GO
IF NOT EXISTS (SELECT * FROM sys.objects WHERE object_id = OBJECT_ID(N'[dbo].[COURSE]') AND type in (N'U'))
BEGIN
CREATE TABLE [dbo].[COURSE](
	[ID] [numeric](38, 0) NOT NULL,
	[GUID] [varchar](16) COLLATE SQL_Latin1_General_CP1_CI_AS NOT NULL,
	[LANGUAGE_ID] [numeric](38, 0) NOT NULL,
	[NAME] [varchar](50) COLLATE SQL_Latin1_General_CP1_CI_AS NOT NULL,
	[VERSION] [varchar](50) COLLATE SQL_Latin1_General_CP1_CI_AS NOT NULL,
	[COURSESTATUS] [varchar](50) COLLATE SQL_Latin1_General_CP1_CI_AS NULL,
	[RETIREDTF] [bit] NULL,
	[KEYWORDS] [varchar](50) COLLATE SQL_Latin1_General_CP1_CI_AS NULL,
	[COURSETYPE] [varchar](50) COLLATE SQL_Latin1_General_CP1_CI_AS NULL,
	[CODE] [varchar](50) COLLATE SQL_Latin1_General_CP1_CI_AS NULL,
	[DESCRIPTION] [varchar](1000) COLLATE SQL_Latin1_General_CP1_CI_AS NULL,
	[IMAGEOFCOURSE] [varchar](1000) COLLATE SQL_Latin1_General_CP1_CI_AS NULL,
	[APPROVEDCOURSEHOURS] [numeric](38, 0) NULL,
	[COURSTYPE_CATEGORY] [varchar](1000) COLLATE SQL_Latin1_General_CP1_CI_AS NULL,
	[DELIVERYMETHOD] [varchar](1000) COLLATE SQL_Latin1_General_CP1_CI_AS NULL,
	[CEUS] [numeric](38, 0) NULL,
	[LEARNINGOBJECTIVES] [varchar](1000) COLLATE SQL_Latin1_General_CP1_CI_AS NULL,
	[TOPICSCOVERED] [varchar](1000) COLLATE SQL_Latin1_General_CP1_CI_AS NULL,
	[QUIZINFO] [varchar](1000) COLLATE SQL_Latin1_General_CP1_CI_AS NULL,
	[FINALEXAMINFO] [varchar](1000) COLLATE SQL_Latin1_General_CP1_CI_AS NULL,
	[COURSEPRE_REQ] [varchar](1000) COLLATE SQL_Latin1_General_CP1_CI_AS NULL,
	[STATE_REGREQ] [varchar](1000) COLLATE SQL_Latin1_General_CP1_CI_AS NULL,
	[ENDOFCOURSEINSTRUCTIONS] [varchar](1000) COLLATE SQL_Latin1_General_CP1_CI_AS NULL,
	[APPROVALNUMBER] [varchar](1000) COLLATE SQL_Latin1_General_CP1_CI_AS NULL,
	[ADDITIONALMATERIALS] [varchar](1000) COLLATE SQL_Latin1_General_CP1_CI_AS NULL,
	[SUBJECTMATTEREXPERTINFO] [varchar](1000) COLLATE SQL_Latin1_General_CP1_CI_AS NULL,
	[PRODUCTPRICE] [money] NULL,
	[CURRENCY] [varchar](1000) COLLATE SQL_Latin1_General_CP1_CI_AS NULL,
	[ORGANIZATIONALGROUPID] [numeric](38, 0) NULL,
	[ORGANIZATIONALGROUPENTITLEMENTID] [numeric](38, 0) NULL,
	[REGULATINGBODY] [varchar](250) COLLATE SQL_Latin1_General_CP1_CI_AS NULL,
	[ASSESMENTS] [varchar](1000) COLLATE SQL_Latin1_General_CP1_CI_AS NULL,
	[COURSEID] [varchar](50) COLLATE SQL_Latin1_General_CP1_CI_AS NULL,
	[COURSEGUIDE] [varchar](50) COLLATE SQL_Latin1_General_CP1_CI_AS NULL,
	[MSRP] [decimal](18, 0) NULL,
 CONSTRAINT [PK__COURSE__1FCDBCEB] PRIMARY KEY CLUSTERED 
(
	[ID] ASC
)WITH (IGNORE_DUP_KEY = OFF)
)
END
GO
INSERT [dbo].[COURSE] ([ID], [GUID], [LANGUAGE_ID], [NAME], [VERSION], [COURSESTATUS], [RETIREDTF], [KEYWORDS], [COURSETYPE], [CODE], [DESCRIPTION], [IMAGEOFCOURSE], [APPROVEDCOURSEHOURS], [COURSTYPE_CATEGORY], [DELIVERYMETHOD], [CEUS], [LEARNINGOBJECTIVES], [TOPICSCOVERED], [QUIZINFO], [FINALEXAMINFO], [COURSEPRE_REQ], [STATE_REGREQ], [ENDOFCOURSEINSTRUCTIONS], [APPROVALNUMBER], [ADDITIONALMATERIALS], [SUBJECTMATTEREXPERTINFO], [PRODUCTPRICE], [CURRENCY], [ORGANIZATIONALGROUPID], [ORGANIZATIONALGROUPENTITLEMENTID], [REGULATINGBODY], [ASSESMENTS], [COURSEID], [COURSEGUIDE], [MSRP]) VALUES (CAST(1 AS Numeric(38, 0)), N'1', CAST(1 AS Numeric(38, 0)), N'Fundamentals of the Mortgage Lending', N'1', N'1', 1, N'1', N'Online', NULL, NULL, NULL, NULL, NULL, NULL, NULL, NULL, NULL, NULL, NULL, NULL, NULL, NULL, NULL, NULL, NULL, NULL, NULL, NULL, NULL, NULL, NULL, N'1', NULL, NULL)
INSERT [dbo].[COURSE] ([ID], [GUID], [LANGUAGE_ID], [NAME], [VERSION], [COURSESTATUS], [RETIREDTF], [KEYWORDS], [COURSETYPE], [CODE], [DESCRIPTION], [IMAGEOFCOURSE], [APPROVEDCOURSEHOURS], [COURSTYPE_CATEGORY], [DELIVERYMETHOD], [CEUS], [LEARNINGOBJECTIVES], [TOPICSCOVERED], [QUIZINFO], [FINALEXAMINFO], [COURSEPRE_REQ], [STATE_REGREQ], [ENDOFCOURSEINSTRUCTIONS], [APPROVALNUMBER], [ADDITIONALMATERIALS], [SUBJECTMATTEREXPERTINFO], [PRODUCTPRICE], [CURRENCY], [ORGANIZATIONALGROUPID], [ORGANIZATIONALGROUPENTITLEMENTID], [REGULATINGBODY], [ASSESMENTS], [COURSEID], [COURSEGUIDE], [MSRP]) VALUES (CAST(2 AS Numeric(38, 0)), N'123', CAST(1 AS Numeric(38, 0)), N'NEC 2008 Wiring and Protection', N'1.1', N'notstarted', 0, N'NEC', N'Online', NULL, N'DESC NEC 2008 Wiring and Protection', N'IMAGEOFCOURSE NEC 2008 Wiring and Protection', CAST(10 AS Numeric(38, 0)), N'COURSTYPE_CATEGORY NEC 2008 Wiring and Protection', N'online', CAST(1 AS Numeric(38, 0)), N'LEARNINGOBJECTIVES NEC 2008 Wiring and Protection', N'TOPICSCOVERED NEC 2008 Wiring and Protection', N'QUIZINFO NEC 2008 Wiring and Protection', N'FINALEXAMINFO NEC 2008 Wiring and Protection', N'COURSEPRE_REQ NEC 2008 Wiring and Protection', N'STATE_REGREQ NEC 2008 Wiring and Protection', N'ENDOFCOURSEINSTRUCTIONS NEC 2008 Wiring and Protection', N'APPROVALNUMBER NEC 2008 Wiring and Protection', N'ADDITIONALMATERIALS NEC 2008 Wiring and Protection', N'SUBJECTMATTEREXPERTINFO NEC 2008 Wiring and Protection', 100.0000, N'$', CAST(1 AS Numeric(38, 0)), CAST(1 AS Numeric(38, 0)), NULL, NULL, N'2', NULL, NULL)
INSERT [dbo].[COURSE] ([ID], [GUID], [LANGUAGE_ID], [NAME], [VERSION], [COURSESTATUS], [RETIREDTF], [KEYWORDS], [COURSETYPE], [CODE], [DESCRIPTION], [IMAGEOFCOURSE], [APPROVEDCOURSEHOURS], [COURSTYPE_CATEGORY], [DELIVERYMETHOD], [CEUS], [LEARNINGOBJECTIVES], [TOPICSCOVERED], [QUIZINFO], [FINALEXAMINFO], [COURSEPRE_REQ], [STATE_REGREQ], [ENDOFCOURSEINSTRUCTIONS], [APPROVALNUMBER], [ADDITIONALMATERIALS], [SUBJECTMATTEREXPERTINFO], [PRODUCTPRICE], [CURRENCY], [ORGANIZATIONALGROUPID], [ORGANIZATIONALGROUPENTITLEMENTID], [REGULATINGBODY], [ASSESMENTS], [COURSEID], [COURSEGUIDE], [MSRP]) VALUES (CAST(3 AS Numeric(38, 0)), N'1043215', CAST(1 AS Numeric(38, 0)), N'NEC 2008 Code Updates', N'1.2', N'inprogress', 0, N'NEC', N'Online', NULL, N'Pires valente dunde ver parsie febregas urbergker veira overmars penzertun gamst shea Un pulzuerg ljumberg zemberk veira overmars penzertun gamst shea. Ver parsie febregas urbergas veira overmars penzrtun gamst shea. Un pulzuerg ljumbergur bergker.', N'IMAGEOFCOURSE NEC 2008 Code Updates', CAST(3 AS Numeric(38, 0)), N'COURSTYPE_CATEGORY NEC 2008 Code Updates', N'Online', CAST(1 AS Numeric(38, 0)), N'<div class="lineContent">
										<br>At the conclusion of this course, you will be able to:
									</div>
									<div class="learningObjective">
											<li>Pires valente dunde ver parsie febregas urbergker veira</li>
											<li>Overmars penzertun gamst shea Un pulzuerg</li>
											<li>Ljumberg zemberk veira overmars penzertun gamst shea. Ver parsie febregas</li>
											<li>Urbergker veira overmars penzertun gamst shea. Un pulzuerg ljumbergur bergker.</li>
									</div>', N'TOPICSCOVERED NEC 2008 Code Updates', N'QUIZINFO NEC 2008 Code Updates', N'Pires valente dunde ver parsie febregas urbergker veira overmars penzertun gamst shea Un pulzuerg ljumberg zemberk veira overmars penzertun gamst shea. Ver parsie febregas urbergas veira overmars penzrtun gamst shea.', N'COURSEPRE_REQ NEC 2008 Code Updates', N'Pires valente dunde ver parsie febregas urbergker veira overmars penzertun gamst shea Un pulzuerg ljumberg zemberk veira overmars penzertun gamst shea. Ver parsie febregas urbergas veira overmars penzrtun gamst shea.
										<br/><br/>Un pulzuerg ljumberg pires valente dunde ver parsie febregas urbergas viera overmars penzertun gamst shea. Ver parsie febregas urbergker veira overmars penzertun gamst shea. Un pulzuerg ljumberg.
										<br/><br/>Ver parsie febregas urbergas viera overmars penzertun gamst shea.', N'Un pulzuerg ljumberg pires valente dunde ver parsie febregas urbergas viera overmars penzertun gamst shea. Ver parsie febregas urbergker veira overmars penzertun gamst shea. Un pulzuerg ljumberg.
										<br/><br/>Ver parsie febregas urbergas viera overmars penzertun gamst shea. ', N'0360930', N'Un pulzuerg ljumberg pires valente dunde ver parsie febregas urbergas viera overmars penzertun gamst shea. Ver parsie febregas urbergker veira overmars penzertun gamst shea. Un pulzuerg ljumberg.
										<br/><br/>Pires valente dunde ver parsie febregas urbergker veira overmars penzertun gamst shea Un pulzuerg ljumberg zemberk veira overmars penzertun gamst shea. Ver parsie febregas urbergas veira overmars penzrtun gamst shea.', N'>Monkious Eatalotis', 200.0000, N'$', CAST(1 AS Numeric(38, 0)), CAST(1 AS Numeric(38, 0)), N'Austin Powers', N'The course consists of 4 Lesson assesments. In order to complete the course, you need to successfully pass each assesment with at least 70% marks. Ubtun pulzger berkemp. Kilo funeral ljumber.', N'3', NULL, NULL)
INSERT [dbo].[COURSE] ([ID], [GUID], [LANGUAGE_ID], [NAME], [VERSION], [COURSESTATUS], [RETIREDTF], [KEYWORDS], [COURSETYPE], [CODE], [DESCRIPTION], [IMAGEOFCOURSE], [APPROVEDCOURSEHOURS], [COURSTYPE_CATEGORY], [DELIVERYMETHOD], [CEUS], [LEARNINGOBJECTIVES], [TOPICSCOVERED], [QUIZINFO], [FINALEXAMINFO], [COURSEPRE_REQ], [STATE_REGREQ], [ENDOFCOURSEINSTRUCTIONS], [APPROVALNUMBER], [ADDITIONALMATERIALS], [SUBJECTMATTEREXPERTINFO], [PRODUCTPRICE], [CURRENCY], [ORGANIZATIONALGROUPID], [ORGANIZATIONALGROUPENTITLEMENTID], [REGULATINGBODY], [ASSESMENTS], [COURSEID], [COURSEGUIDE], [MSRP]) VALUES (CAST(4 AS Numeric(38, 0)), N'4455', CAST(1 AS Numeric(38, 0)), N'OSHA 10 Hour Construction Course', N'1.4', N'locked', 0, N'OSHA', N'CD/DVD', NULL, N'DESC OSHA 10 Hour Construction Course', N'IMAGEOFCOURSE OSHA 10 Hour Construction Course', CAST(14 AS Numeric(38, 0)), N'COURSTYPE_CATEGORY OSHA 10 Hour Construction Course', N'online', CAST(1 AS Numeric(38, 0)), N'LEARNINGOBJECTIVES OSHA 10 Hour Construction Course', N'TOPICSCOVERED OSHA 10 Hour Construction Course', N'QUIZINFO OSHA 10 Hour Construction Course', N'FINALEXAMINFO OSHA 10 Hour Construction Course', N'COURSEPRE_REQ OSHA 10 Hour Construction Course', N'STATE_REGREQ OSHA 10 Hour Construction Course', N'ENDOFCOURSEINSTRUCTIONS OSHA 10 Hour Construction Course', N'APPROVALNUMBER OSHA 10 Hour Construction Course', N'ADDITIONALMATERIALS OSHA 10 Hour Construction Course', N'SUBJECTMATTEREXPERTINFO OSHA 10 Hour Construction Course', 250.0000, N'$', CAST(1 AS Numeric(38, 0)), CAST(1 AS Numeric(38, 0)), NULL, NULL, N'4', NULL, NULL)
INSERT [dbo].[COURSE] ([ID], [GUID], [LANGUAGE_ID], [NAME], [VERSION], [COURSESTATUS], [RETIREDTF], [KEYWORDS], [COURSETYPE], [CODE], [DESCRIPTION], [IMAGEOFCOURSE], [APPROVEDCOURSEHOURS], [COURSTYPE_CATEGORY], [DELIVERYMETHOD], [CEUS], [LEARNINGOBJECTIVES], [TOPICSCOVERED], [QUIZINFO], [FINALEXAMINFO], [COURSEPRE_REQ], [STATE_REGREQ], [ENDOFCOURSEINSTRUCTIONS], [APPROVALNUMBER], [ADDITIONALMATERIALS], [SUBJECTMATTEREXPERTINFO], [PRODUCTPRICE], [CURRENCY], [ORGANIZATIONALGROUPID], [ORGANIZATIONALGROUPENTITLEMENTID], [REGULATINGBODY], [ASSESMENTS], [COURSEID], [COURSEGUIDE], [MSRP]) VALUES (CAST(5 AS Numeric(38, 0)), N'4665', CAST(1 AS Numeric(38, 0)), N'OSHA 30 Hour Construction Course', N'1.5', N'completed', 0, N'OSHA', N'Course Group', NULL, N'DESC OSHA 30 Hour Construction Course', N'IMAGEOFCOURSE OSHA 30 Hour Construction Course', CAST(30 AS Numeric(38, 0)), N'COURSTYPE_CATEGORY OSHA 30 Hour Construction Course', N'online', CAST(1 AS Numeric(38, 0)), N'LEARNINGOBJECTIVES OSHA 30 Hour Construction Course', N'TOPICSCOVERED OSHA 30 Hour Construction Course', N'QUIZINFO OSHA 30 Hour Construction Course', N'FINALEXAMINFO OSHA 30 Hour Construction Course', N'COURSEPRE_REQ OSHA 30 Hour Construction Course', N'STATE_REGREQ OSHA 30 Hour Construction Course', N'ENDOFCOURSEINSTRUCTIONS OSHA 30 Hour Construction Course', N'APPROVALNUMBER OSHA 30 Hour Construction Course', N'ADDITIONALMATERIALS OSHA 30 Hour Construction Course', N'SUBJECTMATTEREXPERTINFO OSHA 30 Hour Construction Course', 350.0000, N'$', CAST(1 AS Numeric(38, 0)), CAST(1 AS Numeric(38, 0)), NULL, NULL, N'5', NULL, NULL)
/****** Object:  Table [dbo].[DISTRIBUTORGROUP]    Script Date: 12/03/2008 20:56:28 ******/
SET ANSI_NULLS ON
GO
SET QUOTED_IDENTIFIER ON
GO
IF NOT EXISTS (SELECT * FROM sys.objects WHERE object_id = OBJECT_ID(N'[dbo].[DISTRIBUTORGROUP]') AND type in (N'U'))
BEGIN
CREATE TABLE [dbo].[DISTRIBUTORGROUP](
	[DISTRIBUTORGROUPID] [numeric](38, 0) NOT NULL,
	[BRAND_ID] [numeric](38, 0) NULL,
	[NAME] [varchar](50) COLLATE SQL_Latin1_General_CP1_CI_AS NOT NULL,
	[DISTRIBUTOR] [numeric](38, 0) NULL,
 CONSTRAINT [PK__DISTRIBUTORGROUP__0DAF0CB0] PRIMARY KEY CLUSTERED 
(
	[DISTRIBUTORGROUPID] ASC
)WITH (IGNORE_DUP_KEY = OFF)
)
END
GO
/****** Object:  Table [dbo].[DISTRIBUTOR]    Script Date: 12/03/2008 20:56:28 ******/
SET ANSI_NULLS ON
GO
SET QUOTED_IDENTIFIER ON
GO
IF NOT EXISTS (SELECT * FROM sys.objects WHERE object_id = OBJECT_ID(N'[dbo].[DISTRIBUTOR]') AND type in (N'U'))
BEGIN
CREATE TABLE [dbo].[DISTRIBUTOR](
	[DISTRIBUTORID] [numeric](38, 0) NOT NULL,
	[BRAND_ID] [numeric](38, 0) NULL,
	[DISTRIBUTORGROUP_ID] [numeric](38, 0) NULL,
	[NAME] [varchar](50) COLLATE SQL_Latin1_General_CP1_CI_AS NOT NULL,
	[STREETADDRESS] [varchar](50) COLLATE SQL_Latin1_General_CP1_CI_AS NULL,
	[CITY] [varchar](50) COLLATE SQL_Latin1_General_CP1_CI_AS NULL,
	[STATE] [varchar](50) COLLATE SQL_Latin1_General_CP1_CI_AS NULL,
	[ZIPCODE] [varchar](50) COLLATE SQL_Latin1_General_CP1_CI_AS NULL,
	[EMAIL] [varchar](50) COLLATE SQL_Latin1_General_CP1_CI_AS NULL,
	[CONTACTPERSON] [varchar](50) COLLATE SQL_Latin1_General_CP1_CI_AS NULL,
	[WEBSITE] [varchar](50) COLLATE SQL_Latin1_General_CP1_CI_AS NULL,
	[STATUS] [varchar](50) COLLATE SQL_Latin1_General_CP1_CI_AS NULL,
 CONSTRAINT [PK__DISTRIBUTOR__7C8480AE] PRIMARY KEY CLUSTERED 
(
	[DISTRIBUTORID] ASC
)WITH (IGNORE_DUP_KEY = OFF)
)
END
GO
/****** Object:  Table [dbo].[CUSTOMER]    Script Date: 12/03/2008 20:56:28 ******/
SET ANSI_NULLS ON
GO
SET QUOTED_IDENTIFIER ON
GO
IF NOT EXISTS (SELECT * FROM sys.objects WHERE object_id = OBJECT_ID(N'[dbo].[CUSTOMER]') AND type in (N'U'))
BEGIN
CREATE TABLE [dbo].[CUSTOMER](
	[CUSTOMERID] [numeric](38, 0) NOT NULL,
	[BRAND_ID] [numeric](38, 0) NULL,
	[NAME] [varchar](50) COLLATE SQL_Latin1_General_CP1_CI_AS NOT NULL,
	[STREETADDRESS] [varchar](50) COLLATE SQL_Latin1_General_CP1_CI_AS NULL,
	[CITY] [varchar](50) COLLATE SQL_Latin1_General_CP1_CI_AS NULL,
	[ZIPCODE] [varchar](50) COLLATE SQL_Latin1_General_CP1_CI_AS NULL,
	[EMAIL] [varchar](50) COLLATE SQL_Latin1_General_CP1_CI_AS NULL,
	[CONTACTPERSON] [varchar](50) COLLATE SQL_Latin1_General_CP1_CI_AS NULL,
	[STATUS] [varchar](50) COLLATE SQL_Latin1_General_CP1_CI_AS NULL,
	[BILLINGADDRESSID] [numeric](38, 0) NULL,
	[SHIPPINGADDRESSID] [numeric](38, 0) NULL,
	[DISTRIBUTORID] [numeric](38, 0) NULL,
	[ORGANIZATIONALGROUPID] [numeric](38, 0) NULL,
 CONSTRAINT [PK__CUSTOMER__060DEAE8] PRIMARY KEY CLUSTERED 
(
	[CUSTOMERID] ASC
)WITH (IGNORE_DUP_KEY = OFF)
)
END
GO
INSERT [dbo].[CUSTOMER] ([CUSTOMERID], [BRAND_ID], [NAME], [STREETADDRESS], [CITY], [ZIPCODE], [EMAIL], [CONTACTPERSON], [STATUS], [BILLINGADDRESSID], [SHIPPINGADDRESSID], [DISTRIBUTORID], [ORGANIZATIONALGROUPID]) VALUES (CAST(1 AS Numeric(38, 0)), CAST(1 AS Numeric(38, 0)), N'Tathya', N'VIP Road', NULL, NULL, NULL, NULL, NULL, NULL, NULL, NULL, NULL)
/****** Object:  Table [dbo].[LEARNER]    Script Date: 12/03/2008 20:56:28 ******/
SET ANSI_NULLS ON
GO
SET QUOTED_IDENTIFIER ON
GO
IF NOT EXISTS (SELECT * FROM sys.objects WHERE object_id = OBJECT_ID(N'[dbo].[LEARNER]') AND type in (N'U'))
BEGIN
CREATE TABLE [dbo].[LEARNER](
	[LEARNERID] [numeric](38, 0) NOT NULL,
	[VU360USER_ID] [numeric](38, 0) NOT NULL,
	[LEARNERNAME] [varchar](50) COLLATE SQL_Latin1_General_CP1_CI_AS NULL,
	[EMAIL] [varchar](50) COLLATE SQL_Latin1_General_CP1_CI_AS NULL,
	[ADDRESS] [varchar](50) COLLATE SQL_Latin1_General_CP1_CI_AS NULL,
	[CITY] [varchar](50) COLLATE SQL_Latin1_General_CP1_CI_AS NULL,
	[PROVINCE/STATE] [varchar](50) COLLATE SQL_Latin1_General_CP1_CI_AS NULL,
	[POSTALCODE/ZIP] [varchar](50) COLLATE SQL_Latin1_General_CP1_CI_AS NULL,
	[CUSTOMER_ID] [numeric](38, 0) NULL,
	[ORGANIZATIONALGROUPID] [numeric](38, 0) NULL,
 CONSTRAINT [PK__LEARNER__04AFB25B] PRIMARY KEY CLUSTERED 
(
	[LEARNERID] ASC
)WITH (IGNORE_DUP_KEY = OFF)
)
END
GO
INSERT [dbo].[LEARNER] ([LEARNERID], [VU360USER_ID], [LEARNERNAME], [EMAIL], [ADDRESS], [CITY], [PROVINCE/STATE], [POSTALCODE/ZIP], [CUSTOMER_ID], [ORGANIZATIONALGROUPID]) VALUES (CAST(1 AS Numeric(38, 0)), CAST(1 AS Numeric(38, 0)), N'Tapas', N'tapas@tathya.com', NULL, NULL, NULL, NULL, CAST(1 AS Numeric(38, 0)), CAST(1 AS Numeric(38, 0)))
/****** Object:  Table [dbo].[CUSTOMERENTITLEMENT]    Script Date: 12/03/2008 20:56:28 ******/
SET ANSI_NULLS ON
GO
SET QUOTED_IDENTIFIER ON
GO
IF NOT EXISTS (SELECT * FROM sys.objects WHERE object_id = OBJECT_ID(N'[dbo].[CUSTOMERENTITLEMENT]') AND type in (N'U'))
BEGIN
CREATE TABLE [dbo].[CUSTOMERENTITLEMENT](
	[DISTRIBUTORID] [numeric](38, 0) NULL,
	[CUSTOMERID] [numeric](38, 0) NULL,
	[COURSEID] [numeric](38, 0) NULL,
	[CUSTOMERENTITLEMENTID] [numeric](38, 0) NOT NULL,
	[SEATS] [numeric](38, 0) NOT NULL,
	[ALLOWSELFENROLLMENTTF] [bit] NULL,
	[ALLOWUNLIMITEDENROLLMENTS] [bit] NULL,
 CONSTRAINT [PK_CUSTOMERENTITLEMENT] PRIMARY KEY CLUSTERED 
(
	[CUSTOMERENTITLEMENTID] ASC
)WITH (IGNORE_DUP_KEY = OFF)
)
END
GO
INSERT [dbo].[CUSTOMERENTITLEMENT] ([DISTRIBUTORID], [CUSTOMERID], [COURSEID], [CUSTOMERENTITLEMENTID], [SEATS], [ALLOWSELFENROLLMENTTF], [ALLOWUNLIMITEDENROLLMENTS]) VALUES (CAST(1 AS Numeric(38, 0)), CAST(1 AS Numeric(38, 0)), CAST(1 AS Numeric(38, 0)), CAST(1 AS Numeric(38, 0)), CAST(10 AS Numeric(38, 0)), 1, NULL)
INSERT [dbo].[CUSTOMERENTITLEMENT] ([DISTRIBUTORID], [CUSTOMERID], [COURSEID], [CUSTOMERENTITLEMENTID], [SEATS], [ALLOWSELFENROLLMENTTF], [ALLOWUNLIMITEDENROLLMENTS]) VALUES (CAST(1 AS Numeric(38, 0)), CAST(1 AS Numeric(38, 0)), CAST(2 AS Numeric(38, 0)), CAST(2 AS Numeric(38, 0)), CAST(15 AS Numeric(38, 0)), 1, NULL)
INSERT [dbo].[CUSTOMERENTITLEMENT] ([DISTRIBUTORID], [CUSTOMERID], [COURSEID], [CUSTOMERENTITLEMENTID], [SEATS], [ALLOWSELFENROLLMENTTF], [ALLOWUNLIMITEDENROLLMENTS]) VALUES (CAST(1 AS Numeric(38, 0)), CAST(1 AS Numeric(38, 0)), CAST(3 AS Numeric(38, 0)), CAST(3 AS Numeric(38, 0)), CAST(7 AS Numeric(38, 0)), 1, NULL)
INSERT [dbo].[CUSTOMERENTITLEMENT] ([DISTRIBUTORID], [CUSTOMERID], [COURSEID], [CUSTOMERENTITLEMENTID], [SEATS], [ALLOWSELFENROLLMENTTF], [ALLOWUNLIMITEDENROLLMENTS]) VALUES (CAST(1 AS Numeric(38, 0)), CAST(1 AS Numeric(38, 0)), CAST(4 AS Numeric(38, 0)), CAST(4 AS Numeric(38, 0)), CAST(8 AS Numeric(38, 0)), 1, NULL)
INSERT [dbo].[CUSTOMERENTITLEMENT] ([DISTRIBUTORID], [CUSTOMERID], [COURSEID], [CUSTOMERENTITLEMENTID], [SEATS], [ALLOWSELFENROLLMENTTF], [ALLOWUNLIMITEDENROLLMENTS]) VALUES (CAST(1 AS Numeric(38, 0)), CAST(1 AS Numeric(38, 0)), CAST(5 AS Numeric(38, 0)), CAST(5 AS Numeric(38, 0)), CAST(5 AS Numeric(38, 0)), 1, NULL)
/****** Object:  Table [dbo].[COURSEGROUP]    Script Date: 12/03/2008 20:56:28 ******/
SET ANSI_NULLS ON
GO
SET QUOTED_IDENTIFIER ON
GO
IF NOT EXISTS (SELECT * FROM sys.objects WHERE object_id = OBJECT_ID(N'[dbo].[COURSEGROUP]') AND type in (N'U'))
BEGIN
CREATE TABLE [dbo].[COURSEGROUP](
	[COURSEGROUPID] [numeric](38, 0) NOT NULL,
	[NAME] [varchar](50) COLLATE SQL_Latin1_General_CP1_CI_AS NOT NULL,
	[PARENTCOURSEGROUP_ID] [numeric](38, 0) NULL,
	[CUSTOMERID] [numeric](38, 0) NULL,
	[CUSTOMERENTITLEMENTID] [numeric](38, 0) NULL,
	[DISTRIBUTORENTITLEMENTID] [numeric](38, 0) NULL,
	[ROOTCOURSEGROUP_ID] [numeric](38, 0) NULL,
	[DESCRIPTION] [nvarchar](max) COLLATE SQL_Latin1_General_CP1_CI_AS NULL,
 CONSTRAINT [PK__COURSEGROUP__1B0907CE] PRIMARY KEY CLUSTERED 
(
	[COURSEGROUPID] ASC
)WITH (IGNORE_DUP_KEY = OFF)
)
END
GO
INSERT [dbo].[COURSEGROUP] ([COURSEGROUPID], [NAME], [PARENTCOURSEGROUP_ID], [CUSTOMERID], [CUSTOMERENTITLEMENTID], [DISTRIBUTORENTITLEMENTID], [ROOTCOURSEGROUP_ID], [DESCRIPTION]) VALUES (CAST(1 AS Numeric(38, 0)), N'OSHA-101 Certification', NULL, CAST(1 AS Numeric(38, 0)), CAST(1 AS Numeric(38, 0)), CAST(1 AS Numeric(38, 0)), CAST(1 AS Numeric(38, 0)), NULL)
INSERT [dbo].[COURSEGROUP] ([COURSEGROUPID], [NAME], [PARENTCOURSEGROUP_ID], [CUSTOMERID], [CUSTOMERENTITLEMENTID], [DISTRIBUTORENTITLEMENTID], [ROOTCOURSEGROUP_ID], [DESCRIPTION]) VALUES (CAST(3 AS Numeric(38, 0)), N'Real Estate', NULL, CAST(1 AS Numeric(38, 0)), CAST(1 AS Numeric(38, 0)), CAST(1 AS Numeric(38, 0)), CAST(3 AS Numeric(38, 0)), NULL)
INSERT [dbo].[COURSEGROUP] ([COURSEGROUPID], [NAME], [PARENTCOURSEGROUP_ID], [CUSTOMERID], [CUSTOMERENTITLEMENTID], [DISTRIBUTORENTITLEMENTID], [ROOTCOURSEGROUP_ID], [DESCRIPTION]) VALUES (CAST(4 AS Numeric(38, 0)), N'Pre-Licensing', CAST(3 AS Numeric(38, 0)), CAST(1 AS Numeric(38, 0)), CAST(1 AS Numeric(38, 0)), CAST(1 AS Numeric(38, 0)), CAST(3 AS Numeric(38, 0)), NULL)
INSERT [dbo].[COURSEGROUP] ([COURSEGROUPID], [NAME], [PARENTCOURSEGROUP_ID], [CUSTOMERID], [CUSTOMERENTITLEMENTID], [DISTRIBUTORENTITLEMENTID], [ROOTCOURSEGROUP_ID], [DESCRIPTION]) VALUES (CAST(5 AS Numeric(38, 0)), N'All States', CAST(4 AS Numeric(38, 0)), CAST(1 AS Numeric(38, 0)), CAST(1 AS Numeric(38, 0)), CAST(1 AS Numeric(38, 0)), CAST(3 AS Numeric(38, 0)), NULL)
/****** Object:  Table [dbo].[LEARNERENROLLMENT]    Script Date: 12/03/2008 20:56:28 ******/
SET ANSI_NULLS ON
GO
SET QUOTED_IDENTIFIER ON
GO
IF NOT EXISTS (SELECT * FROM sys.objects WHERE object_id = OBJECT_ID(N'[dbo].[LEARNERENROLLMENT]') AND type in (N'U'))
BEGIN
CREATE TABLE [dbo].[LEARNERENROLLMENT](
	[LEARNERENROLLMENTID] [numeric](38, 0) NOT NULL,
	[ENROLLMENTDATE] [datetime] NULL,
	[COURSESTARTDATE] [datetime] NULL,
	[ENROLLMENTSTATUS] [varchar](50) COLLATE SQL_Latin1_General_CP1_CI_AS NULL,
	[CUSTOMERENTITLEMENTID] [numeric](38, 0) NULL,
	[LEARNERID] [numeric](38, 0) NULL,
	[COURSEID] [numeric](38, 0) NULL,
	[COURSEGROUPID] [numeric](38, 0) NULL,
 CONSTRAINT [PK_LEARNERENROLLMENT] PRIMARY KEY CLUSTERED 
(
	[LEARNERENROLLMENTID] ASC
)WITH (IGNORE_DUP_KEY = OFF)
)
END
GO
INSERT [dbo].[LEARNERENROLLMENT] ([LEARNERENROLLMENTID], [ENROLLMENTDATE], [COURSESTARTDATE], [ENROLLMENTSTATUS], [CUSTOMERENTITLEMENTID], [LEARNERID], [COURSEID], [COURSEGROUPID]) VALUES (CAST(1 AS Numeric(38, 0)), CAST(0x00009B5800C876AD AS DateTime), CAST(0x00009B7000000000 AS DateTime), N'expired', CAST(1 AS Numeric(38, 0)), CAST(1 AS Numeric(38, 0)), CAST(1 AS Numeric(38, 0)), CAST(1 AS Numeric(38, 0)))
INSERT [dbo].[LEARNERENROLLMENT] ([LEARNERENROLLMENTID], [ENROLLMENTDATE], [COURSESTARTDATE], [ENROLLMENTSTATUS], [CUSTOMERENTITLEMENTID], [LEARNERID], [COURSEID], [COURSEGROUPID]) VALUES (CAST(2 AS Numeric(38, 0)), CAST(0x00009B5800C876B6 AS DateTime), CAST(0x00009B6600000000 AS DateTime), N'active', CAST(2 AS Numeric(38, 0)), CAST(1 AS Numeric(38, 0)), CAST(2 AS Numeric(38, 0)), CAST(1 AS Numeric(38, 0)))
INSERT [dbo].[LEARNERENROLLMENT] ([LEARNERENROLLMENTID], [ENROLLMENTDATE], [COURSESTARTDATE], [ENROLLMENTSTATUS], [CUSTOMERENTITLEMENTID], [LEARNERID], [COURSEID], [COURSEGROUPID]) VALUES (CAST(3 AS Numeric(38, 0)), CAST(0x00009B4700000000 AS DateTime), CAST(0x00009B5000000000 AS DateTime), N'active', CAST(3 AS Numeric(38, 0)), CAST(1 AS Numeric(38, 0)), CAST(3 AS Numeric(38, 0)), CAST(1 AS Numeric(38, 0)))
INSERT [dbo].[LEARNERENROLLMENT] ([LEARNERENROLLMENTID], [ENROLLMENTDATE], [COURSESTARTDATE], [ENROLLMENTSTATUS], [CUSTOMERENTITLEMENTID], [LEARNERID], [COURSEID], [COURSEGROUPID]) VALUES (CAST(4 AS Numeric(38, 0)), CAST(0x00009B4700000000 AS DateTime), CAST(0x00009B5000000000 AS DateTime), N'active', CAST(5 AS Numeric(38, 0)), CAST(1 AS Numeric(38, 0)), CAST(5 AS Numeric(38, 0)), CAST(1 AS Numeric(38, 0)))
/****** Object:  Table [dbo].[LEARNINGSESSION]    Script Date: 12/03/2008 20:56:29 ******/
SET ANSI_NULLS ON
GO
SET QUOTED_IDENTIFIER ON
GO
IF NOT EXISTS (SELECT * FROM sys.objects WHERE object_id = OBJECT_ID(N'[dbo].[LEARNINGSESSION]') AND type in (N'U'))
BEGIN
CREATE TABLE [dbo].[LEARNINGSESSION](
	[ID] [numeric](38, 0) NOT NULL,
	[COURSEID] [numeric](38, 0) NULL,
	[ENROLLMENTID] [numeric](38, 0) NULL,
	[LEARNERID] [numeric](38, 0) NULL,
	[LEARNINGSESSIONID] [varchar](50) COLLATE SQL_Latin1_General_CP1_CI_AS NULL,
	[UNIQUEUSERGUID] [varchar](50) COLLATE SQL_Latin1_General_CP1_CI_AS NULL,
	[SESSIONSTARTDATETIME] [datetime] NULL,
	[SESSIONENDDATETIME] [datetime] NULL,
	[STRINGCOURSEID] [varchar](50) COLLATE SQL_Latin1_General_CP1_CI_AS NOT NULL,
 CONSTRAINT [PK_LEARNINGSESSION] PRIMARY KEY CLUSTERED 
(
	[ID] ASC
)WITH (IGNORE_DUP_KEY = OFF)
)
END
GO
/*INSERT [dbo].[LEARNINGSESSION] ([ID], [COURSEID], [ENROLLMENTID], [LEARNERID], [LEARNINGSESSIONID], [UNIQUEUSERGUID], [SESSIONSTARTDATETIME], [SESSIONENDDATETIME], [STRINGCOURSEID]) VALUES (CAST(52 AS Numeric(38, 0)), NULL, NULL, NULL, N'16f37adf-2cf7-4a39-8fb1-ba7a236b75fd', N'b595c5e6-9ffd-4357-9f33-5f73f78240b9', CAST(0x0005BC1B01380A79 AS DateTime), NULL, N'3')
INSERT [dbo].[LEARNINGSESSION] ([ID], [COURSEID], [ENROLLMENTID], [LEARNERID], [LEARNINGSESSIONID], [UNIQUEUSERGUID], [SESSIONSTARTDATETIME], [SESSIONENDDATETIME], [STRINGCOURSEID]) VALUES (CAST(102 AS Numeric(38, 0)), NULL, NULL, NULL, N'e2956209-8c90-4318-b4d0-e0ffc7adc217', N'0e4ff50f-98d8-457d-8c2e-32ea93094764', CAST(0x0005BF8B0172B63D AS DateTime), NULL, N'3')
INSERT [dbo].[LEARNINGSESSION] ([ID], [COURSEID], [ENROLLMENTID], [LEARNERID], [LEARNINGSESSIONID], [UNIQUEUSERGUID], [SESSIONSTARTDATETIME], [SESSIONENDDATETIME], [STRINGCOURSEID]) VALUES (CAST(152 AS Numeric(38, 0)), NULL, NULL, NULL, N'8da08ccc-696e-4ba8-8a71-66dea97c7d50', N'0e6adf11-97b6-4c86-81e2-c13716d76957', CAST(0x00048AA100C136E0 AS DateTime), NULL, N'3')
INSERT [dbo].[LEARNINGSESSION] ([ID], [COURSEID], [ENROLLMENTID], [LEARNERID], [LEARNINGSESSIONID], [UNIQUEUSERGUID], [SESSIONSTARTDATETIME], [SESSIONENDDATETIME], [STRINGCOURSEID]) VALUES (CAST(202 AS Numeric(38, 0)), NULL, NULL, NULL, N'129946ac-9545-45b4-96e7-a90334af21cb', N'13a4bab6-91d1-4641-8ab7-191d10d80c2e', CAST(0x00042F6D00BB1634 AS DateTime), NULL, N'3')
INSERT [dbo].[LEARNINGSESSION] ([ID], [COURSEID], [ENROLLMENTID], [LEARNERID], [LEARNINGSESSIONID], [UNIQUEUSERGUID], [SESSIONSTARTDATETIME], [SESSIONENDDATETIME], [STRINGCOURSEID]) VALUES (CAST(252 AS Numeric(38, 0)), NULL, NULL, NULL, N'a3a45065-dfba-4693-b20f-6de3b4ebfdc5', N'861d980a-2c62-43b4-aafb-d71e10e8bab1', CAST(0x00018E7200A2913B AS DateTime), NULL, N'3')
INSERT [dbo].[LEARNINGSESSION] ([ID], [COURSEID], [ENROLLMENTID], [LEARNERID], [LEARNINGSESSIONID], [UNIQUEUSERGUID], [SESSIONSTARTDATETIME], [SESSIONENDDATETIME], [STRINGCOURSEID]) VALUES (CAST(302 AS Numeric(38, 0)), NULL, NULL, NULL, N'94ab2d5b-605c-4f9a-9879-4ba89a22eb65', N'df82d775-b849-4e49-acc0-6ade8efa735f', CAST(0x0001963C018A5339 AS DateTime), NULL, N'3')
INSERT [dbo].[LEARNINGSESSION] ([ID], [COURSEID], [ENROLLMENTID], [LEARNERID], [LEARNINGSESSIONID], [UNIQUEUSERGUID], [SESSIONSTARTDATETIME], [SESSIONENDDATETIME], [STRINGCOURSEID]) VALUES (CAST(352 AS Numeric(38, 0)), NULL, NULL, NULL, N'ac17816b-64ba-4a94-a6e8-4dd6e8be5a0b', NULL, CAST(0x0001BCCA007217B7 AS DateTime), NULL, N'1')
INSERT [dbo].[LEARNINGSESSION] ([ID], [COURSEID], [ENROLLMENTID], [LEARNERID], [LEARNINGSESSIONID], [UNIQUEUSERGUID], [SESSIONSTARTDATETIME], [SESSIONENDDATETIME], [STRINGCOURSEID]) VALUES (CAST(402 AS Numeric(38, 0)), NULL, NULL, NULL, N'953ed62a-6178-4c4f-8410-1936e0d68db2', N'11b2bd4e-ffdb-4010-8a70-c95bea855e2a', CAST(0x0000726E014A1F10 AS DateTime), NULL, N'3')
INSERT [dbo].[LEARNINGSESSION] ([ID], [COURSEID], [ENROLLMENTID], [LEARNERID], [LEARNINGSESSIONID], [UNIQUEUSERGUID], [SESSIONSTARTDATETIME], [SESSIONENDDATETIME], [STRINGCOURSEID]) VALUES (CAST(452 AS Numeric(38, 0)), NULL, NULL, NULL, N'6707194b-fbe1-45d6-970a-057366c7461c', N'8112807e-8572-4b0f-ad70-580ce2afa214', CAST(0x0000903D001DB778 AS DateTime), NULL, N'3')
INSERT [dbo].[LEARNINGSESSION] ([ID], [COURSEID], [ENROLLMENTID], [LEARNERID], [LEARNINGSESSIONID], [UNIQUEUSERGUID], [SESSIONSTARTDATETIME], [SESSIONENDDATETIME], [STRINGCOURSEID]) VALUES (CAST(502 AS Numeric(38, 0)), NULL, NULL, NULL, N'5ffc2e16-4a89-4f13-b304-ac2265dabad0', N'0d61a874-fb06-4e10-ad5b-b0dd28034ac3', CAST(0x000533500019D6A6 AS DateTime), NULL, N'3')
INSERT [dbo].[LEARNINGSESSION] ([ID], [COURSEID], [ENROLLMENTID], [LEARNERID], [LEARNINGSESSIONID], [UNIQUEUSERGUID], [SESSIONSTARTDATETIME], [SESSIONENDDATETIME], [STRINGCOURSEID]) VALUES (CAST(552 AS Numeric(38, 0)), NULL, NULL, NULL, N'431de34d-e2e3-4990-b75a-c39fd13d9cf5', N'a275dc3b-2168-42ad-84e7-fb48c1e4a3b7', CAST(0x00044F2600683490 AS DateTime), NULL, N'3')
*/
/****** Object:  Table [dbo].[LEARNERCOURSESTATISTICS]    Script Date: 12/03/2008 20:56:28 ******/
SET ANSI_NULLS ON
GO
SET QUOTED_IDENTIFIER ON
GO
IF NOT EXISTS (SELECT * FROM sys.objects WHERE object_id = OBJECT_ID(N'[dbo].[LEARNERCOURSESTATISTICS]') AND type in (N'U'))
BEGIN
CREATE TABLE [dbo].[LEARNERCOURSESTATISTICS](
	[LEARNERID] [numeric](38, 0) NOT NULL,
	[LEARNERENROLLMENTID] [numeric](38, 0) NOT NULL,
	[AVERAGEPOSTTESTSCORE] [float] NULL,
	[AVERAGEQUIZSCORE] [float] NULL,
	[COMPLETED] [bit] NULL,
	[COMPLETIONDATE] [datetime] NULL,
	[FIRSTACCESSDATE] [datetime] NULL,
	[FIRSTPOSTTESTDATE] [datetime] NULL,
	[FIRSTQUIZDATE] [datetime] NULL,
	[HEIGHESTPOSTTESTSCORE] [float] NULL,
	[HIGHESTQUIZSCORE] [float] NULL,
	[LASTACCESSDATE] [datetime] NULL,
	[LASTPOSTTESTDATE] [datetime] NULL,
	[LASTQUIZDATE] [datetime] NULL,
	[LAUNCHESACCRUED] [numeric](38, 0) NULL,
	[LOWESTPOSTTESTSCORE] [float] NULL,
	[LOWESTQUIZSCORE] [float] NULL,
	[NUMBERPOSTTESTSTAKEN] [numeric](38, 0) NULL,
	[NUMBERQUIZESTAKEN] [float] NULL,
	[PERCENTCOMPLETE] [numeric](38, 0) NULL,
	[PRETESTDATE] [datetime] NULL,
	[PRETESTSCORE] [float] NULL,
	[STATUS] [varchar](50) COLLATE SQL_Latin1_General_CP1_CI_AS NOT NULL,
	[TOTALTIMEINSECONDS] [numeric](38, 0) NOT NULL,
	[LEARNERCOURSESTATISTICSID] [numeric](38, 0) NOT NULL,
 CONSTRAINT [PK_LEARNERCOURSESTATISTICS] PRIMARY KEY CLUSTERED 
(
	[LEARNERCOURSESTATISTICSID] ASC
)WITH (IGNORE_DUP_KEY = OFF)
)
END
GO
INSERT [dbo].[LEARNERCOURSESTATISTICS] ([LEARNERID], [LEARNERENROLLMENTID], [AVERAGEPOSTTESTSCORE], [AVERAGEQUIZSCORE], [COMPLETED], [COMPLETIONDATE], [FIRSTACCESSDATE], [FIRSTPOSTTESTDATE], [FIRSTQUIZDATE], [HEIGHESTPOSTTESTSCORE], [HIGHESTQUIZSCORE], [LASTACCESSDATE], [LASTPOSTTESTDATE], [LASTQUIZDATE], [LAUNCHESACCRUED], [LOWESTPOSTTESTSCORE], [LOWESTQUIZSCORE], [NUMBERPOSTTESTSTAKEN], [NUMBERQUIZESTAKEN], [PERCENTCOMPLETE], [PRETESTDATE], [PRETESTSCORE], [STATUS], [TOTALTIMEINSECONDS], [LEARNERCOURSESTATISTICSID]) VALUES (CAST(1 AS Numeric(38, 0)), CAST(1 AS Numeric(38, 0)), 35, 40, 1, CAST(0x00009B5700000000 AS DateTime), CAST(0x00009B5700000000 AS DateTime), CAST(0x00009B5700000000 AS DateTime), CAST(0x00009B5700000000 AS DateTime), 40, 40, CAST(0x00009B5000000000 AS DateTime), NULL, CAST(0x00009B5500000000 AS DateTime), CAST(12 AS Numeric(38, 0)), 40, 40, CAST(2 AS Numeric(38, 0)), 2, CAST(100 AS Numeric(38, 0)), CAST(0x00009B5300000000 AS DateTime), 33, N'completed', CAST(1000 AS Numeric(38, 0)), CAST(1 AS Numeric(38, 0)))
INSERT [dbo].[LEARNERCOURSESTATISTICS] ([LEARNERID], [LEARNERENROLLMENTID], [AVERAGEPOSTTESTSCORE], [AVERAGEQUIZSCORE], [COMPLETED], [COMPLETIONDATE], [FIRSTACCESSDATE], [FIRSTPOSTTESTDATE], [FIRSTQUIZDATE], [HEIGHESTPOSTTESTSCORE], [HIGHESTQUIZSCORE], [LASTACCESSDATE], [LASTPOSTTESTDATE], [LASTQUIZDATE], [LAUNCHESACCRUED], [LOWESTPOSTTESTSCORE], [LOWESTQUIZSCORE], [NUMBERPOSTTESTSTAKEN], [NUMBERQUIZESTAKEN], [PERCENTCOMPLETE], [PRETESTDATE], [PRETESTSCORE], [STATUS], [TOTALTIMEINSECONDS], [LEARNERCOURSESTATISTICSID]) VALUES (CAST(1 AS Numeric(38, 0)), CAST(2 AS Numeric(38, 0)), NULL, NULL, 0, NULL, NULL, NULL, NULL, NULL, NULL, CAST(0x00009B5500000000 AS DateTime), NULL, NULL, NULL, NULL, NULL, NULL, NULL, CAST(90 AS Numeric(38, 0)), NULL, NULL, N'notstarted', CAST(0 AS Numeric(38, 0)), CAST(2 AS Numeric(38, 0)))
INSERT [dbo].[LEARNERCOURSESTATISTICS] ([LEARNERID], [LEARNERENROLLMENTID], [AVERAGEPOSTTESTSCORE], [AVERAGEQUIZSCORE], [COMPLETED], [COMPLETIONDATE], [FIRSTACCESSDATE], [FIRSTPOSTTESTDATE], [FIRSTQUIZDATE], [HEIGHESTPOSTTESTSCORE], [HIGHESTQUIZSCORE], [LASTACCESSDATE], [LASTPOSTTESTDATE], [LASTQUIZDATE], [LAUNCHESACCRUED], [LOWESTPOSTTESTSCORE], [LOWESTQUIZSCORE], [NUMBERPOSTTESTSTAKEN], [NUMBERQUIZESTAKEN], [PERCENTCOMPLETE], [PRETESTDATE], [PRETESTSCORE], [STATUS], [TOTALTIMEINSECONDS], [LEARNERCOURSESTATISTICSID]) VALUES (CAST(1 AS Numeric(38, 0)), CAST(3 AS Numeric(38, 0)), 34, 40, 0, NULL, CAST(0x00009B5300000000 AS DateTime), CAST(0x00009B5400000000 AS DateTime), CAST(0x00009B5400000000 AS DateTime), 40, 40, CAST(0x00009B5700000000 AS DateTime), CAST(0x00009B5500000000 AS DateTime), CAST(0x00009B5500000000 AS DateTime), CAST(12 AS Numeric(38, 0)), 40, 40, CAST(2 AS Numeric(38, 0)), 2, CAST(50 AS Numeric(38, 0)), CAST(0x00009B5300000000 AS DateTime), 39, N'inprogress', CAST(100 AS Numeric(38, 0)), CAST(3 AS Numeric(38, 0)))
INSERT [dbo].[LEARNERCOURSESTATISTICS] ([LEARNERID], [LEARNERENROLLMENTID], [AVERAGEPOSTTESTSCORE], [AVERAGEQUIZSCORE], [COMPLETED], [COMPLETIONDATE], [FIRSTACCESSDATE], [FIRSTPOSTTESTDATE], [FIRSTQUIZDATE], [HEIGHESTPOSTTESTSCORE], [HIGHESTQUIZSCORE], [LASTACCESSDATE], [LASTPOSTTESTDATE], [LASTQUIZDATE], [LAUNCHESACCRUED], [LOWESTPOSTTESTSCORE], [LOWESTQUIZSCORE], [NUMBERPOSTTESTSTAKEN], [NUMBERQUIZESTAKEN], [PERCENTCOMPLETE], [PRETESTDATE], [PRETESTSCORE], [STATUS], [TOTALTIMEINSECONDS], [LEARNERCOURSESTATISTICSID]) VALUES (CAST(1 AS Numeric(38, 0)), CAST(4 AS Numeric(38, 0)), 34, 40, 1, CAST(0x00009B5700000000 AS DateTime), CAST(0x00009B5300000000 AS DateTime), CAST(0x00009B5400000000 AS DateTime), CAST(0x00009B5400000000 AS DateTime), 40, 40, CAST(0x00009B5700000000 AS DateTime), CAST(0x00009B5500000000 AS DateTime), CAST(0x00009B5500000000 AS DateTime), CAST(12 AS Numeric(38, 0)), 40, 40, CAST(2 AS Numeric(38, 0)), 2, CAST(50 AS Numeric(38, 0)), CAST(0x00009B5300000000 AS DateTime), 39, N'completed', CAST(1000 AS Numeric(38, 0)), CAST(4 AS Numeric(38, 0)))
/****** Object:  Table [dbo].[LEARNERPROFILE]    Script Date: 12/03/2008 20:56:29 ******/
SET ANSI_NULLS ON
GO
SET QUOTED_IDENTIFIER ON
GO
IF NOT EXISTS (SELECT * FROM sys.objects WHERE object_id = OBJECT_ID(N'[dbo].[LEARNERPROFILE]') AND type in (N'U'))
BEGIN
CREATE TABLE [dbo].[LEARNERPROFILE](
	[LEARNERPROFILEID] [numeric](38, 0) NOT NULL,
	[LEARNERID] [numeric](38, 0) NULL,
	[ADDRESSID] [numeric](38, 0) NULL,
 CONSTRAINT [PK_LEARNERPROFILE] PRIMARY KEY CLUSTERED 
(
	[LEARNERPROFILEID] ASC
)WITH (IGNORE_DUP_KEY = OFF)
)
END
GO
INSERT [dbo].[LEARNERPROFILE] ([LEARNERPROFILEID], [LEARNERID], [ADDRESSID]) VALUES (CAST(1 AS Numeric(38, 0)), CAST(1 AS Numeric(38, 0)), CAST(1 AS Numeric(38, 0)))
/****** Object:  Table [dbo].[LEARNERGROUP]    Script Date: 12/03/2008 20:56:29 ******/
SET ANSI_NULLS ON
GO
SET QUOTED_IDENTIFIER ON
GO
IF NOT EXISTS (SELECT * FROM sys.objects WHERE object_id = OBJECT_ID(N'[dbo].[LEARNERGROUP]') AND type in (N'U'))
BEGIN
CREATE TABLE [dbo].[LEARNERGROUP](
	[LEARNERGROUPID] [numeric](38, 0) NOT NULL,
	[CUSTOMERID] [numeric](38, 0) NULL,
	[NAME] [varchar](50) COLLATE SQL_Latin1_General_CP1_CI_AS NULL,
	[ORGANIZATIONALGROUPID] [numeric](38, 0) NULL,
 CONSTRAINT [PK_LEARNERGROUP] PRIMARY KEY CLUSTERED 
(
	[LEARNERGROUPID] ASC
)WITH (IGNORE_DUP_KEY = OFF)
)
END
GO
INSERT [dbo].[LEARNERGROUP] ([LEARNERGROUPID], [CUSTOMERID], [NAME], [ORGANIZATIONALGROUPID]) VALUES (CAST(1 AS Numeric(38, 0)), CAST(1 AS Numeric(38, 0)), N'IT', CAST(1 AS Numeric(38, 0)))
/****** Object:  Table [dbo].[LEARNERLEARNERGROUP]    Script Date: 12/03/2008 20:56:29 ******/
SET ANSI_NULLS ON
GO
SET QUOTED_IDENTIFIER ON
GO
IF NOT EXISTS (SELECT * FROM sys.objects WHERE object_id = OBJECT_ID(N'[dbo].[LEARNERLEARNERGROUP]') AND type in (N'U'))
BEGIN
CREATE TABLE [dbo].[LEARNERLEARNERGROUP](
	[LEARNERID] [numeric](38, 0) NULL,
	[LEARNERGROUPID] [numeric](38, 0) NULL
)
END
GO
/****** Object:  Table [dbo].[ORGANIZATIONALGROUPENTITLEMENT]    Script Date: 12/03/2008 20:56:29 ******/
SET ANSI_NULLS ON
GO
SET QUOTED_IDENTIFIER ON
GO
IF NOT EXISTS (SELECT * FROM sys.objects WHERE object_id = OBJECT_ID(N'[dbo].[ORGANIZATIONALGROUPENTITLEMENT]') AND type in (N'U'))
BEGIN
CREATE TABLE [dbo].[ORGANIZATIONALGROUPENTITLEMENT](
	[ORGANIZATIONALGROUPENTITLEMENTID] [numeric](38, 0) NOT NULL,
	[ORGANIZATIONALGROUPID] [numeric](38, 0) NULL,
	[CUSTOMERENTITLEMENTID] [numeric](38, 0) NULL,
 CONSTRAINT [PK_ORGANIZATIONALGROUPENTITLEMENT] PRIMARY KEY CLUSTERED 
(
	[ORGANIZATIONALGROUPENTITLEMENTID] ASC
)WITH (IGNORE_DUP_KEY = OFF)
)
END
GO
INSERT [dbo].[ORGANIZATIONALGROUPENTITLEMENT] ([ORGANIZATIONALGROUPENTITLEMENTID], [ORGANIZATIONALGROUPID], [CUSTOMERENTITLEMENTID]) VALUES (CAST(1 AS Numeric(38, 0)), CAST(1 AS Numeric(38, 0)), CAST(1 AS Numeric(38, 0)))
/****** Object:  Table [dbo].[TRAINIINGPLAN]    Script Date: 12/03/2008 20:56:29 ******/
SET ANSI_NULLS ON
GO
SET QUOTED_IDENTIFIER ON
GO
IF NOT EXISTS (SELECT * FROM sys.objects WHERE object_id = OBJECT_ID(N'[dbo].[TRAINIINGPLAN]') AND type in (N'U'))
BEGIN
CREATE TABLE [dbo].[TRAINIINGPLAN](
	[TRAINIINGPLANID] [numeric](38, 0) NOT NULL,
	[NAME] [varchar](50) COLLATE SQL_Latin1_General_CP1_CI_AS NULL,
	[CUSTOMERID] [numeric](38, 0) NULL,
	[COURSEID] [numeric](38, 0) NULL,
 CONSTRAINT [PK_TRAINIINGPLAN] PRIMARY KEY CLUSTERED 
(
	[TRAINIINGPLANID] ASC
)WITH (IGNORE_DUP_KEY = OFF)
)
END
GO
/****** Object:  Table [dbo].[TRAINIINGPLANASSIGNMENT]    Script Date: 12/03/2008 20:56:29 ******/
SET ANSI_NULLS ON
GO
SET QUOTED_IDENTIFIER ON
GO
IF NOT EXISTS (SELECT * FROM sys.objects WHERE object_id = OBJECT_ID(N'[dbo].[TRAINIINGPLANASSIGNMENT]') AND type in (N'U'))
BEGIN
CREATE TABLE [dbo].[TRAINIINGPLANASSIGNMENT](
	[TRAINIINGPLANASSIGNMENTID] [numeric](38, 0) NOT NULL,
	[TRAINIINGPLANID] [numeric](38, 0) NULL,
	[LEARNERENROLLMENTID] [numeric](38, 0) NULL,
 CONSTRAINT [PK_TRAINIINGPLANASSIGNMENT] PRIMARY KEY CLUSTERED 
(
	[TRAINIINGPLANASSIGNMENTID] ASC
)WITH (IGNORE_DUP_KEY = OFF)
)
END
GO
/****** Object:  Table [dbo].[LMSADMINISTRATOR]    Script Date: 12/03/2008 20:56:29 ******/
SET ANSI_NULLS ON
GO
SET QUOTED_IDENTIFIER ON
GO
IF NOT EXISTS (SELECT * FROM sys.objects WHERE object_id = OBJECT_ID(N'[dbo].[LMSADMINISTRATOR]') AND type in (N'U'))
BEGIN
CREATE TABLE [dbo].[LMSADMINISTRATOR](
	[LMSADMINISTRATORID] [numeric](38, 0) NOT NULL,
	[GLOBALADMINISTRATORTF] [int] NOT NULL,
	[VU360USER_ID] [numeric](38, 0) NOT NULL,
 CONSTRAINT [PK__LMSADMINISTRATOR__0697FACD] PRIMARY KEY CLUSTERED 
(
	[LMSADMINISTRATORID] ASC
)WITH (IGNORE_DUP_KEY = OFF)
)
END
GO
INSERT [dbo].[LMSADMINISTRATOR] ([LMSADMINISTRATORID], [GLOBALADMINISTRATORTF], [VU360USER_ID]) VALUES (CAST(1 AS Numeric(38, 0)), 1, CAST(1 AS Numeric(38, 0)))
/****** Object:  Table [dbo].[TRAININGADMINISTRATOR]    Script Date: 12/03/2008 20:56:29 ******/
SET ANSI_NULLS ON
GO
SET QUOTED_IDENTIFIER ON
GO
IF NOT EXISTS (SELECT * FROM sys.objects WHERE object_id = OBJECT_ID(N'[dbo].[TRAININGADMINISTRATOR]') AND type in (N'U'))
BEGIN
CREATE TABLE [dbo].[TRAININGADMINISTRATOR](
	[TRAININGADMINISTRATORID] [numeric](38, 0) NOT NULL,
	[VU360USER_ID] [numeric](38, 0) NOT NULL,
 CONSTRAINT [PK__TRAININGADMINIST__0880433F] PRIMARY KEY CLUSTERED 
(
	[TRAININGADMINISTRATORID] ASC
)WITH (IGNORE_DUP_KEY = OFF)

)
END
GO
/****** Object:  Default [DF_LEARNINGSESSION_STRINGCOURSEID]    Script Date: 12/03/2008 20:56:29 ******/
IF Not EXISTS (SELECT * FROM sys.default_constraints WHERE object_id = OBJECT_ID(N'[dbo].[DF_LEARNINGSESSION_STRINGCOURSEID]') AND parent_object_id = OBJECT_ID(N'[dbo].[LEARNINGSESSION]'))
Begin
ALTER TABLE [dbo].[LEARNINGSESSION] ADD  CONSTRAINT [DF_LEARNINGSESSION_STRINGCOURSEID]  DEFAULT ('') FOR [STRINGCOURSEID]

End
GO
/****** Object:  ForeignKey [LANGUAGE_COURSE]    Script Date: 12/03/2008 20:56:28 ******/
IF NOT EXISTS (SELECT * FROM sys.foreign_keys WHERE object_id = OBJECT_ID(N'[dbo].[LANGUAGE_COURSE]') AND parent_object_id = OBJECT_ID(N'[dbo].[COURSE]'))
ALTER TABLE [dbo].[COURSE]  WITH CHECK ADD  CONSTRAINT [LANGUAGE_COURSE] FOREIGN KEY([LANGUAGE_ID])
REFERENCES [dbo].[LANGUAGE] ([LANGUAGEID])
GO
/****** Object:  ForeignKey [ORGANIZATIONALGROUP_COURSE]    Script Date: 12/03/2008 20:56:28 ******/
IF NOT EXISTS (SELECT * FROM sys.foreign_keys WHERE object_id = OBJECT_ID(N'[dbo].[ORGANIZATIONALGROUP_COURSE]') AND parent_object_id = OBJECT_ID(N'[dbo].[COURSE]'))
ALTER TABLE [dbo].[COURSE]  WITH CHECK ADD  CONSTRAINT [ORGANIZATIONALGROUP_COURSE] FOREIGN KEY([ORGANIZATIONALGROUPID])
REFERENCES [dbo].[ORGANIZATIONALGROUP] ([ORGANIZATIONALGROUPID])
GO
/****** Object:  ForeignKey [ORGANIZATIONALGROUPENTITLEMENT_COURSE]    Script Date: 12/03/2008 20:56:28 ******/
IF NOT EXISTS (SELECT * FROM sys.foreign_keys WHERE object_id = OBJECT_ID(N'[dbo].[ORGANIZATIONALGROUPENTITLEMENT_COURSE]') AND parent_object_id = OBJECT_ID(N'[dbo].[COURSE]'))
ALTER TABLE [dbo].[COURSE]  WITH CHECK ADD  CONSTRAINT [ORGANIZATIONALGROUPENTITLEMENT_COURSE] FOREIGN KEY([ORGANIZATIONALGROUPENTITLEMENTID])
REFERENCES [dbo].[ORGANIZATIONALGROUPENTITLEMENT] ([ORGANIZATIONALGROUPENTITLEMENTID])
GO
/****** Object:  ForeignKey [COURSEGROUP_ROOTCOURSEGROUP]    Script Date: 12/03/2008 20:56:28 ******/
IF NOT EXISTS (SELECT * FROM sys.foreign_keys WHERE object_id = OBJECT_ID(N'[dbo].[COURSEGROUP_ROOTCOURSEGROUP]') AND parent_object_id = OBJECT_ID(N'[dbo].[COURSEGROUP]'))
ALTER TABLE [dbo].[COURSEGROUP]  WITH CHECK ADD  CONSTRAINT [COURSEGROUP_ROOTCOURSEGROUP] FOREIGN KEY([ROOTCOURSEGROUP_ID])
REFERENCES [dbo].[COURSEGROUP] ([COURSEGROUPID])
GO
/****** Object:  ForeignKey [CUSTOMER_COURSEGROUP]    Script Date: 12/03/2008 20:56:28 ******/
IF NOT EXISTS (SELECT * FROM sys.foreign_keys WHERE object_id = OBJECT_ID(N'[dbo].[CUSTOMER_COURSEGROUP]') AND parent_object_id = OBJECT_ID(N'[dbo].[COURSEGROUP]'))
ALTER TABLE [dbo].[COURSEGROUP]  WITH CHECK ADD  CONSTRAINT [CUSTOMER_COURSEGROUP] FOREIGN KEY([CUSTOMERID])
REFERENCES [dbo].[CUSTOMER] ([CUSTOMERID])
GO
/****** Object:  ForeignKey [CUSTOMERENTITLEMENT_COURSEGROUP]    Script Date: 12/03/2008 20:56:28 ******/
IF NOT EXISTS (SELECT * FROM sys.foreign_keys WHERE object_id = OBJECT_ID(N'[dbo].[CUSTOMERENTITLEMENT_COURSEGROUP]') AND parent_object_id = OBJECT_ID(N'[dbo].[COURSEGROUP]'))
ALTER TABLE [dbo].[COURSEGROUP]  WITH CHECK ADD  CONSTRAINT [CUSTOMERENTITLEMENT_COURSEGROUP] FOREIGN KEY([CUSTOMERENTITLEMENTID])
REFERENCES [dbo].[CUSTOMERENTITLEMENT] ([CUSTOMERENTITLEMENTID])
GO
/****** Object:  ForeignKey [DISTRIBUTORENTITLEMENT_COURSEGROUP]    Script Date: 12/03/2008 20:56:28 ******/
IF NOT EXISTS (SELECT * FROM sys.foreign_keys WHERE object_id = OBJECT_ID(N'[dbo].[DISTRIBUTORENTITLEMENT_COURSEGROUP]') AND parent_object_id = OBJECT_ID(N'[dbo].[COURSEGROUP]'))
ALTER TABLE [dbo].[COURSEGROUP]  WITH CHECK ADD  CONSTRAINT [DISTRIBUTORENTITLEMENT_COURSEGROUP] FOREIGN KEY([DISTRIBUTORENTITLEMENTID])
REFERENCES [dbo].[DISTRIBUTORENTITLEMENT] ([ID])
GO
/****** Object:  ForeignKey [FK_COURSEGROUP_PARENTCOURSEGROUP]    Script Date: 12/03/2008 20:56:28 ******/
IF NOT EXISTS (SELECT * FROM sys.foreign_keys WHERE object_id = OBJECT_ID(N'[dbo].[FK_COURSEGROUP_PARENTCOURSEGROUP]') AND parent_object_id = OBJECT_ID(N'[dbo].[COURSEGROUP]'))
ALTER TABLE [dbo].[COURSEGROUP]  WITH CHECK ADD  CONSTRAINT [FK_COURSEGROUP_PARENTCOURSEGROUP] FOREIGN KEY([PARENTCOURSEGROUP_ID])
REFERENCES [dbo].[COURSEGROUP] ([COURSEGROUPID])
GO
/****** Object:  ForeignKey [BILLINGADDRESS_CUSTOMER]    Script Date: 12/03/2008 20:56:28 ******/
IF NOT EXISTS (SELECT * FROM sys.foreign_keys WHERE object_id = OBJECT_ID(N'[dbo].[BILLINGADDRESS_CUSTOMER]') AND parent_object_id = OBJECT_ID(N'[dbo].[CUSTOMER]'))
ALTER TABLE [dbo].[CUSTOMER]  WITH CHECK ADD  CONSTRAINT [BILLINGADDRESS_CUSTOMER] FOREIGN KEY([BILLINGADDRESSID])
REFERENCES [dbo].[ADDRESS] ([ADDRESSID])
GO
/****** Object:  ForeignKey [CUSTOMER_BRAND]    Script Date: 12/03/2008 20:56:28 ******/
IF NOT EXISTS (SELECT * FROM sys.foreign_keys WHERE object_id = OBJECT_ID(N'[dbo].[CUSTOMER_BRAND]') AND parent_object_id = OBJECT_ID(N'[dbo].[CUSTOMER]'))
ALTER TABLE [dbo].[CUSTOMER]  WITH CHECK ADD  CONSTRAINT [CUSTOMER_BRAND] FOREIGN KEY([BRAND_ID])
REFERENCES [dbo].[BRAND] ([BRANDID])
GO
/****** Object:  ForeignKey [FK_DISTRIBUTOR_CUSTOMER]    Script Date: 12/03/2008 20:56:28 ******/
IF NOT EXISTS (SELECT * FROM sys.foreign_keys WHERE object_id = OBJECT_ID(N'[dbo].[FK_DISTRIBUTOR_CUSTOMER]') AND parent_object_id = OBJECT_ID(N'[dbo].[CUSTOMER]'))
ALTER TABLE [dbo].[CUSTOMER]  WITH CHECK ADD  CONSTRAINT [FK_DISTRIBUTOR_CUSTOMER] FOREIGN KEY([DISTRIBUTORID])
REFERENCES [dbo].[DISTRIBUTOR] ([DISTRIBUTORID])
GO
/****** Object:  ForeignKey [ORGANIZATIONALGROUP_CUSTOMER]    Script Date: 12/03/2008 20:56:28 ******/
IF NOT EXISTS (SELECT * FROM sys.foreign_keys WHERE object_id = OBJECT_ID(N'[dbo].[ORGANIZATIONALGROUP_CUSTOMER]') AND parent_object_id = OBJECT_ID(N'[dbo].[CUSTOMER]'))
ALTER TABLE [dbo].[CUSTOMER]  WITH CHECK ADD  CONSTRAINT [ORGANIZATIONALGROUP_CUSTOMER] FOREIGN KEY([ORGANIZATIONALGROUPID])
REFERENCES [dbo].[ORGANIZATIONALGROUP] ([ORGANIZATIONALGROUPID])
GO
/****** Object:  ForeignKey [SHIPPINGADDRESS_CUSTOMER]    Script Date: 12/03/2008 20:56:28 ******/
IF NOT EXISTS (SELECT * FROM sys.foreign_keys WHERE object_id = OBJECT_ID(N'[dbo].[SHIPPINGADDRESS_CUSTOMER]') AND parent_object_id = OBJECT_ID(N'[dbo].[CUSTOMER]'))
ALTER TABLE [dbo].[CUSTOMER]  WITH CHECK ADD  CONSTRAINT [SHIPPINGADDRESS_CUSTOMER] FOREIGN KEY([SHIPPINGADDRESSID])
REFERENCES [dbo].[ADDRESS] ([ADDRESSID])
GO
/****** Object:  ForeignKey [COURSE_CUSTOMERENTITLEMENT]    Script Date: 12/03/2008 20:56:28 ******/
IF NOT EXISTS (SELECT * FROM sys.foreign_keys WHERE object_id = OBJECT_ID(N'[dbo].[COURSE_CUSTOMERENTITLEMENT]') AND parent_object_id = OBJECT_ID(N'[dbo].[CUSTOMERENTITLEMENT]'))
ALTER TABLE [dbo].[CUSTOMERENTITLEMENT]  WITH CHECK ADD  CONSTRAINT [COURSE_CUSTOMERENTITLEMENT] FOREIGN KEY([COURSEID])
REFERENCES [dbo].[COURSE] ([ID])
GO
/****** Object:  ForeignKey [CUSTOMER_CUSTOMERENTITLEMENT]    Script Date: 12/03/2008 20:56:28 ******/
IF NOT EXISTS (SELECT * FROM sys.foreign_keys WHERE object_id = OBJECT_ID(N'[dbo].[CUSTOMER_CUSTOMERENTITLEMENT]') AND parent_object_id = OBJECT_ID(N'[dbo].[CUSTOMERENTITLEMENT]'))
ALTER TABLE [dbo].[CUSTOMERENTITLEMENT]  WITH CHECK ADD  CONSTRAINT [CUSTOMER_CUSTOMERENTITLEMENT] FOREIGN KEY([CUSTOMERID])
REFERENCES [dbo].[CUSTOMER] ([CUSTOMERID])
GO
/****** Object:  ForeignKey [DISTRIBUTOR_BRAND]    Script Date: 12/03/2008 20:56:28 ******/
IF NOT EXISTS (SELECT * FROM sys.foreign_keys WHERE object_id = OBJECT_ID(N'[dbo].[DISTRIBUTOR_BRAND]') AND parent_object_id = OBJECT_ID(N'[dbo].[DISTRIBUTOR]'))
ALTER TABLE [dbo].[DISTRIBUTOR]  WITH CHECK ADD  CONSTRAINT [DISTRIBUTOR_BRAND] FOREIGN KEY([BRAND_ID])
REFERENCES [dbo].[BRAND] ([BRANDID])
GO
/****** Object:  ForeignKey [DISTRIBUTOR_DISTRIBUTORGROUP]    Script Date: 12/03/2008 20:56:28 ******/
IF NOT EXISTS (SELECT * FROM sys.foreign_keys WHERE object_id = OBJECT_ID(N'[dbo].[DISTRIBUTOR_DISTRIBUTORGROUP]') AND parent_object_id = OBJECT_ID(N'[dbo].[DISTRIBUTOR]'))
ALTER TABLE [dbo].[DISTRIBUTOR]  WITH CHECK ADD  CONSTRAINT [DISTRIBUTOR_DISTRIBUTORGROUP] FOREIGN KEY([DISTRIBUTORGROUP_ID])
REFERENCES [dbo].[DISTRIBUTORGROUP] ([DISTRIBUTORGROUPID])
GO
/****** Object:  ForeignKey [DISTRIBUTORGROUP_BRAND]    Script Date: 12/03/2008 20:56:28 ******/
IF NOT EXISTS (SELECT * FROM sys.foreign_keys WHERE object_id = OBJECT_ID(N'[dbo].[DISTRIBUTORGROUP_BRAND]') AND parent_object_id = OBJECT_ID(N'[dbo].[DISTRIBUTORGROUP]'))
ALTER TABLE [dbo].[DISTRIBUTORGROUP]  WITH CHECK ADD  CONSTRAINT [DISTRIBUTORGROUP_BRAND] FOREIGN KEY([BRAND_ID])
REFERENCES [dbo].[BRAND] ([BRANDID])
GO
/****** Object:  ForeignKey [LEARNER_CUSTOMER]    Script Date: 12/03/2008 20:56:28 ******/
IF NOT EXISTS (SELECT * FROM sys.foreign_keys WHERE object_id = OBJECT_ID(N'[dbo].[LEARNER_CUSTOMER]') AND parent_object_id = OBJECT_ID(N'[dbo].[LEARNER]'))
ALTER TABLE [dbo].[LEARNER]  WITH CHECK ADD  CONSTRAINT [LEARNER_CUSTOMER] FOREIGN KEY([CUSTOMER_ID])
REFERENCES [dbo].[CUSTOMER] ([CUSTOMERID])
GO
/****** Object:  ForeignKey [ORGANIZATIONALGROUP_LEARNER]    Script Date: 12/03/2008 20:56:28 ******/
IF NOT EXISTS (SELECT * FROM sys.foreign_keys WHERE object_id = OBJECT_ID(N'[dbo].[ORGANIZATIONALGROUP_LEARNER]') AND parent_object_id = OBJECT_ID(N'[dbo].[LEARNER]'))
ALTER TABLE [dbo].[LEARNER]  WITH CHECK ADD  CONSTRAINT [ORGANIZATIONALGROUP_LEARNER] FOREIGN KEY([ORGANIZATIONALGROUPID])
REFERENCES [dbo].[ORGANIZATIONALGROUP] ([ORGANIZATIONALGROUPID])
GO
/****** Object:  ForeignKey [VU360USER_LEARNER]    Script Date: 12/03/2008 20:56:28 ******/
IF NOT EXISTS (SELECT * FROM sys.foreign_keys WHERE object_id = OBJECT_ID(N'[dbo].[VU360USER_LEARNER]') AND parent_object_id = OBJECT_ID(N'[dbo].[LEARNER]'))
ALTER TABLE [dbo].[LEARNER]  WITH CHECK ADD  CONSTRAINT [VU360USER_LEARNER] FOREIGN KEY([VU360USER_ID])
REFERENCES [dbo].[VU360USER] ([ID])
GO
/****** Object:  ForeignKey [LEARNER_LEARNERCOURSESTATISTICS]    Script Date: 12/03/2008 20:56:28 ******/
IF NOT EXISTS (SELECT * FROM sys.foreign_keys WHERE object_id = OBJECT_ID(N'[dbo].[LEARNER_LEARNERCOURSESTATISTICS]') AND parent_object_id = OBJECT_ID(N'[dbo].[LEARNERCOURSESTATISTICS]'))
ALTER TABLE [dbo].[LEARNERCOURSESTATISTICS]  WITH CHECK ADD  CONSTRAINT [LEARNER_LEARNERCOURSESTATISTICS] FOREIGN KEY([LEARNERID])
REFERENCES [dbo].[LEARNER] ([LEARNERID])
GO
/****** Object:  ForeignKey [LEARNERENROLMENT_LEARNERCOURSESTATISTICS]    Script Date: 12/03/2008 20:56:28 ******/
IF NOT EXISTS (SELECT * FROM sys.foreign_keys WHERE object_id = OBJECT_ID(N'[dbo].[LEARNERENROLMENT_LEARNERCOURSESTATISTICS]') AND parent_object_id = OBJECT_ID(N'[dbo].[LEARNERCOURSESTATISTICS]'))
ALTER TABLE [dbo].[LEARNERCOURSESTATISTICS]  WITH CHECK ADD  CONSTRAINT [LEARNERENROLMENT_LEARNERCOURSESTATISTICS] FOREIGN KEY([LEARNERENROLLMENTID])
REFERENCES [dbo].[LEARNERENROLLMENT] ([LEARNERENROLLMENTID])
GO
/****** Object:  ForeignKey [COURSE_LEARNERENROLLMENT]    Script Date: 12/03/2008 20:56:29 ******/
IF NOT EXISTS (SELECT * FROM sys.foreign_keys WHERE object_id = OBJECT_ID(N'[dbo].[COURSE_LEARNERENROLLMENT]') AND parent_object_id = OBJECT_ID(N'[dbo].[LEARNERENROLLMENT]'))
ALTER TABLE [dbo].[LEARNERENROLLMENT]  WITH CHECK ADD  CONSTRAINT [COURSE_LEARNERENROLLMENT] FOREIGN KEY([COURSEID])
REFERENCES [dbo].[COURSE] ([ID])
GO
/****** Object:  ForeignKey [COURSEGROUP_LEARNERENROLLMENT]    Script Date: 12/03/2008 20:56:29 ******/
IF NOT EXISTS (SELECT * FROM sys.foreign_keys WHERE object_id = OBJECT_ID(N'[dbo].[COURSEGROUP_LEARNERENROLLMENT]') AND parent_object_id = OBJECT_ID(N'[dbo].[LEARNERENROLLMENT]'))
ALTER TABLE [dbo].[LEARNERENROLLMENT]  WITH CHECK ADD  CONSTRAINT [COURSEGROUP_LEARNERENROLLMENT] FOREIGN KEY([COURSEGROUPID])
REFERENCES [dbo].[COURSEGROUP] ([COURSEGROUPID])
GO
/****** Object:  ForeignKey [CUSTOMERENROLLMENT_LEARNERENROLLMENT]    Script Date: 12/03/2008 20:56:29 ******/
IF NOT EXISTS (SELECT * FROM sys.foreign_keys WHERE object_id = OBJECT_ID(N'[dbo].[CUSTOMERENROLLMENT_LEARNERENROLLMENT]') AND parent_object_id = OBJECT_ID(N'[dbo].[LEARNERENROLLMENT]'))
ALTER TABLE [dbo].[LEARNERENROLLMENT]  WITH CHECK ADD  CONSTRAINT [CUSTOMERENROLLMENT_LEARNERENROLLMENT] FOREIGN KEY([CUSTOMERENTITLEMENTID])
REFERENCES [dbo].[CUSTOMERENTITLEMENT] ([CUSTOMERENTITLEMENTID])
GO
/****** Object:  ForeignKey [LEARNER_LEARNERENROLLMENT]    Script Date: 12/03/2008 20:56:29 ******/
IF NOT EXISTS (SELECT * FROM sys.foreign_keys WHERE object_id = OBJECT_ID(N'[dbo].[LEARNER_LEARNERENROLLMENT]') AND parent_object_id = OBJECT_ID(N'[dbo].[LEARNERENROLLMENT]'))
ALTER TABLE [dbo].[LEARNERENROLLMENT]  WITH CHECK ADD  CONSTRAINT [LEARNER_LEARNERENROLLMENT] FOREIGN KEY([LEARNERID])
REFERENCES [dbo].[LEARNER] ([LEARNERID])
GO
/****** Object:  ForeignKey [CUSTOMER_LEARNERGROUP]    Script Date: 12/03/2008 20:56:29 ******/
IF NOT EXISTS (SELECT * FROM sys.foreign_keys WHERE object_id = OBJECT_ID(N'[dbo].[CUSTOMER_LEARNERGROUP]') AND parent_object_id = OBJECT_ID(N'[dbo].[LEARNERGROUP]'))
ALTER TABLE [dbo].[LEARNERGROUP]  WITH CHECK ADD  CONSTRAINT [CUSTOMER_LEARNERGROUP] FOREIGN KEY([CUSTOMERID])
REFERENCES [dbo].[CUSTOMER] ([CUSTOMERID])
GO
/****** Object:  ForeignKey [ORGANIZATIONALGROUP_LEARNERGROUP]    Script Date: 12/03/2008 20:56:29 ******/
IF NOT EXISTS (SELECT * FROM sys.foreign_keys WHERE object_id = OBJECT_ID(N'[dbo].[ORGANIZATIONALGROUP_LEARNERGROUP]') AND parent_object_id = OBJECT_ID(N'[dbo].[LEARNERGROUP]'))
ALTER TABLE [dbo].[LEARNERGROUP]  WITH CHECK ADD  CONSTRAINT [ORGANIZATIONALGROUP_LEARNERGROUP] FOREIGN KEY([ORGANIZATIONALGROUPID])
REFERENCES [dbo].[ORGANIZATIONALGROUP] ([ORGANIZATIONALGROUPID])
GO
/****** Object:  ForeignKey [LEARNER_LEARNERLEARNERGROUP]    Script Date: 12/03/2008 20:56:29 ******/
IF NOT EXISTS (SELECT * FROM sys.foreign_keys WHERE object_id = OBJECT_ID(N'[dbo].[LEARNER_LEARNERLEARNERGROUP]') AND parent_object_id = OBJECT_ID(N'[dbo].[LEARNERLEARNERGROUP]'))
ALTER TABLE [dbo].[LEARNERLEARNERGROUP]  WITH CHECK ADD  CONSTRAINT [LEARNER_LEARNERLEARNERGROUP] FOREIGN KEY([LEARNERID])
REFERENCES [dbo].[LEARNER] ([LEARNERID])
GO
/****** Object:  ForeignKey [LEARNERGROUP_LEARNERLEARNERGROUP]    Script Date: 12/03/2008 20:56:29 ******/
IF NOT EXISTS (SELECT * FROM sys.foreign_keys WHERE object_id = OBJECT_ID(N'[dbo].[LEARNERGROUP_LEARNERLEARNERGROUP]') AND parent_object_id = OBJECT_ID(N'[dbo].[LEARNERLEARNERGROUP]'))
ALTER TABLE [dbo].[LEARNERLEARNERGROUP]  WITH CHECK ADD  CONSTRAINT [LEARNERGROUP_LEARNERLEARNERGROUP] FOREIGN KEY([LEARNERGROUPID])
REFERENCES [dbo].[LEARNERGROUP] ([LEARNERGROUPID])
GO
/****** Object:  ForeignKey [ADDRESS_LEARNERPROFILE]    Script Date: 12/03/2008 20:56:29 ******/
IF NOT EXISTS (SELECT * FROM sys.foreign_keys WHERE object_id = OBJECT_ID(N'[dbo].[ADDRESS_LEARNERPROFILE]') AND parent_object_id = OBJECT_ID(N'[dbo].[LEARNERPROFILE]'))
ALTER TABLE [dbo].[LEARNERPROFILE]  WITH CHECK ADD  CONSTRAINT [ADDRESS_LEARNERPROFILE] FOREIGN KEY([ADDRESSID])
REFERENCES [dbo].[ADDRESS] ([ADDRESSID])
GO
/****** Object:  ForeignKey [LEARNER_LEARNERPROFILE]    Script Date: 12/03/2008 20:56:29 ******/
IF NOT EXISTS (SELECT * FROM sys.foreign_keys WHERE object_id = OBJECT_ID(N'[dbo].[LEARNER_LEARNERPROFILE]') AND parent_object_id = OBJECT_ID(N'[dbo].[LEARNERPROFILE]'))
ALTER TABLE [dbo].[LEARNERPROFILE]  WITH CHECK ADD  CONSTRAINT [LEARNER_LEARNERPROFILE] FOREIGN KEY([LEARNERID])
REFERENCES [dbo].[LEARNER] ([LEARNERID])
GO
/****** Object:  ForeignKey [COURSE_LEARNINGSESSION]    Script Date: 12/03/2008 20:56:29 ******/
IF NOT EXISTS (SELECT * FROM sys.foreign_keys WHERE object_id = OBJECT_ID(N'[dbo].[COURSE_LEARNINGSESSION]') AND parent_object_id = OBJECT_ID(N'[dbo].[LEARNINGSESSION]'))
ALTER TABLE [dbo].[LEARNINGSESSION]  WITH CHECK ADD  CONSTRAINT [COURSE_LEARNINGSESSION] FOREIGN KEY([COURSEID])
REFERENCES [dbo].[COURSE] ([ID])
GO
/****** Object:  ForeignKey [LEARNER_LEARNINGSESSION]    Script Date: 12/03/2008 20:56:29 ******/
IF NOT EXISTS (SELECT * FROM sys.foreign_keys WHERE object_id = OBJECT_ID(N'[dbo].[LEARNER_LEARNINGSESSION]') AND parent_object_id = OBJECT_ID(N'[dbo].[LEARNINGSESSION]'))
ALTER TABLE [dbo].[LEARNINGSESSION]  WITH CHECK ADD  CONSTRAINT [LEARNER_LEARNINGSESSION] FOREIGN KEY([LEARNERID])
REFERENCES [dbo].[LEARNER] ([LEARNERID])
GO
/****** Object:  ForeignKey [LEARNERENROLLMENT_LEARNINGSESSION]    Script Date: 12/03/2008 20:56:29 ******/
IF NOT EXISTS (SELECT * FROM sys.foreign_keys WHERE object_id = OBJECT_ID(N'[dbo].[LEARNERENROLLMENT_LEARNINGSESSION]') AND parent_object_id = OBJECT_ID(N'[dbo].[LEARNINGSESSION]'))
ALTER TABLE [dbo].[LEARNINGSESSION]  WITH CHECK ADD  CONSTRAINT [LEARNERENROLLMENT_LEARNINGSESSION] FOREIGN KEY([ENROLLMENTID])
REFERENCES [dbo].[LEARNERENROLLMENT] ([LEARNERENROLLMENTID])
GO
/****** Object:  ForeignKey [VU360USER_LMSADMINISTRATOR]    Script Date: 12/03/2008 20:56:29 ******/
IF NOT EXISTS (SELECT * FROM sys.foreign_keys WHERE object_id = OBJECT_ID(N'[dbo].[VU360USER_LMSADMINISTRATOR]') AND parent_object_id = OBJECT_ID(N'[dbo].[LMSADMINISTRATOR]'))
ALTER TABLE [dbo].[LMSADMINISTRATOR]  WITH CHECK ADD  CONSTRAINT [VU360USER_LMSADMINISTRATOR] FOREIGN KEY([VU360USER_ID])
REFERENCES [dbo].[VU360USER] ([ID])
GO
/****** Object:  ForeignKey [FK_ORGANIZATIONALGROUP_PARENTORGANIZATIONALGROUP]    Script Date: 12/03/2008 20:56:29 ******/
IF NOT EXISTS (SELECT * FROM sys.foreign_keys WHERE object_id = OBJECT_ID(N'[dbo].[FK_ORGANIZATIONALGROUP_PARENTORGANIZATIONALGROUP]') AND parent_object_id = OBJECT_ID(N'[dbo].[ORGANIZATIONALGROUP]'))
ALTER TABLE [dbo].[ORGANIZATIONALGROUP]  WITH CHECK ADD  CONSTRAINT [FK_ORGANIZATIONALGROUP_PARENTORGANIZATIONALGROUP] FOREIGN KEY([PARENTORGGROUP_ID])
REFERENCES [dbo].[ORGANIZATIONALGROUP] ([ORGANIZATIONALGROUPID])
GO
/****** Object:  ForeignKey [FK_ORGANIZATIONALGROUP_ROOTORGANIZATIONALGROUP]    Script Date: 12/03/2008 20:56:29 ******/
IF NOT EXISTS (SELECT * FROM sys.foreign_keys WHERE object_id = OBJECT_ID(N'[dbo].[FK_ORGANIZATIONALGROUP_ROOTORGANIZATIONALGROUP]') AND parent_object_id = OBJECT_ID(N'[dbo].[ORGANIZATIONALGROUP]'))
ALTER TABLE [dbo].[ORGANIZATIONALGROUP]  WITH CHECK ADD  CONSTRAINT [FK_ORGANIZATIONALGROUP_ROOTORGANIZATIONALGROUP] FOREIGN KEY([ROOTORGGROUP_ID])
REFERENCES [dbo].[ORGANIZATIONALGROUP] ([ORGANIZATIONALGROUPID])
GO
/****** Object:  ForeignKey [CUSTOMERENTITLEMENT_ORGANIZATIONALGROUPENTITLEMENT]    Script Date: 12/03/2008 20:56:29 ******/
IF NOT EXISTS (SELECT * FROM sys.foreign_keys WHERE object_id = OBJECT_ID(N'[dbo].[CUSTOMERENTITLEMENT_ORGANIZATIONALGROUPENTITLEMENT]') AND parent_object_id = OBJECT_ID(N'[dbo].[ORGANIZATIONALGROUPENTITLEMENT]'))
ALTER TABLE [dbo].[ORGANIZATIONALGROUPENTITLEMENT]  WITH CHECK ADD  CONSTRAINT [CUSTOMERENTITLEMENT_ORGANIZATIONALGROUPENTITLEMENT] FOREIGN KEY([CUSTOMERENTITLEMENTID])
REFERENCES [dbo].[CUSTOMERENTITLEMENT] ([CUSTOMERENTITLEMENTID])
GO
/****** Object:  ForeignKey [ORGANIZATIONALGROUP_ORGANIZATIONALGROUPENTITLEMENT]    Script Date: 12/03/2008 20:56:29 ******/
IF NOT EXISTS (SELECT * FROM sys.foreign_keys WHERE object_id = OBJECT_ID(N'[dbo].[ORGANIZATIONALGROUP_ORGANIZATIONALGROUPENTITLEMENT]') AND parent_object_id = OBJECT_ID(N'[dbo].[ORGANIZATIONALGROUPENTITLEMENT]'))
ALTER TABLE [dbo].[ORGANIZATIONALGROUPENTITLEMENT]  WITH CHECK ADD  CONSTRAINT [ORGANIZATIONALGROUP_ORGANIZATIONALGROUPENTITLEMENT] FOREIGN KEY([ORGANIZATIONALGROUPID])
REFERENCES [dbo].[ORGANIZATIONALGROUP] ([ORGANIZATIONALGROUPID])
GO
/****** Object:  ForeignKey [CUSTOMER_TRAINIINGPLAN]    Script Date: 12/03/2008 20:56:29 ******/
IF NOT EXISTS (SELECT * FROM sys.foreign_keys WHERE object_id = OBJECT_ID(N'[dbo].[CUSTOMER_TRAINIINGPLAN]') AND parent_object_id = OBJECT_ID(N'[dbo].[TRAINIINGPLAN]'))
ALTER TABLE [dbo].[TRAINIINGPLAN]  WITH CHECK ADD  CONSTRAINT [CUSTOMER_TRAINIINGPLAN] FOREIGN KEY([CUSTOMERID])
REFERENCES [dbo].[CUSTOMER] ([CUSTOMERID])
GO
/****** Object:  ForeignKey [TRAINIINGPLAN_TRAINIINGPLANASSIGNMENT]    Script Date: 12/03/2008 20:56:29 ******/
IF NOT EXISTS (SELECT * FROM sys.foreign_keys WHERE object_id = OBJECT_ID(N'[dbo].[TRAINIINGPLAN_TRAINIINGPLANASSIGNMENT]') AND parent_object_id = OBJECT_ID(N'[dbo].[TRAINIINGPLANASSIGNMENT]'))
ALTER TABLE [dbo].[TRAINIINGPLANASSIGNMENT]  WITH CHECK ADD  CONSTRAINT [TRAINIINGPLAN_TRAINIINGPLANASSIGNMENT] FOREIGN KEY([TRAINIINGPLANID])
REFERENCES [dbo].[TRAINIINGPLAN] ([TRAINIINGPLANID])
GO
/****** Object:  ForeignKey [VU360USER_TRAININGADMINISTRATOR]    Script Date: 12/03/2008 20:56:29 ******/
IF NOT EXISTS (SELECT * FROM sys.foreign_keys WHERE object_id = OBJECT_ID(N'[dbo].[VU360USER_TRAININGADMINISTRATOR]') AND parent_object_id = OBJECT_ID(N'[dbo].[TRAININGADMINISTRATOR]'))
ALTER TABLE [dbo].[TRAININGADMINISTRATOR]  WITH CHECK ADD  CONSTRAINT [VU360USER_TRAININGADMINISTRATOR] FOREIGN KEY([VU360USER_ID])
REFERENCES [dbo].[VU360USER] ([ID])
GO
