/****** Object:  ForeignKey [LANGUAGE_COURSE]    Script Date: 02/24/2009 16:53:58 ******/
IF  EXISTS (SELECT * FROM sys.foreign_keys WHERE object_id = OBJECT_ID(N'[dbo].[LANGUAGE_COURSE]') AND parent_object_id = OBJECT_ID(N'[dbo].[COURSE]'))
ALTER TABLE [dbo].[COURSE] DROP CONSTRAINT [LANGUAGE_COURSE]
GO
/****** Object:  ForeignKey [COURSEGROUP_ROOTCOURSEGROUP]    Script Date: 02/24/2009 16:53:58 ******/
IF  EXISTS (SELECT * FROM sys.foreign_keys WHERE object_id = OBJECT_ID(N'[dbo].[COURSEGROUP_ROOTCOURSEGROUP]') AND parent_object_id = OBJECT_ID(N'[dbo].[COURSEGROUP]'))
ALTER TABLE [dbo].[COURSEGROUP] DROP CONSTRAINT [COURSEGROUP_ROOTCOURSEGROUP]
GO
/****** Object:  ForeignKey [CUSTOMER_COURSEGROUP]    Script Date: 02/24/2009 16:53:58 ******/
IF  EXISTS (SELECT * FROM sys.foreign_keys WHERE object_id = OBJECT_ID(N'[dbo].[CUSTOMER_COURSEGROUP]') AND parent_object_id = OBJECT_ID(N'[dbo].[COURSEGROUP]'))
ALTER TABLE [dbo].[COURSEGROUP] DROP CONSTRAINT [CUSTOMER_COURSEGROUP]
GO
/****** Object:  ForeignKey [FK_COURSEGROUP_PARENTCOURSEGROUP]    Script Date: 02/24/2009 16:53:58 ******/
IF  EXISTS (SELECT * FROM sys.foreign_keys WHERE object_id = OBJECT_ID(N'[dbo].[FK_COURSEGROUP_PARENTCOURSEGROUP]') AND parent_object_id = OBJECT_ID(N'[dbo].[COURSEGROUP]'))
ALTER TABLE [dbo].[COURSEGROUP] DROP CONSTRAINT [FK_COURSEGROUP_PARENTCOURSEGROUP]
GO
/****** Object:  ForeignKey [BILLINGADDRESS_CUSTOMER]    Script Date: 02/24/2009 16:53:58 ******/
IF  EXISTS (SELECT * FROM sys.foreign_keys WHERE object_id = OBJECT_ID(N'[dbo].[BILLINGADDRESS_CUSTOMER]') AND parent_object_id = OBJECT_ID(N'[dbo].[CUSTOMER]'))
ALTER TABLE [dbo].[CUSTOMER] DROP CONSTRAINT [BILLINGADDRESS_CUSTOMER]
GO
/****** Object:  ForeignKey [CUSTOMER_BRAND]    Script Date: 02/24/2009 16:53:58 ******/
IF  EXISTS (SELECT * FROM sys.foreign_keys WHERE object_id = OBJECT_ID(N'[dbo].[CUSTOMER_BRAND]') AND parent_object_id = OBJECT_ID(N'[dbo].[CUSTOMER]'))
ALTER TABLE [dbo].[CUSTOMER] DROP CONSTRAINT [CUSTOMER_BRAND]
GO
/****** Object:  ForeignKey [FK_DISTRIBUTOR_CUSTOMER]    Script Date: 02/24/2009 16:53:58 ******/
IF  EXISTS (SELECT * FROM sys.foreign_keys WHERE object_id = OBJECT_ID(N'[dbo].[FK_DISTRIBUTOR_CUSTOMER]') AND parent_object_id = OBJECT_ID(N'[dbo].[CUSTOMER]'))
ALTER TABLE [dbo].[CUSTOMER] DROP CONSTRAINT [FK_DISTRIBUTOR_CUSTOMER]
GO
/****** Object:  ForeignKey [SHIPPINGADDRESS_CUSTOMER]    Script Date: 02/24/2009 16:53:58 ******/
IF  EXISTS (SELECT * FROM sys.foreign_keys WHERE object_id = OBJECT_ID(N'[dbo].[SHIPPINGADDRESS_CUSTOMER]') AND parent_object_id = OBJECT_ID(N'[dbo].[CUSTOMER]'))
ALTER TABLE [dbo].[CUSTOMER] DROP CONSTRAINT [SHIPPINGADDRESS_CUSTOMER]
GO
/****** Object:  ForeignKey [CUSTOMER_CUSTOMERENTITLEMENT]    Script Date: 02/24/2009 16:53:58 ******/
IF  EXISTS (SELECT * FROM sys.foreign_keys WHERE object_id = OBJECT_ID(N'[dbo].[CUSTOMER_CUSTOMERENTITLEMENT]') AND parent_object_id = OBJECT_ID(N'[dbo].[CUSTOMERENTITLEMENT]'))
ALTER TABLE [dbo].[CUSTOMERENTITLEMENT] DROP CONSTRAINT [CUSTOMER_CUSTOMERENTITLEMENT]
GO
/****** Object:  ForeignKey [CUSTOMER_CUSTOMERPREFERENCE]    Script Date: 02/24/2009 16:53:58 ******/
IF  EXISTS (SELECT * FROM sys.foreign_keys WHERE object_id = OBJECT_ID(N'[dbo].[CUSTOMER_CUSTOMERPREFERENCE]') AND parent_object_id = OBJECT_ID(N'[dbo].[CUSTOMERPREFERENCE]'))
ALTER TABLE [dbo].[CUSTOMERPREFERENCE] DROP CONSTRAINT [CUSTOMER_CUSTOMERPREFERENCE]
GO
/****** Object:  ForeignKey [ADDRESS_DISTRIBUTOR]    Script Date: 02/24/2009 16:53:58 ******/
IF  EXISTS (SELECT * FROM sys.foreign_keys WHERE object_id = OBJECT_ID(N'[dbo].[ADDRESS_DISTRIBUTOR]') AND parent_object_id = OBJECT_ID(N'[dbo].[DISTRIBUTOR]'))
ALTER TABLE [dbo].[DISTRIBUTOR] DROP CONSTRAINT [ADDRESS_DISTRIBUTOR]
GO
/****** Object:  ForeignKey [ADDRESS2_DISTRIBUTOR]    Script Date: 02/24/2009 16:53:58 ******/
IF  EXISTS (SELECT * FROM sys.foreign_keys WHERE object_id = OBJECT_ID(N'[dbo].[ADDRESS2_DISTRIBUTOR]') AND parent_object_id = OBJECT_ID(N'[dbo].[DISTRIBUTOR]'))
ALTER TABLE [dbo].[DISTRIBUTOR] DROP CONSTRAINT [ADDRESS2_DISTRIBUTOR]
GO
/****** Object:  ForeignKey [DISTRIBUTOR_BRAND]    Script Date: 02/24/2009 16:53:58 ******/
IF  EXISTS (SELECT * FROM sys.foreign_keys WHERE object_id = OBJECT_ID(N'[dbo].[DISTRIBUTOR_BRAND]') AND parent_object_id = OBJECT_ID(N'[dbo].[DISTRIBUTOR]'))
ALTER TABLE [dbo].[DISTRIBUTOR] DROP CONSTRAINT [DISTRIBUTOR_BRAND]
GO
/****** Object:  ForeignKey [DISTRIBUTORENTITLEMENT_DISTRIBUTOR]    Script Date: 02/24/2009 16:53:58 ******/
IF  EXISTS (SELECT * FROM sys.foreign_keys WHERE object_id = OBJECT_ID(N'[dbo].[DISTRIBUTORENTITLEMENT_DISTRIBUTOR]') AND parent_object_id = OBJECT_ID(N'[dbo].[DISTRIBUTORENTITLEMENT]'))
ALTER TABLE [dbo].[DISTRIBUTORENTITLEMENT] DROP CONSTRAINT [DISTRIBUTORENTITLEMENT_DISTRIBUTOR]
GO
/****** Object:  ForeignKey [DISTRIBUTORGROUP_BRAND]    Script Date: 02/24/2009 16:53:58 ******/
IF  EXISTS (SELECT * FROM sys.foreign_keys WHERE object_id = OBJECT_ID(N'[dbo].[DISTRIBUTORGROUP_BRAND]') AND parent_object_id = OBJECT_ID(N'[dbo].[DISTRIBUTORGROUP]'))
ALTER TABLE [dbo].[DISTRIBUTORGROUP] DROP CONSTRAINT [DISTRIBUTORGROUP_BRAND]
GO
/****** Object:  ForeignKey [DISTRIBUTOR_DISTRIBUTORPREFERENCE]    Script Date: 02/24/2009 16:53:58 ******/
IF  EXISTS (SELECT * FROM sys.foreign_keys WHERE object_id = OBJECT_ID(N'[dbo].[DISTRIBUTOR_DISTRIBUTORPREFERENCE]') AND parent_object_id = OBJECT_ID(N'[dbo].[DISTRIBUTORPREFERENCE]'))
ALTER TABLE [dbo].[DISTRIBUTORPREFERENCE] DROP CONSTRAINT [DISTRIBUTOR_DISTRIBUTORPREFERENCE]
GO
/****** Object:  ForeignKey [LEARNER_CUSTOMER]    Script Date: 02/24/2009 16:53:58 ******/
IF  EXISTS (SELECT * FROM sys.foreign_keys WHERE object_id = OBJECT_ID(N'[dbo].[LEARNER_CUSTOMER]') AND parent_object_id = OBJECT_ID(N'[dbo].[LEARNER]'))
ALTER TABLE [dbo].[LEARNER] DROP CONSTRAINT [LEARNER_CUSTOMER]
GO
/****** Object:  ForeignKey [VU360USER_LEARNER]    Script Date: 02/24/2009 16:53:58 ******/
IF  EXISTS (SELECT * FROM sys.foreign_keys WHERE object_id = OBJECT_ID(N'[dbo].[VU360USER_LEARNER]') AND parent_object_id = OBJECT_ID(N'[dbo].[LEARNER]'))
ALTER TABLE [dbo].[LEARNER] DROP CONSTRAINT [VU360USER_LEARNER]
GO
/****** Object:  ForeignKey [LEARNER_LEARNERCOURSESTATISTICS]    Script Date: 02/24/2009 16:53:58 ******/
IF  EXISTS (SELECT * FROM sys.foreign_keys WHERE object_id = OBJECT_ID(N'[dbo].[LEARNER_LEARNERCOURSESTATISTICS]') AND parent_object_id = OBJECT_ID(N'[dbo].[LEARNERCOURSESTATISTICS]'))
ALTER TABLE [dbo].[LEARNERCOURSESTATISTICS] DROP CONSTRAINT [LEARNER_LEARNERCOURSESTATISTICS]
GO
/****** Object:  ForeignKey [LEARNERENROLMENT_LEARNERCOURSESTATISTICS]    Script Date: 02/24/2009 16:53:58 ******/
IF  EXISTS (SELECT * FROM sys.foreign_keys WHERE object_id = OBJECT_ID(N'[dbo].[LEARNERENROLMENT_LEARNERCOURSESTATISTICS]') AND parent_object_id = OBJECT_ID(N'[dbo].[LEARNERCOURSESTATISTICS]'))
ALTER TABLE [dbo].[LEARNERCOURSESTATISTICS] DROP CONSTRAINT [LEARNERENROLMENT_LEARNERCOURSESTATISTICS]
GO
/****** Object:  ForeignKey [COURSE_LEARNERENROLLMENT]    Script Date: 02/24/2009 16:53:58 ******/
IF  EXISTS (SELECT * FROM sys.foreign_keys WHERE object_id = OBJECT_ID(N'[dbo].[COURSE_LEARNERENROLLMENT]') AND parent_object_id = OBJECT_ID(N'[dbo].[LEARNERENROLLMENT]'))
ALTER TABLE [dbo].[LEARNERENROLLMENT] DROP CONSTRAINT [COURSE_LEARNERENROLLMENT]
GO
/****** Object:  ForeignKey [CUSTOMERENROLLMENT_LEARNERENROLLMENT]    Script Date: 02/24/2009 16:53:58 ******/
IF  EXISTS (SELECT * FROM sys.foreign_keys WHERE object_id = OBJECT_ID(N'[dbo].[CUSTOMERENROLLMENT_LEARNERENROLLMENT]') AND parent_object_id = OBJECT_ID(N'[dbo].[LEARNERENROLLMENT]'))
ALTER TABLE [dbo].[LEARNERENROLLMENT] DROP CONSTRAINT [CUSTOMERENROLLMENT_LEARNERENROLLMENT]
GO
/****** Object:  ForeignKey [LEARNER_LEARNERENROLLMENT]    Script Date: 02/24/2009 16:53:58 ******/
IF  EXISTS (SELECT * FROM sys.foreign_keys WHERE object_id = OBJECT_ID(N'[dbo].[LEARNER_LEARNERENROLLMENT]') AND parent_object_id = OBJECT_ID(N'[dbo].[LEARNERENROLLMENT]'))
ALTER TABLE [dbo].[LEARNERENROLLMENT] DROP CONSTRAINT [LEARNER_LEARNERENROLLMENT]
GO
/****** Object:  ForeignKey [LEARNERENROLLMENT_ORGGROUPENTITLEMENT]    Script Date: 02/24/2009 16:53:58 ******/
IF  EXISTS (SELECT * FROM sys.foreign_keys WHERE object_id = OBJECT_ID(N'[dbo].[LEARNERENROLLMENT_ORGGROUPENTITLEMENT]') AND parent_object_id = OBJECT_ID(N'[dbo].[LEARNERENROLLMENT]'))
ALTER TABLE [dbo].[LEARNERENROLLMENT] DROP CONSTRAINT [LEARNERENROLLMENT_ORGGROUPENTITLEMENT]
GO
/****** Object:  ForeignKey [CUSTOMER_LEARNERGROUP]    Script Date: 02/24/2009 16:53:58 ******/
IF  EXISTS (SELECT * FROM sys.foreign_keys WHERE object_id = OBJECT_ID(N'[dbo].[CUSTOMER_LEARNERGROUP]') AND parent_object_id = OBJECT_ID(N'[dbo].[LEARNERGROUP]'))
ALTER TABLE [dbo].[LEARNERGROUP] DROP CONSTRAINT [CUSTOMER_LEARNERGROUP]
GO
/****** Object:  ForeignKey [ORGANIZATIONALGROUP_LEARNERGROUP]    Script Date: 02/24/2009 16:53:58 ******/
IF  EXISTS (SELECT * FROM sys.foreign_keys WHERE object_id = OBJECT_ID(N'[dbo].[ORGANIZATIONALGROUP_LEARNERGROUP]') AND parent_object_id = OBJECT_ID(N'[dbo].[LEARNERGROUP]'))
ALTER TABLE [dbo].[LEARNERGROUP] DROP CONSTRAINT [ORGANIZATIONALGROUP_LEARNERGROUP]
GO
/****** Object:  ForeignKey [FK_LEARNERPREFERENCE_LEARNER]    Script Date: 02/24/2009 16:53:58 ******/
IF  EXISTS (SELECT * FROM sys.foreign_keys WHERE object_id = OBJECT_ID(N'[dbo].[FK_LEARNERPREFERENCE_LEARNER]') AND parent_object_id = OBJECT_ID(N'[dbo].[LEARNERPREFERENCE]'))
ALTER TABLE [dbo].[LEARNERPREFERENCE] DROP CONSTRAINT [FK_LEARNERPREFERENCE_LEARNER]
GO
/****** Object:  ForeignKey [ADDRESS_LEARNERPROFILE]    Script Date: 02/24/2009 16:53:58 ******/
IF  EXISTS (SELECT * FROM sys.foreign_keys WHERE object_id = OBJECT_ID(N'[dbo].[ADDRESS_LEARNERPROFILE]') AND parent_object_id = OBJECT_ID(N'[dbo].[LEARNERPROFILE]'))
ALTER TABLE [dbo].[LEARNERPROFILE] DROP CONSTRAINT [ADDRESS_LEARNERPROFILE]
GO
/****** Object:  ForeignKey [LEARNER_LEARNERPROFILE]    Script Date: 02/24/2009 16:53:58 ******/
IF  EXISTS (SELECT * FROM sys.foreign_keys WHERE object_id = OBJECT_ID(N'[dbo].[LEARNER_LEARNERPROFILE]') AND parent_object_id = OBJECT_ID(N'[dbo].[LEARNERPROFILE]'))
ALTER TABLE [dbo].[LEARNERPROFILE] DROP CONSTRAINT [LEARNER_LEARNERPROFILE]
GO
/****** Object:  ForeignKey [COURSE_LEARNINGSESSION]    Script Date: 02/24/2009 16:53:58 ******/
IF  EXISTS (SELECT * FROM sys.foreign_keys WHERE object_id = OBJECT_ID(N'[dbo].[COURSE_LEARNINGSESSION]') AND parent_object_id = OBJECT_ID(N'[dbo].[LEARNINGSESSION]'))
ALTER TABLE [dbo].[LEARNINGSESSION] DROP CONSTRAINT [COURSE_LEARNINGSESSION]
GO
/****** Object:  ForeignKey [LEARNER_LEARNINGSESSION]    Script Date: 02/24/2009 16:53:58 ******/
IF  EXISTS (SELECT * FROM sys.foreign_keys WHERE object_id = OBJECT_ID(N'[dbo].[LEARNER_LEARNINGSESSION]') AND parent_object_id = OBJECT_ID(N'[dbo].[LEARNINGSESSION]'))
ALTER TABLE [dbo].[LEARNINGSESSION] DROP CONSTRAINT [LEARNER_LEARNINGSESSION]
GO
/****** Object:  ForeignKey [LEARNERENROLLMENT_LEARNINGSESSION]    Script Date: 02/24/2009 16:53:58 ******/
IF  EXISTS (SELECT * FROM sys.foreign_keys WHERE object_id = OBJECT_ID(N'[dbo].[LEARNERENROLLMENT_LEARNINGSESSION]') AND parent_object_id = OBJECT_ID(N'[dbo].[LEARNINGSESSION]'))
ALTER TABLE [dbo].[LEARNINGSESSION] DROP CONSTRAINT [LEARNERENROLLMENT_LEARNINGSESSION]
GO
/****** Object:  ForeignKey [VU360USER_LMSADMINISTRATOR]    Script Date: 02/24/2009 16:53:58 ******/
IF  EXISTS (SELECT * FROM sys.foreign_keys WHERE object_id = OBJECT_ID(N'[dbo].[VU360USER_LMSADMINISTRATOR]') AND parent_object_id = OBJECT_ID(N'[dbo].[LMSADMINISTRATOR]'))
ALTER TABLE [dbo].[LMSADMINISTRATOR] DROP CONSTRAINT [VU360USER_LMSADMINISTRATOR]
GO
/****** Object:  ForeignKey [LMSFEATURE_LMSPERMISSION]    Script Date: 02/24/2009 16:53:58 ******/
IF  EXISTS (SELECT * FROM sys.foreign_keys WHERE object_id = OBJECT_ID(N'[dbo].[LMSFEATURE_LMSPERMISSION]') AND parent_object_id = OBJECT_ID(N'[dbo].[LMSPERMISSION]'))
ALTER TABLE [dbo].[LMSPERMISSION] DROP CONSTRAINT [LMSFEATURE_LMSPERMISSION]
GO
/****** Object:  ForeignKey [LMSROLE_LMSPERMISSION]    Script Date: 02/24/2009 16:53:58 ******/
IF  EXISTS (SELECT * FROM sys.foreign_keys WHERE object_id = OBJECT_ID(N'[dbo].[LMSROLE_LMSPERMISSION]') AND parent_object_id = OBJECT_ID(N'[dbo].[LMSPERMISSION]'))
ALTER TABLE [dbo].[LMSPERMISSION] DROP CONSTRAINT [LMSROLE_LMSPERMISSION]
GO
/****** Object:  ForeignKey [LMSROLE_CUSTOMER]    Script Date: 02/24/2009 16:53:58 ******/
IF  EXISTS (SELECT * FROM sys.foreign_keys WHERE object_id = OBJECT_ID(N'[dbo].[LMSROLE_CUSTOMER]') AND parent_object_id = OBJECT_ID(N'[dbo].[LMSROLE]'))
ALTER TABLE [dbo].[LMSROLE] DROP CONSTRAINT [LMSROLE_CUSTOMER]
GO
/****** Object:  ForeignKey [CUSTOMER_ORGANIZATIONALGROUP]    Script Date: 02/24/2009 16:53:58 ******/
IF  EXISTS (SELECT * FROM sys.foreign_keys WHERE object_id = OBJECT_ID(N'[dbo].[CUSTOMER_ORGANIZATIONALGROUP]') AND parent_object_id = OBJECT_ID(N'[dbo].[ORGANIZATIONALGROUP]'))
ALTER TABLE [dbo].[ORGANIZATIONALGROUP] DROP CONSTRAINT [CUSTOMER_ORGANIZATIONALGROUP]
GO
/****** Object:  ForeignKey [FK_ORGANIZATIONALGROUP_PARENTORGANIZATIONALGROUP]    Script Date: 02/24/2009 16:53:58 ******/
IF  EXISTS (SELECT * FROM sys.foreign_keys WHERE object_id = OBJECT_ID(N'[dbo].[FK_ORGANIZATIONALGROUP_PARENTORGANIZATIONALGROUP]') AND parent_object_id = OBJECT_ID(N'[dbo].[ORGANIZATIONALGROUP]'))
ALTER TABLE [dbo].[ORGANIZATIONALGROUP] DROP CONSTRAINT [FK_ORGANIZATIONALGROUP_PARENTORGANIZATIONALGROUP]
GO
/****** Object:  ForeignKey [FK_ORGANIZATIONALGROUP_ROOTORGANIZATIONALGROUP]    Script Date: 02/24/2009 16:53:58 ******/
IF  EXISTS (SELECT * FROM sys.foreign_keys WHERE object_id = OBJECT_ID(N'[dbo].[FK_ORGANIZATIONALGROUP_ROOTORGANIZATIONALGROUP]') AND parent_object_id = OBJECT_ID(N'[dbo].[ORGANIZATIONALGROUP]'))
ALTER TABLE [dbo].[ORGANIZATIONALGROUP] DROP CONSTRAINT [FK_ORGANIZATIONALGROUP_ROOTORGANIZATIONALGROUP]
GO
/****** Object:  ForeignKey [CUSTOMERENTITLEMENT_ORGANIZATIONALGROUPENTITLEMENT]    Script Date: 02/24/2009 16:53:58 ******/
IF  EXISTS (SELECT * FROM sys.foreign_keys WHERE object_id = OBJECT_ID(N'[dbo].[CUSTOMERENTITLEMENT_ORGANIZATIONALGROUPENTITLEMENT]') AND parent_object_id = OBJECT_ID(N'[dbo].[ORGANIZATIONALGROUPENTITLEMENT]'))
ALTER TABLE [dbo].[ORGANIZATIONALGROUPENTITLEMENT] DROP CONSTRAINT [CUSTOMERENTITLEMENT_ORGANIZATIONALGROUPENTITLEMENT]
GO
/****** Object:  ForeignKey [ORGANIZATIONALGROUP_ORGANIZATIONALGROUPENTITLEMENT]    Script Date: 02/24/2009 16:53:58 ******/
IF  EXISTS (SELECT * FROM sys.foreign_keys WHERE object_id = OBJECT_ID(N'[dbo].[ORGANIZATIONALGROUP_ORGANIZATIONALGROUPENTITLEMENT]') AND parent_object_id = OBJECT_ID(N'[dbo].[ORGANIZATIONALGROUPENTITLEMENT]'))
ALTER TABLE [dbo].[ORGANIZATIONALGROUPENTITLEMENT] DROP CONSTRAINT [ORGANIZATIONALGROUP_ORGANIZATIONALGROUPENTITLEMENT]
GO
/****** Object:  ForeignKey [CUSTOMER_REGISTRATIONINVITATION]    Script Date: 02/24/2009 16:53:58 ******/
IF  EXISTS (SELECT * FROM sys.foreign_keys WHERE object_id = OBJECT_ID(N'[dbo].[CUSTOMER_REGISTRATIONINVITATION]') AND parent_object_id = OBJECT_ID(N'[dbo].[REGISTRATIONINVITATION]'))
ALTER TABLE [dbo].[REGISTRATIONINVITATION] DROP CONSTRAINT [CUSTOMER_REGISTRATIONINVITATION]
GO
/****** Object:  ForeignKey [FK_SURVEY_SURVEYOWNER]    Script Date: 02/24/2009 16:53:58 ******/
IF  EXISTS (SELECT * FROM sys.foreign_keys WHERE object_id = OBJECT_ID(N'[dbo].[FK_SURVEY_SURVEYOWNER]') AND parent_object_id = OBJECT_ID(N'[dbo].[SURVEY]'))
ALTER TABLE [dbo].[SURVEY] DROP CONSTRAINT [FK_SURVEY_SURVEYOWNER]
GO
/****** Object:  ForeignKey [FK_SURVEYANSWER_SURVEYQUESTION]    Script Date: 02/24/2009 16:53:58 ******/
IF  EXISTS (SELECT * FROM sys.foreign_keys WHERE object_id = OBJECT_ID(N'[dbo].[FK_SURVEYANSWER_SURVEYQUESTION]') AND parent_object_id = OBJECT_ID(N'[dbo].[SURVEYANSWER]'))
ALTER TABLE [dbo].[SURVEYANSWER] DROP CONSTRAINT [FK_SURVEYANSWER_SURVEYQUESTION]
GO
/****** Object:  ForeignKey [FK_SURVEYQUESTION_SURVEY]    Script Date: 02/24/2009 16:53:58 ******/
IF  EXISTS (SELECT * FROM sys.foreign_keys WHERE object_id = OBJECT_ID(N'[dbo].[FK_SURVEYQUESTION_SURVEY]') AND parent_object_id = OBJECT_ID(N'[dbo].[SURVEYQUESTION]'))
ALTER TABLE [dbo].[SURVEYQUESTION] DROP CONSTRAINT [FK_SURVEYQUESTION_SURVEY]
GO
/****** Object:  ForeignKey [SurveyResult_Survey]    Script Date: 02/24/2009 16:53:59 ******/
IF  EXISTS (SELECT * FROM sys.foreign_keys WHERE object_id = OBJECT_ID(N'[dbo].[SurveyResult_Survey]') AND parent_object_id = OBJECT_ID(N'[dbo].[SurveyResult]'))
ALTER TABLE [dbo].[SurveyResult] DROP CONSTRAINT [SurveyResult_Survey]
GO
/****** Object:  ForeignKey [SurveyResult_VU360USER]    Script Date: 02/24/2009 16:53:59 ******/
IF  EXISTS (SELECT * FROM sys.foreign_keys WHERE object_id = OBJECT_ID(N'[dbo].[SurveyResult_VU360USER]') AND parent_object_id = OBJECT_ID(N'[dbo].[SurveyResult]'))
ALTER TABLE [dbo].[SurveyResult] DROP CONSTRAINT [SurveyResult_VU360USER]
GO
/****** Object:  ForeignKey [SurveyResultAnswer_SurveyAnswer]    Script Date: 02/24/2009 16:53:59 ******/
IF  EXISTS (SELECT * FROM sys.foreign_keys WHERE object_id = OBJECT_ID(N'[dbo].[SurveyResultAnswer_SurveyAnswer]') AND parent_object_id = OBJECT_ID(N'[dbo].[SurveyResultAnswer]'))
ALTER TABLE [dbo].[SurveyResultAnswer] DROP CONSTRAINT [SurveyResultAnswer_SurveyAnswer]
GO
/****** Object:  ForeignKey [SurveyResultAnswer_SurveyResult]    Script Date: 02/24/2009 16:53:59 ******/
IF  EXISTS (SELECT * FROM sys.foreign_keys WHERE object_id = OBJECT_ID(N'[dbo].[SurveyResultAnswer_SurveyResult]') AND parent_object_id = OBJECT_ID(N'[dbo].[SurveyResultAnswer]'))
ALTER TABLE [dbo].[SurveyResultAnswer] DROP CONSTRAINT [SurveyResultAnswer_SurveyResult]
GO
/****** Object:  ForeignKey [CUSTOMER_TRAINIINGPLAN]    Script Date: 02/24/2009 16:53:59 ******/
IF  EXISTS (SELECT * FROM sys.foreign_keys WHERE object_id = OBJECT_ID(N'[dbo].[CUSTOMER_TRAINIINGPLAN]') AND parent_object_id = OBJECT_ID(N'[dbo].[TRAINIINGPLAN]'))
ALTER TABLE [dbo].[TRAINIINGPLAN] DROP CONSTRAINT [CUSTOMER_TRAINIINGPLAN]
GO
/****** Object:  ForeignKey [TRAINIINGPLAN_TRAINIINGPLANASSIGNMENT]    Script Date: 02/24/2009 16:53:59 ******/
IF  EXISTS (SELECT * FROM sys.foreign_keys WHERE object_id = OBJECT_ID(N'[dbo].[TRAINIINGPLAN_TRAINIINGPLANASSIGNMENT]') AND parent_object_id = OBJECT_ID(N'[dbo].[TRAINIINGPLANASSIGNMENT]'))
ALTER TABLE [dbo].[TRAINIINGPLANASSIGNMENT] DROP CONSTRAINT [TRAINIINGPLAN_TRAINIINGPLANASSIGNMENT]
GO
/****** Object:  ForeignKey [CUSTOMER_TRAININGADMINISTRATOR]    Script Date: 02/24/2009 16:53:59 ******/
IF  EXISTS (SELECT * FROM sys.foreign_keys WHERE object_id = OBJECT_ID(N'[dbo].[CUSTOMER_TRAININGADMINISTRATOR]') AND parent_object_id = OBJECT_ID(N'[dbo].[TRAININGADMINISTRATOR]'))
ALTER TABLE [dbo].[TRAININGADMINISTRATOR] DROP CONSTRAINT [CUSTOMER_TRAININGADMINISTRATOR]
GO
/****** Object:  ForeignKey [VU360USER_TRAININGADMINISTRATOR]    Script Date: 02/24/2009 16:53:59 ******/
IF  EXISTS (SELECT * FROM sys.foreign_keys WHERE object_id = OBJECT_ID(N'[dbo].[VU360USER_TRAININGADMINISTRATOR]') AND parent_object_id = OBJECT_ID(N'[dbo].[TRAININGADMINISTRATOR]'))
ALTER TABLE [dbo].[TRAININGADMINISTRATOR] DROP CONSTRAINT [VU360USER_TRAININGADMINISTRATOR]
GO
/****** Object:  ForeignKey [DERIVEDFROM_VU360REPORT]    Script Date: 02/24/2009 16:53:59 ******/
IF  EXISTS (SELECT * FROM sys.foreign_keys WHERE object_id = OBJECT_ID(N'[dbo].[DERIVEDFROM_VU360REPORT]') AND parent_object_id = OBJECT_ID(N'[dbo].[VU360REPORT]'))
ALTER TABLE [dbo].[VU360REPORT] DROP CONSTRAINT [DERIVEDFROM_VU360REPORT]
GO
/****** Object:  ForeignKey [VU360ORIGINALREPORT_VU360REPORT]    Script Date: 02/24/2009 16:53:59 ******/
IF  EXISTS (SELECT * FROM sys.foreign_keys WHERE object_id = OBJECT_ID(N'[dbo].[VU360ORIGINALREPORT_VU360REPORT]') AND parent_object_id = OBJECT_ID(N'[dbo].[VU360REPORT]'))
ALTER TABLE [dbo].[VU360REPORT] DROP CONSTRAINT [VU360ORIGINALREPORT_VU360REPORT]
GO
/****** Object:  ForeignKey [VU360USER_VU360REPORT]    Script Date: 02/24/2009 16:53:59 ******/
IF  EXISTS (SELECT * FROM sys.foreign_keys WHERE object_id = OBJECT_ID(N'[dbo].[VU360USER_VU360REPORT]') AND parent_object_id = OBJECT_ID(N'[dbo].[VU360REPORT]'))
ALTER TABLE [dbo].[VU360REPORT] DROP CONSTRAINT [VU360USER_VU360REPORT]
GO
/****** Object:  ForeignKey [VU360REPORT_VU360REPORTEXECUTIONSUMMARY]    Script Date: 02/24/2009 16:53:59 ******/
IF  EXISTS (SELECT * FROM sys.foreign_keys WHERE object_id = OBJECT_ID(N'[dbo].[VU360REPORT_VU360REPORTEXECUTIONSUMMARY]') AND parent_object_id = OBJECT_ID(N'[dbo].[VU360REPORTEXECUTIONSUMMARY]'))
ALTER TABLE [dbo].[VU360REPORTEXECUTIONSUMMARY] DROP CONSTRAINT [VU360REPORT_VU360REPORTEXECUTIONSUMMARY]
GO
/****** Object:  ForeignKey [VU360REPORT_VU360REPORTFIELD]    Script Date: 02/24/2009 16:53:59 ******/
IF  EXISTS (SELECT * FROM sys.foreign_keys WHERE object_id = OBJECT_ID(N'[dbo].[VU360REPORT_VU360REPORTFIELD]') AND parent_object_id = OBJECT_ID(N'[dbo].[VU360REPORTFIELD]'))
ALTER TABLE [dbo].[VU360REPORTFIELD] DROP CONSTRAINT [VU360REPORT_VU360REPORTFIELD]
GO
/****** Object:  ForeignKey [VU360REPORT_VU360REPORTFILTER]    Script Date: 02/24/2009 16:53:59 ******/
IF  EXISTS (SELECT * FROM sys.foreign_keys WHERE object_id = OBJECT_ID(N'[dbo].[VU360REPORT_VU360REPORTFILTER]') AND parent_object_id = OBJECT_ID(N'[dbo].[VU360REPORTFILTER]'))
ALTER TABLE [dbo].[VU360REPORTFILTER] DROP CONSTRAINT [VU360REPORT_VU360REPORTFILTER]
GO
/****** Object:  ForeignKey [VU360REPORTFIELD_VU360REPORTFILTER]    Script Date: 02/24/2009 16:53:59 ******/
IF  EXISTS (SELECT * FROM sys.foreign_keys WHERE object_id = OBJECT_ID(N'[dbo].[VU360REPORTFIELD_VU360REPORTFILTER]') AND parent_object_id = OBJECT_ID(N'[dbo].[VU360REPORTFILTER]'))
ALTER TABLE [dbo].[VU360REPORTFILTER] DROP CONSTRAINT [VU360REPORTFIELD_VU360REPORTFILTER]
GO
/****** Object:  ForeignKey [VU360REPORTFILTEROPERAND_VU360REPORTFILTER]    Script Date: 02/24/2009 16:53:59 ******/
IF  EXISTS (SELECT * FROM sys.foreign_keys WHERE object_id = OBJECT_ID(N'[dbo].[VU360REPORTFILTEROPERAND_VU360REPORTFILTER]') AND parent_object_id = OBJECT_ID(N'[dbo].[VU360REPORTFILTER]'))
ALTER TABLE [dbo].[VU360REPORTFILTER] DROP CONSTRAINT [VU360REPORTFILTEROPERAND_VU360REPORTFILTER]
GO
/****** Object:  ForeignKey [VU360REPORTFILTER_VU360REPORTFILTERVALUE]    Script Date: 02/24/2009 16:53:59 ******/
IF  EXISTS (SELECT * FROM sys.foreign_keys WHERE object_id = OBJECT_ID(N'[dbo].[VU360REPORTFILTER_VU360REPORTFILTERVALUE]') AND parent_object_id = OBJECT_ID(N'[dbo].[VU360REPORTFILTERVALUE]'))
ALTER TABLE [dbo].[VU360REPORTFILTERVALUE] DROP CONSTRAINT [VU360REPORTFILTER_VU360REPORTFILTERVALUE]
GO
/****** Object:  Default [DF_CUSTOMERPREFERENCE_AUDIOLOCKTF]    Script Date: 02/24/2009 16:53:58 ******/
IF  EXISTS (SELECT * FROM sys.default_constraints WHERE object_id = OBJECT_ID(N'[dbo].[DF_CUSTOMERPREFERENCE_AUDIOLOCKTF]') AND parent_object_id = OBJECT_ID(N'[dbo].[CUSTOMERPREFERENCE]'))
Begin
ALTER TABLE [dbo].[CUSTOMERPREFERENCE] DROP CONSTRAINT [DF_CUSTOMERPREFERENCE_AUDIOLOCKTF]

End
GO
/****** Object:  Default [DF_CUSTOMERPREFERENCE_VOLUMELOCKTF]    Script Date: 02/24/2009 16:53:58 ******/
IF  EXISTS (SELECT * FROM sys.default_constraints WHERE object_id = OBJECT_ID(N'[dbo].[DF_CUSTOMERPREFERENCE_VOLUMELOCKTF]') AND parent_object_id = OBJECT_ID(N'[dbo].[CUSTOMERPREFERENCE]'))
Begin
ALTER TABLE [dbo].[CUSTOMERPREFERENCE] DROP CONSTRAINT [DF_CUSTOMERPREFERENCE_VOLUMELOCKTF]

End
GO
/****** Object:  Default [DF_CUSTOMERPREFERENCE_CAPTIONINGLOCKTF]    Script Date: 02/24/2009 16:53:58 ******/
IF  EXISTS (SELECT * FROM sys.default_constraints WHERE object_id = OBJECT_ID(N'[dbo].[DF_CUSTOMERPREFERENCE_CAPTIONINGLOCKTF]') AND parent_object_id = OBJECT_ID(N'[dbo].[CUSTOMERPREFERENCE]'))
Begin
ALTER TABLE [dbo].[CUSTOMERPREFERENCE] DROP CONSTRAINT [DF_CUSTOMERPREFERENCE_CAPTIONINGLOCKTF]

End
GO
/****** Object:  Default [DF_CUSTOMERPREFERENCE_BANDWIDTHLOCKTF]    Script Date: 02/24/2009 16:53:58 ******/
IF  EXISTS (SELECT * FROM sys.default_constraints WHERE object_id = OBJECT_ID(N'[dbo].[DF_CUSTOMERPREFERENCE_BANDWIDTHLOCKTF]') AND parent_object_id = OBJECT_ID(N'[dbo].[CUSTOMERPREFERENCE]'))
Begin
ALTER TABLE [dbo].[CUSTOMERPREFERENCE] DROP CONSTRAINT [DF_CUSTOMERPREFERENCE_BANDWIDTHLOCKTF]

End
GO
/****** Object:  Default [DF_CUSTOMERPREFERENCE_VIDEOLOCKTF]    Script Date: 02/24/2009 16:53:58 ******/
IF  EXISTS (SELECT * FROM sys.default_constraints WHERE object_id = OBJECT_ID(N'[dbo].[DF_CUSTOMERPREFERENCE_VIDEOLOCKTF]') AND parent_object_id = OBJECT_ID(N'[dbo].[CUSTOMERPREFERENCE]'))
Begin
ALTER TABLE [dbo].[CUSTOMERPREFERENCE] DROP CONSTRAINT [DF_CUSTOMERPREFERENCE_VIDEOLOCKTF]

End
GO
/****** Object:  Default [DF_DISTRIBUTOR_ADDRESS_ID_2]    Script Date: 02/24/2009 16:53:58 ******/
IF  EXISTS (SELECT * FROM sys.default_constraints WHERE object_id = OBJECT_ID(N'[dbo].[DF_DISTRIBUTOR_ADDRESS_ID_2]') AND parent_object_id = OBJECT_ID(N'[dbo].[DISTRIBUTOR]'))
Begin
ALTER TABLE [dbo].[DISTRIBUTOR] DROP CONSTRAINT [DF_DISTRIBUTOR_ADDRESS_ID_2]

End
GO
/****** Object:  Default [DF_LEARNINGSESSION_STRINGCOURSEID]    Script Date: 02/24/2009 16:53:58 ******/
IF  EXISTS (SELECT * FROM sys.default_constraints WHERE object_id = OBJECT_ID(N'[dbo].[DF_LEARNINGSESSION_STRINGCOURSEID]') AND parent_object_id = OBJECT_ID(N'[dbo].[LEARNINGSESSION]'))
Begin
ALTER TABLE [dbo].[LEARNINGSESSION] DROP CONSTRAINT [DF_LEARNINGSESSION_STRINGCOURSEID]

End
GO
/****** Object:  Default [DF_LMSROLE_CUSTOMER_ID]    Script Date: 02/24/2009 16:53:58 ******/
IF  EXISTS (SELECT * FROM sys.default_constraints WHERE object_id = OBJECT_ID(N'[dbo].[DF_LMSROLE_CUSTOMER_ID]') AND parent_object_id = OBJECT_ID(N'[dbo].[LMSROLE]'))
Begin
ALTER TABLE [dbo].[LMSROLE] DROP CONSTRAINT [DF_LMSROLE_CUSTOMER_ID]

End
GO
/****** Object:  Default [DF_SURVEY_SHOWALLTF]    Script Date: 02/24/2009 16:53:58 ******/
IF  EXISTS (SELECT * FROM sys.default_constraints WHERE object_id = OBJECT_ID(N'[dbo].[DF_SURVEY_SHOWALLTF]') AND parent_object_id = OBJECT_ID(N'[dbo].[SURVEY]'))
Begin
ALTER TABLE [dbo].[SURVEY] DROP CONSTRAINT [DF_SURVEY_SHOWALLTF]

End
GO
/****** Object:  Default [DF_SURVEY_SURVEYOWNER_ID]    Script Date: 02/24/2009 16:53:58 ******/
IF  EXISTS (SELECT * FROM sys.default_constraints WHERE object_id = OBJECT_ID(N'[dbo].[DF_SURVEY_SURVEYOWNER_ID]') AND parent_object_id = OBJECT_ID(N'[dbo].[SURVEY]'))
Begin
ALTER TABLE [dbo].[SURVEY] DROP CONSTRAINT [DF_SURVEY_SURVEYOWNER_ID]

End
GO
/****** Object:  Default [DF_SURVEYANSWER_DISPLAYORDER]    Script Date: 02/24/2009 16:53:58 ******/
IF  EXISTS (SELECT * FROM sys.default_constraints WHERE object_id = OBJECT_ID(N'[dbo].[DF_SURVEYANSWER_DISPLAYORDER]') AND parent_object_id = OBJECT_ID(N'[dbo].[SURVEYANSWER]'))
Begin
ALTER TABLE [dbo].[SURVEYANSWER] DROP CONSTRAINT [DF_SURVEYANSWER_DISPLAYORDER]

End
GO
/****** Object:  Default [DF_SURVEYQUESTION_DROPDOWNTF]    Script Date: 02/24/2009 16:53:58 ******/
IF  EXISTS (SELECT * FROM sys.default_constraints WHERE object_id = OBJECT_ID(N'[dbo].[DF_SURVEYQUESTION_DROPDOWNTF]') AND parent_object_id = OBJECT_ID(N'[dbo].[SURVEYQUESTION]'))
Begin
ALTER TABLE [dbo].[SURVEYQUESTION] DROP CONSTRAINT [DF_SURVEYQUESTION_DROPDOWNTF]

End
GO
/****** Object:  Default [DF_SURVEYQUESTION_UNLIMITEDTF]    Script Date: 02/24/2009 16:53:58 ******/
IF  EXISTS (SELECT * FROM sys.default_constraints WHERE object_id = OBJECT_ID(N'[dbo].[DF_SURVEYQUESTION_UNLIMITEDTF]') AND parent_object_id = OBJECT_ID(N'[dbo].[SURVEYQUESTION]'))
Begin
ALTER TABLE [dbo].[SURVEYQUESTION] DROP CONSTRAINT [DF_SURVEYQUESTION_UNLIMITEDTF]

End
GO
/****** Object:  Table [dbo].[DISTRIBUTORENTITLEMENT]    Script Date: 02/24/2009 16:53:58 ******/
IF  EXISTS (SELECT * FROM sys.objects WHERE object_id = OBJECT_ID(N'[dbo].[DISTRIBUTORENTITLEMENT]') AND type in (N'U'))
DROP TABLE [dbo].[DISTRIBUTORENTITLEMENT]
GO
/****** Object:  Table [dbo].[DISTRIBUTORPREFERENCE]    Script Date: 02/24/2009 16:53:58 ******/
IF  EXISTS (SELECT * FROM sys.objects WHERE object_id = OBJECT_ID(N'[dbo].[DISTRIBUTORPREFERENCE]') AND type in (N'U'))
DROP TABLE [dbo].[DISTRIBUTORPREFERENCE]
GO
/****** Object:  Table [dbo].[REGISTRATIONINVITATION]    Script Date: 02/24/2009 16:53:58 ******/
IF  EXISTS (SELECT * FROM sys.objects WHERE object_id = OBJECT_ID(N'[dbo].[REGISTRATIONINVITATION]') AND type in (N'U'))
DROP TABLE [dbo].[REGISTRATIONINVITATION]
GO
/****** Object:  Table [dbo].[COURSEGROUP]    Script Date: 02/24/2009 16:53:58 ******/
IF  EXISTS (SELECT * FROM sys.objects WHERE object_id = OBJECT_ID(N'[dbo].[COURSEGROUP]') AND type in (N'U'))
DROP TABLE [dbo].[COURSEGROUP]
GO
/****** Object:  Table [dbo].[CUSTOMERPREFERENCE]    Script Date: 02/24/2009 16:53:58 ******/
IF  EXISTS (SELECT * FROM sys.objects WHERE object_id = OBJECT_ID(N'[dbo].[CUSTOMERPREFERENCE]') AND type in (N'U'))
DROP TABLE [dbo].[CUSTOMERPREFERENCE]
GO
/****** Object:  Table [dbo].[LEARNERGROUP]    Script Date: 02/24/2009 16:53:58 ******/
IF  EXISTS (SELECT * FROM sys.objects WHERE object_id = OBJECT_ID(N'[dbo].[LEARNERGROUP]') AND type in (N'U'))
DROP TABLE [dbo].[LEARNERGROUP]
GO
/****** Object:  Table [dbo].[TRAINIINGPLANASSIGNMENT]    Script Date: 02/24/2009 16:53:59 ******/
IF  EXISTS (SELECT * FROM sys.objects WHERE object_id = OBJECT_ID(N'[dbo].[TRAINIINGPLANASSIGNMENT]') AND type in (N'U'))
DROP TABLE [dbo].[TRAINIINGPLANASSIGNMENT]
GO
/****** Object:  Table [dbo].[TRAINIINGPLAN]    Script Date: 02/24/2009 16:53:59 ******/
IF  EXISTS (SELECT * FROM sys.objects WHERE object_id = OBJECT_ID(N'[dbo].[TRAINIINGPLAN]') AND type in (N'U'))
DROP TABLE [dbo].[TRAINIINGPLAN]
GO
/****** Object:  Table [dbo].[VU360REPORTEXECUTIONSUMMARY]    Script Date: 02/24/2009 16:53:59 ******/
IF  EXISTS (SELECT * FROM sys.objects WHERE object_id = OBJECT_ID(N'[dbo].[VU360REPORTEXECUTIONSUMMARY]') AND type in (N'U'))
DROP TABLE [dbo].[VU360REPORTEXECUTIONSUMMARY]
GO
/****** Object:  Table [dbo].[LEARNERPROFILE]    Script Date: 02/24/2009 16:53:58 ******/
IF  EXISTS (SELECT * FROM sys.objects WHERE object_id = OBJECT_ID(N'[dbo].[LEARNERPROFILE]') AND type in (N'U'))
DROP TABLE [dbo].[LEARNERPROFILE]
GO
/****** Object:  Table [dbo].[LEARNERPREFERENCE]    Script Date: 02/24/2009 16:53:58 ******/
IF  EXISTS (SELECT * FROM sys.objects WHERE object_id = OBJECT_ID(N'[dbo].[LEARNERPREFERENCE]') AND type in (N'U'))
DROP TABLE [dbo].[LEARNERPREFERENCE]
GO
/****** Object:  Table [dbo].[LEARNERCOURSESTATISTICS]    Script Date: 02/24/2009 16:53:58 ******/
IF  EXISTS (SELECT * FROM sys.objects WHERE object_id = OBJECT_ID(N'[dbo].[LEARNERCOURSESTATISTICS]') AND type in (N'U'))
DROP TABLE [dbo].[LEARNERCOURSESTATISTICS]
GO
/****** Object:  Table [dbo].[LEARNINGSESSION]    Script Date: 02/24/2009 16:53:58 ******/
IF  EXISTS (SELECT * FROM sys.objects WHERE object_id = OBJECT_ID(N'[dbo].[LEARNINGSESSION]') AND type in (N'U'))
DROP TABLE [dbo].[LEARNINGSESSION]
GO
/****** Object:  Table [dbo].[LEARNERENROLLMENT]    Script Date: 02/24/2009 16:53:58 ******/
IF  EXISTS (SELECT * FROM sys.objects WHERE object_id = OBJECT_ID(N'[dbo].[LEARNERENROLLMENT]') AND type in (N'U'))
DROP TABLE [dbo].[LEARNERENROLLMENT]
GO
/****** Object:  Table [dbo].[ORGANIZATIONALGROUPENTITLEMENT]    Script Date: 02/24/2009 16:53:58 ******/
IF  EXISTS (SELECT * FROM sys.objects WHERE object_id = OBJECT_ID(N'[dbo].[ORGANIZATIONALGROUPENTITLEMENT]') AND type in (N'U'))
DROP TABLE [dbo].[ORGANIZATIONALGROUPENTITLEMENT]
GO
/****** Object:  Table [dbo].[ORGANIZATIONALGROUP]    Script Date: 02/24/2009 16:53:58 ******/
IF  EXISTS (SELECT * FROM sys.objects WHERE object_id = OBJECT_ID(N'[dbo].[ORGANIZATIONALGROUP]') AND type in (N'U'))
DROP TABLE [dbo].[ORGANIZATIONALGROUP]
GO
/****** Object:  Table [dbo].[CUSTOMERENTITLEMENT]    Script Date: 02/24/2009 16:53:58 ******/
IF  EXISTS (SELECT * FROM sys.objects WHERE object_id = OBJECT_ID(N'[dbo].[CUSTOMERENTITLEMENT]') AND type in (N'U'))
DROP TABLE [dbo].[CUSTOMERENTITLEMENT]
GO
/****** Object:  Table [dbo].[COURSE]    Script Date: 02/24/2009 16:53:58 ******/
IF  EXISTS (SELECT * FROM sys.objects WHERE object_id = OBJECT_ID(N'[dbo].[COURSE]') AND type in (N'U'))
DROP TABLE [dbo].[COURSE]
GO
/****** Object:  Table [dbo].[DISTRIBUTORGROUP]    Script Date: 02/24/2009 16:53:58 ******/
IF  EXISTS (SELECT * FROM sys.objects WHERE object_id = OBJECT_ID(N'[dbo].[DISTRIBUTORGROUP]') AND type in (N'U'))
DROP TABLE [dbo].[DISTRIBUTORGROUP]
GO
/****** Object:  Table [dbo].[LMSADMINISTRATOR]    Script Date: 02/24/2009 16:53:58 ******/
IF  EXISTS (SELECT * FROM sys.objects WHERE object_id = OBJECT_ID(N'[dbo].[LMSADMINISTRATOR]') AND type in (N'U'))
DROP TABLE [dbo].[LMSADMINISTRATOR]
GO
/****** Object:  Table [dbo].[LEARNER]    Script Date: 02/24/2009 16:53:58 ******/
IF  EXISTS (SELECT * FROM sys.objects WHERE object_id = OBJECT_ID(N'[dbo].[LEARNER]') AND type in (N'U'))
DROP TABLE [dbo].[LEARNER]
GO
/****** Object:  Table [dbo].[TRAININGADMINISTRATOR]    Script Date: 02/24/2009 16:53:59 ******/
IF  EXISTS (SELECT * FROM sys.objects WHERE object_id = OBJECT_ID(N'[dbo].[TRAININGADMINISTRATOR]') AND type in (N'U'))
DROP TABLE [dbo].[TRAININGADMINISTRATOR]
GO
/****** Object:  Table [dbo].[VU360REPORTFILTERVALUE]    Script Date: 02/24/2009 16:53:59 ******/
IF  EXISTS (SELECT * FROM sys.objects WHERE object_id = OBJECT_ID(N'[dbo].[VU360REPORTFILTERVALUE]') AND type in (N'U'))
DROP TABLE [dbo].[VU360REPORTFILTERVALUE]
GO
/****** Object:  Table [dbo].[VU360REPORTFILTER]    Script Date: 02/24/2009 16:53:59 ******/
IF  EXISTS (SELECT * FROM sys.objects WHERE object_id = OBJECT_ID(N'[dbo].[VU360REPORTFILTER]') AND type in (N'U'))
DROP TABLE [dbo].[VU360REPORTFILTER]
GO
/****** Object:  Table [dbo].[VU360REPORTFIELD]    Script Date: 02/24/2009 16:53:59 ******/
IF  EXISTS (SELECT * FROM sys.objects WHERE object_id = OBJECT_ID(N'[dbo].[VU360REPORTFIELD]') AND type in (N'U'))
DROP TABLE [dbo].[VU360REPORTFIELD]
GO
/****** Object:  Table [dbo].[VU360REPORT]    Script Date: 02/24/2009 16:53:59 ******/
IF  EXISTS (SELECT * FROM sys.objects WHERE object_id = OBJECT_ID(N'[dbo].[VU360REPORT]') AND type in (N'U'))
DROP TABLE [dbo].[VU360REPORT]
GO
/****** Object:  Table [dbo].[LMSPERMISSION]    Script Date: 02/24/2009 16:53:58 ******/
IF  EXISTS (SELECT * FROM sys.objects WHERE object_id = OBJECT_ID(N'[dbo].[LMSPERMISSION]') AND type in (N'U'))
DROP TABLE [dbo].[LMSPERMISSION]
GO
/****** Object:  Table [dbo].[LMSROLE]    Script Date: 02/24/2009 16:53:58 ******/
IF  EXISTS (SELECT * FROM sys.objects WHERE object_id = OBJECT_ID(N'[dbo].[LMSROLE]') AND type in (N'U'))
DROP TABLE [dbo].[LMSROLE]
GO
/****** Object:  Table [dbo].[SurveyResultAnswer]    Script Date: 02/24/2009 16:53:59 ******/
IF  EXISTS (SELECT * FROM sys.objects WHERE object_id = OBJECT_ID(N'[dbo].[SurveyResultAnswer]') AND type in (N'U'))
DROP TABLE [dbo].[SurveyResultAnswer]
GO
/****** Object:  Table [dbo].[SurveyResult]    Script Date: 02/24/2009 16:53:58 ******/
IF  EXISTS (SELECT * FROM sys.objects WHERE object_id = OBJECT_ID(N'[dbo].[SurveyResult]') AND type in (N'U'))
DROP TABLE [dbo].[SurveyResult]
GO
/****** Object:  Table [dbo].[SURVEYANSWER]    Script Date: 02/24/2009 16:53:58 ******/
IF  EXISTS (SELECT * FROM sys.objects WHERE object_id = OBJECT_ID(N'[dbo].[SURVEYANSWER]') AND type in (N'U'))
DROP TABLE [dbo].[SURVEYANSWER]
GO
/****** Object:  Table [dbo].[SURVEYQUESTION]    Script Date: 02/24/2009 16:53:58 ******/
IF  EXISTS (SELECT * FROM sys.objects WHERE object_id = OBJECT_ID(N'[dbo].[SURVEYQUESTION]') AND type in (N'U'))
DROP TABLE [dbo].[SURVEYQUESTION]
GO
/****** Object:  Table [dbo].[SURVEY]    Script Date: 02/24/2009 16:53:58 ******/
IF  EXISTS (SELECT * FROM sys.objects WHERE object_id = OBJECT_ID(N'[dbo].[SURVEY]') AND type in (N'U'))
DROP TABLE [dbo].[SURVEY]
GO
/****** Object:  Table [dbo].[CUSTOMER]    Script Date: 02/24/2009 16:53:58 ******/
IF  EXISTS (SELECT * FROM sys.objects WHERE object_id = OBJECT_ID(N'[dbo].[CUSTOMER]') AND type in (N'U'))
DROP TABLE [dbo].[CUSTOMER]
GO
/****** Object:  Table [dbo].[DISTRIBUTOR]    Script Date: 02/24/2009 16:53:58 ******/
IF  EXISTS (SELECT * FROM sys.objects WHERE object_id = OBJECT_ID(N'[dbo].[DISTRIBUTOR]') AND type in (N'U'))
DROP TABLE [dbo].[DISTRIBUTOR]
GO
/****** Object:  Table [dbo].[DISTRIBUTOR_DISTRIBUTORGROUP]    Script Date: 02/24/2009 16:53:58 ******/
IF  EXISTS (SELECT * FROM sys.objects WHERE object_id = OBJECT_ID(N'[dbo].[DISTRIBUTOR_DISTRIBUTORGROUP]') AND type in (N'U'))
DROP TABLE [dbo].[DISTRIBUTOR_DISTRIBUTORGROUP]
GO
/****** Object:  Table [dbo].[ADDRESS]    Script Date: 02/24/2009 16:53:58 ******/
IF  EXISTS (SELECT * FROM sys.objects WHERE object_id = OBJECT_ID(N'[dbo].[ADDRESS]') AND type in (N'U'))
DROP TABLE [dbo].[ADDRESS]
GO
/****** Object:  Table [dbo].[LANGUAGE]    Script Date: 02/24/2009 16:53:58 ******/
IF  EXISTS (SELECT * FROM sys.objects WHERE object_id = OBJECT_ID(N'[dbo].[LANGUAGE]') AND type in (N'U'))
DROP TABLE [dbo].[LANGUAGE]
GO
/****** Object:  Table [dbo].[SURVERYOWNER]    Script Date: 02/24/2009 16:53:58 ******/
IF  EXISTS (SELECT * FROM sys.objects WHERE object_id = OBJECT_ID(N'[dbo].[SURVERYOWNER]') AND type in (N'U'))
DROP TABLE [dbo].[SURVERYOWNER]
GO
/****** Object:  Table [dbo].[LMSFEATURE]    Script Date: 02/24/2009 16:53:58 ******/
IF  EXISTS (SELECT * FROM sys.objects WHERE object_id = OBJECT_ID(N'[dbo].[LMSFEATURE]') AND type in (N'U'))
DROP TABLE [dbo].[LMSFEATURE]
GO
/****** Object:  Table [dbo].[STATE]    Script Date: 02/24/2009 16:53:58 ******/
IF  EXISTS (SELECT * FROM sys.objects WHERE object_id = OBJECT_ID(N'[dbo].[STATE]') AND type in (N'U'))
DROP TABLE [dbo].[STATE]
GO
/****** Object:  Table [dbo].[TRAININGADMINISTRATOR_ORGANIZATIONALGROUP]    Script Date: 02/24/2009 16:53:59 ******/
IF  EXISTS (SELECT * FROM sys.objects WHERE object_id = OBJECT_ID(N'[dbo].[TRAININGADMINISTRATOR_ORGANIZATIONALGROUP]') AND type in (N'U'))
DROP TABLE [dbo].[TRAININGADMINISTRATOR_ORGANIZATIONALGROUP]
GO
/****** Object:  Table [dbo].[VU360REPORTFILTEROPERAND]    Script Date: 02/24/2009 16:53:59 ******/
IF  EXISTS (SELECT * FROM sys.objects WHERE object_id = OBJECT_ID(N'[dbo].[VU360REPORTFILTEROPERAND]') AND type in (N'U'))
DROP TABLE [dbo].[VU360REPORTFILTEROPERAND]
GO
/****** Object:  Table [dbo].[SURVEY_COURSE]    Script Date: 02/24/2009 16:53:58 ******/
IF  EXISTS (SELECT * FROM sys.objects WHERE object_id = OBJECT_ID(N'[dbo].[SURVEY_COURSE]') AND type in (N'U'))
DROP TABLE [dbo].[SURVEY_COURSE]
GO
/****** Object:  Table [dbo].[COURSE_COURSEGROUP]    Script Date: 02/24/2009 16:53:58 ******/
IF  EXISTS (SELECT * FROM sys.objects WHERE object_id = OBJECT_ID(N'[dbo].[COURSE_COURSEGROUP]') AND type in (N'U'))
DROP TABLE [dbo].[COURSE_COURSEGROUP]
GO
/****** Object:  Table [dbo].[BRAND]    Script Date: 02/24/2009 16:53:58 ******/
IF  EXISTS (SELECT * FROM sys.objects WHERE object_id = OBJECT_ID(N'[dbo].[BRAND]') AND type in (N'U'))
DROP TABLE [dbo].[BRAND]
GO
/****** Object:  Table [dbo].[AUDITEVENT]    Script Date: 02/24/2009 16:53:58 ******/
IF  EXISTS (SELECT * FROM sys.objects WHERE object_id = OBJECT_ID(N'[dbo].[AUDITEVENT]') AND type in (N'U'))
DROP TABLE [dbo].[AUDITEVENT]
GO
/****** Object:  Table [dbo].[VU360USER]    Script Date: 02/24/2009 16:53:59 ******/
IF  EXISTS (SELECT * FROM sys.objects WHERE object_id = OBJECT_ID(N'[dbo].[VU360USER]') AND type in (N'U'))
DROP TABLE [dbo].[VU360USER]
GO
/****** Object:  Table [dbo].[VU360_SEQ]    Script Date: 02/24/2009 16:53:59 ******/
IF  EXISTS (SELECT * FROM sys.objects WHERE object_id = OBJECT_ID(N'[dbo].[VU360_SEQ]') AND type in (N'U'))
DROP TABLE [dbo].[VU360_SEQ]
GO
/****** Object:  Table [dbo].[COURSE_CUSTOMERENTITLEMENT]    Script Date: 02/24/2009 16:53:58 ******/
IF  EXISTS (SELECT * FROM sys.objects WHERE object_id = OBJECT_ID(N'[dbo].[COURSE_CUSTOMERENTITLEMENT]') AND type in (N'U'))
DROP TABLE [dbo].[COURSE_CUSTOMERENTITLEMENT]
GO
/****** Object:  Table [dbo].[COUNTRY]    Script Date: 02/24/2009 16:53:58 ******/
IF  EXISTS (SELECT * FROM sys.objects WHERE object_id = OBJECT_ID(N'[dbo].[COUNTRY]') AND type in (N'U'))
DROP TABLE [dbo].[COUNTRY]
GO
/****** Object:  Table [dbo].[LMSADMINISTRATOR_DISTRIBUTORGROUP]    Script Date: 02/24/2009 16:53:58 ******/
IF  EXISTS (SELECT * FROM sys.objects WHERE object_id = OBJECT_ID(N'[dbo].[LMSADMINISTRATOR_DISTRIBUTORGROUP]') AND type in (N'U'))
DROP TABLE [dbo].[LMSADMINISTRATOR_DISTRIBUTORGROUP]
GO
/****** Object:  Table [dbo].[COURSEGROUP_DISTRIBUTORENTITLEMENT]    Script Date: 02/24/2009 16:53:58 ******/
IF  EXISTS (SELECT * FROM sys.objects WHERE object_id = OBJECT_ID(N'[dbo].[COURSEGROUP_DISTRIBUTORENTITLEMENT]') AND type in (N'U'))
DROP TABLE [dbo].[COURSEGROUP_DISTRIBUTORENTITLEMENT]
GO
/****** Object:  Table [dbo].[COURSEGROUP_CUSTOMERENTITLEMENT]    Script Date: 02/24/2009 16:53:58 ******/
IF  EXISTS (SELECT * FROM sys.objects WHERE object_id = OBJECT_ID(N'[dbo].[COURSEGROUP_CUSTOMERENTITLEMENT]') AND type in (N'U'))
DROP TABLE [dbo].[COURSEGROUP_CUSTOMERENTITLEMENT]
GO
/****** Object:  Table [dbo].[LEARNER_LEARNERGROUP]    Script Date: 02/24/2009 16:53:58 ******/
IF  EXISTS (SELECT * FROM sys.objects WHERE object_id = OBJECT_ID(N'[dbo].[LEARNER_LEARNERGROUP]') AND type in (N'U'))
DROP TABLE [dbo].[LEARNER_LEARNERGROUP]
GO
/****** Object:  Table [dbo].[REGISTRATIONINVITATION_LEARNERGROUP]    Script Date: 02/24/2009 16:53:58 ******/
IF  EXISTS (SELECT * FROM sys.objects WHERE object_id = OBJECT_ID(N'[dbo].[REGISTRATIONINVITATION_LEARNERGROUP]') AND type in (N'U'))
DROP TABLE [dbo].[REGISTRATIONINVITATION_LEARNERGROUP]
GO
/****** Object:  Table [dbo].[REGISTRATIONINVITATION_ORGANIZATIONALGROUP]    Script Date: 02/24/2009 16:53:58 ******/
IF  EXISTS (SELECT * FROM sys.objects WHERE object_id = OBJECT_ID(N'[dbo].[REGISTRATIONINVITATION_ORGANIZATIONALGROUP]') AND type in (N'U'))
DROP TABLE [dbo].[REGISTRATIONINVITATION_ORGANIZATIONALGROUP]
GO
/****** Object:  Table [dbo].[LEARNER_ORGANIZATIONALGROUP]    Script Date: 02/24/2009 16:53:58 ******/
IF  EXISTS (SELECT * FROM sys.objects WHERE object_id = OBJECT_ID(N'[dbo].[LEARNER_ORGANIZATIONALGROUP]') AND type in (N'U'))
DROP TABLE [dbo].[LEARNER_ORGANIZATIONALGROUP]
GO
/****** Object:  Table [dbo].[VU360USER_ROLE]    Script Date: 02/24/2009 16:53:59 ******/
IF  EXISTS (SELECT * FROM sys.objects WHERE object_id = OBJECT_ID(N'[dbo].[VU360USER_ROLE]') AND type in (N'U'))
DROP TABLE [dbo].[VU360USER_ROLE]
GO
/****** Object:  Table [dbo].[TRININGADMINISTRATOR_ORGANISATIONALGROUP]    Script Date: 02/24/2009 16:53:59 ******/
IF  EXISTS (SELECT * FROM sys.objects WHERE object_id = OBJECT_ID(N'[dbo].[TRININGADMINISTRATOR_ORGANISATIONALGROUP]') AND type in (N'U'))
DROP TABLE [dbo].[TRININGADMINISTRATOR_ORGANISATIONALGROUP]
GO
/****** Object:  Table [dbo].[TRININGADMINISTRATOR_ORGANISATIONALGROUP]    Script Date: 02/24/2009 16:53:59 ******/
SET ANSI_NULLS ON
GO
SET QUOTED_IDENTIFIER ON
GO
IF NOT EXISTS (SELECT * FROM sys.objects WHERE object_id = OBJECT_ID(N'[dbo].[TRININGADMINISTRATOR_ORGANISATIONALGROUP]') AND type in (N'U'))
BEGIN
CREATE TABLE [dbo].[TRININGADMINISTRATOR_ORGANISATIONALGROUP](
	[TRAININGADMINISTRATOR_ID] [bigint] NULL,
	[ORGANISATIONALGROUP_ID] [bigint] NULL
)
END
GO
/****** Object:  Table [dbo].[VU360USER_ROLE]    Script Date: 02/24/2009 16:53:59 ******/
SET ANSI_NULLS ON
GO
SET QUOTED_IDENTIFIER ON
GO
IF NOT EXISTS (SELECT * FROM sys.objects WHERE object_id = OBJECT_ID(N'[dbo].[VU360USER_ROLE]') AND type in (N'U'))
BEGIN
CREATE TABLE [dbo].[VU360USER_ROLE](
	[USER_ID] [bigint] NOT NULL,
	[ROLE_ID] [bigint] NOT NULL
)
END
GO
INSERT [dbo].[VU360USER_ROLE] ([USER_ID], [ROLE_ID]) VALUES (1, 1)
INSERT [dbo].[VU360USER_ROLE] ([USER_ID], [ROLE_ID]) VALUES (2, 1)
INSERT [dbo].[VU360USER_ROLE] ([USER_ID], [ROLE_ID]) VALUES (2, 2)
INSERT [dbo].[VU360USER_ROLE] ([USER_ID], [ROLE_ID]) VALUES (3, 1)
INSERT [dbo].[VU360USER_ROLE] ([USER_ID], [ROLE_ID]) VALUES (3, 2)
INSERT [dbo].[VU360USER_ROLE] ([USER_ID], [ROLE_ID]) VALUES (3, 3)

/****** Object:  Table [dbo].[LEARNER_ORGANIZATIONALGROUP]    Script Date: 02/24/2009 16:53:58 ******/
SET ANSI_NULLS ON
GO
SET QUOTED_IDENTIFIER ON
GO
IF NOT EXISTS (SELECT * FROM sys.objects WHERE object_id = OBJECT_ID(N'[dbo].[LEARNER_ORGANIZATIONALGROUP]') AND type in (N'U'))
BEGIN
CREATE TABLE [dbo].[LEARNER_ORGANIZATIONALGROUP](
	[LEARNER_ID] [bigint] NOT NULL,
	[ORGANIZATIONALGROUP_ID] [bigint] NOT NULL
)
END
GO
INSERT [dbo].[LEARNER_ORGANIZATIONALGROUP] ([LEARNER_ID], [ORGANIZATIONALGROUP_ID]) VALUES (1, 1)
INSERT [dbo].[LEARNER_ORGANIZATIONALGROUP] ([LEARNER_ID], [ORGANIZATIONALGROUP_ID]) VALUES (2, 1)
INSERT [dbo].[LEARNER_ORGANIZATIONALGROUP] ([LEARNER_ID], [ORGANIZATIONALGROUP_ID]) VALUES (3, 1)

/****** Object:  Table [dbo].[REGISTRATIONINVITATION_ORGANIZATIONALGROUP]    Script Date: 02/24/2009 16:53:58 ******/
SET ANSI_NULLS ON
GO
SET QUOTED_IDENTIFIER ON
GO
IF NOT EXISTS (SELECT * FROM sys.objects WHERE object_id = OBJECT_ID(N'[dbo].[REGISTRATIONINVITATION_ORGANIZATIONALGROUP]') AND type in (N'U'))
BEGIN
CREATE TABLE [dbo].[REGISTRATIONINVITATION_ORGANIZATIONALGROUP](
	[REGISTRATIONINVITATION_ID] [bigint] NULL,
	[ORGANIZATIONALGROUP_ID] [bigint] NULL
)
END
GO

/****** Object:  Table [dbo].[REGISTRATIONINVITATION_LEARNERGROUP]    Script Date: 02/24/2009 16:53:58 ******/
SET ANSI_NULLS ON
GO
SET QUOTED_IDENTIFIER ON
GO
IF NOT EXISTS (SELECT * FROM sys.objects WHERE object_id = OBJECT_ID(N'[dbo].[REGISTRATIONINVITATION_LEARNERGROUP]') AND type in (N'U'))
BEGIN
CREATE TABLE [dbo].[REGISTRATIONINVITATION_LEARNERGROUP](
	[REGISTRATIONINVITATION_ID] [bigint] NULL,
	[LEARNERGROUP_ID] [bigint] NULL
)
END
GO

/****** Object:  Table [dbo].[LEARNER_LEARNERGROUP]    Script Date: 02/24/2009 16:53:58 ******/
SET ANSI_NULLS ON
GO
SET QUOTED_IDENTIFIER ON
GO
IF NOT EXISTS (SELECT * FROM sys.objects WHERE object_id = OBJECT_ID(N'[dbo].[LEARNER_LEARNERGROUP]') AND type in (N'U'))
BEGIN
CREATE TABLE [dbo].[LEARNER_LEARNERGROUP](
	[LEARNER_ID] [bigint] NULL,
	[LEARNERGROUP_ID] [bigint] NULL
)
END
GO
INSERT [dbo].[LEARNER_LEARNERGROUP] ([LEARNER_ID], [LEARNERGROUP_ID]) VALUES (1, 1)
INSERT [dbo].[LEARNER_LEARNERGROUP] ([LEARNER_ID], [LEARNERGROUP_ID]) VALUES (2, 1)
INSERT [dbo].[LEARNER_LEARNERGROUP] ([LEARNER_ID], [LEARNERGROUP_ID]) VALUES (3,1)

/****** Object:  Table [dbo].[COURSEGROUP_CUSTOMERENTITLEMENT]    Script Date: 02/24/2009 16:53:58 ******/
SET ANSI_NULLS ON
GO
SET QUOTED_IDENTIFIER ON
GO
IF NOT EXISTS (SELECT * FROM sys.objects WHERE object_id = OBJECT_ID(N'[dbo].[COURSEGROUP_CUSTOMERENTITLEMENT]') AND type in (N'U'))
BEGIN
CREATE TABLE [dbo].[COURSEGROUP_CUSTOMERENTITLEMENT](
	[COURSEGROUP_ID] [bigint] NOT NULL,
	[CUSTOMERENTITLEMENT_ID] [bigint] NOT NULL
)
END
GO
INSERT [dbo].[COURSEGROUP_CUSTOMERENTITLEMENT] ([COURSEGROUP_ID], [CUSTOMERENTITLEMENT_ID]) VALUES (1, 6)
INSERT [dbo].[COURSEGROUP_CUSTOMERENTITLEMENT] ([COURSEGROUP_ID], [CUSTOMERENTITLEMENT_ID]) VALUES (1, 7)
INSERT [dbo].[COURSEGROUP_CUSTOMERENTITLEMENT] ([COURSEGROUP_ID], [CUSTOMERENTITLEMENT_ID]) VALUES (3, 7)
INSERT [dbo].[COURSEGROUP_CUSTOMERENTITLEMENT] ([COURSEGROUP_ID], [CUSTOMERENTITLEMENT_ID]) VALUES (3, 8)
INSERT [dbo].[COURSEGROUP_CUSTOMERENTITLEMENT] ([COURSEGROUP_ID], [CUSTOMERENTITLEMENT_ID]) VALUES (4, 9)
INSERT [dbo].[COURSEGROUP_CUSTOMERENTITLEMENT] ([COURSEGROUP_ID], [CUSTOMERENTITLEMENT_ID]) VALUES (4, 6)
INSERT [dbo].[COURSEGROUP_CUSTOMERENTITLEMENT] ([COURSEGROUP_ID], [CUSTOMERENTITLEMENT_ID]) VALUES (5, 10)
/****** Object:  Table [dbo].[COURSEGROUP_DISTRIBUTORENTITLEMENT]    Script Date: 02/24/2009 16:53:58 ******/
SET ANSI_NULLS ON
GO
SET QUOTED_IDENTIFIER ON
GO
IF NOT EXISTS (SELECT * FROM sys.objects WHERE object_id = OBJECT_ID(N'[dbo].[COURSEGROUP_DISTRIBUTORENTITLEMENT]') AND type in (N'U'))
BEGIN
CREATE TABLE [dbo].[COURSEGROUP_DISTRIBUTORENTITLEMENT](
	[COURSEGROUP_ID] [bigint] NOT NULL,
	[DISTRIBUTORENTITLEMENT_ID] [bigint] NOT NULL
)
END
GO
INSERT [dbo].[COURSEGROUP_DISTRIBUTORENTITLEMENT] ([COURSEGROUP_ID], [DISTRIBUTORENTITLEMENT_ID]) VALUES (5, 1)
INSERT [dbo].[COURSEGROUP_DISTRIBUTORENTITLEMENT] ([COURSEGROUP_ID], [DISTRIBUTORENTITLEMENT_ID]) VALUES (4, 1)
/****** Object:  Table [dbo].[LMSADMINISTRATOR_DISTRIBUTORGROUP]    Script Date: 02/24/2009 16:53:58 ******/
SET ANSI_NULLS ON
GO
SET QUOTED_IDENTIFIER ON
GO
IF NOT EXISTS (SELECT * FROM sys.objects WHERE object_id = OBJECT_ID(N'[dbo].[LMSADMINISTRATOR_DISTRIBUTORGROUP]') AND type in (N'U'))
BEGIN
CREATE TABLE [dbo].[LMSADMINISTRATOR_DISTRIBUTORGROUP](
	[LMSADMINISTRATOR_ID] [bigint] NOT NULL,
	[DISTRIBUTORGROUP_ID] [bigint] NOT NULL
)
END
GO
INSERT [dbo].[LMSADMINISTRATOR_DISTRIBUTORGROUP] ([LMSADMINISTRATOR_ID], [DISTRIBUTORGROUP_ID]) VALUES (1861, 1)
/****** Object:  Table [dbo].[COUNTRY]    Script Date: 02/24/2009 16:53:58 ******/
SET ANSI_NULLS ON
GO
SET QUOTED_IDENTIFIER ON
GO
IF NOT EXISTS (SELECT * FROM sys.objects WHERE object_id = OBJECT_ID(N'[dbo].[COUNTRY]') AND type in (N'U'))
BEGIN
CREATE TABLE [dbo].[COUNTRY](
	[COUNTRY] [varchar](50) COLLATE SQL_Latin1_General_CP1_CI_AS NULL
)
END
GO
/****** Object:  Table [dbo].[COURSE_CUSTOMERENTITLEMENT]    Script Date: 02/24/2009 16:53:58 ******/
SET ANSI_NULLS ON
GO
SET QUOTED_IDENTIFIER ON
GO
IF NOT EXISTS (SELECT * FROM sys.objects WHERE object_id = OBJECT_ID(N'[dbo].[COURSE_CUSTOMERENTITLEMENT]') AND type in (N'U'))
BEGIN
CREATE TABLE [dbo].[COURSE_CUSTOMERENTITLEMENT](
	[COURSE_ID] [bigint] NOT NULL,
	[CUSTOMERENTITLEMENT_ID] [bigint] NOT NULL
)
END
GO
INSERT [dbo].[COURSE_CUSTOMERENTITLEMENT] ([COURSE_ID], [CUSTOMERENTITLEMENT_ID]) VALUES (1, 1)
INSERT [dbo].[COURSE_CUSTOMERENTITLEMENT] ([COURSE_ID], [CUSTOMERENTITLEMENT_ID]) VALUES (2, 2)
INSERT [dbo].[COURSE_CUSTOMERENTITLEMENT] ([COURSE_ID], [CUSTOMERENTITLEMENT_ID]) VALUES (3, 3)
INSERT [dbo].[COURSE_CUSTOMERENTITLEMENT] ([COURSE_ID], [CUSTOMERENTITLEMENT_ID]) VALUES (4, 4)
INSERT [dbo].[COURSE_CUSTOMERENTITLEMENT] ([COURSE_ID], [CUSTOMERENTITLEMENT_ID]) VALUES (5, 5)

/****** Object:  Table [dbo].[VU360_SEQ]    Script Date: 02/24/2009 16:53:59 ******/
SET ANSI_NULLS ON
GO
SET QUOTED_IDENTIFIER ON
GO
IF NOT EXISTS (SELECT * FROM sys.objects WHERE object_id = OBJECT_ID(N'[dbo].[VU360_SEQ]') AND type in (N'U'))
BEGIN
CREATE TABLE [dbo].[VU360_SEQ](
	[NEXT_ID] [bigint] NOT NULL,
	[TABLE_NAME] [varchar](50) COLLATE SQL_Latin1_General_CP1_CI_AS NOT NULL
)
END
GO
INSERT [dbo].[VU360_SEQ] ([NEXT_ID], [TABLE_NAME]) VALUES (15660, N'ADDRESS')
INSERT [dbo].[VU360_SEQ] ([NEXT_ID], [TABLE_NAME]) VALUES (10, N'AUDITEVENT')
INSERT [dbo].[VU360_SEQ] ([NEXT_ID], [TABLE_NAME]) VALUES (10, N'BRAND')
INSERT [dbo].[VU360_SEQ] ([NEXT_ID], [TABLE_NAME]) VALUES (10, N'COUNTRY')
INSERT [dbo].[VU360_SEQ] ([NEXT_ID], [TABLE_NAME]) VALUES (10, N'COURSE')
INSERT [dbo].[VU360_SEQ] ([NEXT_ID], [TABLE_NAME]) VALUES (10, N'COURSEGROUP')
INSERT [dbo].[VU360_SEQ] ([NEXT_ID], [TABLE_NAME]) VALUES (3760, N'CUSTOMER')
INSERT [dbo].[VU360_SEQ] ([NEXT_ID], [TABLE_NAME]) VALUES (910, N'CUSTOMERENTITLEMENT')
INSERT [dbo].[VU360_SEQ] ([NEXT_ID], [TABLE_NAME]) VALUES (1860, N'DISTRIBUTOR')
INSERT [dbo].[VU360_SEQ] ([NEXT_ID], [TABLE_NAME]) VALUES (10, N'DISTRIBUTORENTITLEMENT')
INSERT [dbo].[VU360_SEQ] ([NEXT_ID], [TABLE_NAME]) VALUES (1760, N'DISTRIBUTORGROUP')
INSERT [dbo].[VU360_SEQ] ([NEXT_ID], [TABLE_NAME]) VALUES (10, N'ENROLLMENT')
INSERT [dbo].[VU360_SEQ] ([NEXT_ID], [TABLE_NAME]) VALUES (10, N'LANGUAGE')
INSERT [dbo].[VU360_SEQ] ([NEXT_ID], [TABLE_NAME]) VALUES (8660, N'LEARNER')
INSERT [dbo].[VU360_SEQ] ([NEXT_ID], [TABLE_NAME]) VALUES (3360, N'LEARNERCOURSESTATISTICS')
INSERT [dbo].[VU360_SEQ] ([NEXT_ID], [TABLE_NAME]) VALUES (3210, N'LEARNERENROLLMENT')
INSERT [dbo].[VU360_SEQ] ([NEXT_ID], [TABLE_NAME]) VALUES (1660, N'LEARNERGROUP')
INSERT [dbo].[VU360_SEQ] ([NEXT_ID], [TABLE_NAME]) VALUES (8660, N'LEARNERPROFILE')
INSERT [dbo].[VU360_SEQ] ([NEXT_ID], [TABLE_NAME]) VALUES (11460, N'LEARNINGSESSION')
INSERT [dbo].[VU360_SEQ] ([NEXT_ID], [TABLE_NAME]) VALUES (2010, N'LMSADMINISTRATOR')
INSERT [dbo].[VU360_SEQ] ([NEXT_ID], [TABLE_NAME]) VALUES (260, N'LMSFEATURE')
INSERT [dbo].[VU360_SEQ] ([NEXT_ID], [TABLE_NAME]) VALUES (3260, N'LMSPERMISSION')
INSERT [dbo].[VU360_SEQ] ([NEXT_ID], [TABLE_NAME]) VALUES (2610, N'LMSROLE')
INSERT [dbo].[VU360_SEQ] ([NEXT_ID], [TABLE_NAME]) VALUES (4560, N'ORGANIZATIONALGROUP')
INSERT [dbo].[VU360_SEQ] ([NEXT_ID], [TABLE_NAME]) VALUES (2010, N'ORGANIZATIONALGROUPENTITLEMENT')
INSERT [dbo].[VU360_SEQ] ([NEXT_ID], [TABLE_NAME]) VALUES (2410, N'REGISTRATIONINVITATION')
INSERT [dbo].[VU360_SEQ] ([NEXT_ID], [TABLE_NAME]) VALUES (10, N'STATE')
INSERT [dbo].[VU360_SEQ] ([NEXT_ID], [TABLE_NAME]) VALUES (10, N'TRAINIINGPLAN')
INSERT [dbo].[VU360_SEQ] ([NEXT_ID], [TABLE_NAME]) VALUES (10, N'TRAINIINGPLANASSIGNMENT')
INSERT [dbo].[VU360_SEQ] ([NEXT_ID], [TABLE_NAME]) VALUES (4860, N'TRAININGADMINISTRATOR')
INSERT [dbo].[VU360_SEQ] ([NEXT_ID], [TABLE_NAME]) VALUES (10, N'VU360_SEQ')
INSERT [dbo].[VU360_SEQ] ([NEXT_ID], [TABLE_NAME]) VALUES (9460, N'VU360USER')
INSERT [dbo].[VU360_SEQ] ([NEXT_ID], [TABLE_NAME]) VALUES (10, N'VU360USER_ROLE')
INSERT [dbo].[VU360_SEQ] ([NEXT_ID], [TABLE_NAME]) VALUES (2100, N'SURVEY')
INSERT [dbo].[VU360_SEQ] ([NEXT_ID], [TABLE_NAME]) VALUES (2850, N'SURVEYQUESTION')
INSERT [dbo].[VU360_SEQ] ([NEXT_ID], [TABLE_NAME]) VALUES (2200, N'SURVEYANSWER')
INSERT [dbo].[VU360_SEQ] ([NEXT_ID], [TABLE_NAME]) VALUES (10, N'SurveyResult')
INSERT [dbo].[VU360_SEQ] ([NEXT_ID], [TABLE_NAME]) VALUES (10, N'SurveyResultAnswer')
INSERT [dbo].[VU360_SEQ] ([NEXT_ID], [TABLE_NAME]) VALUES (2060, N'DISTRIBUTORPREFERENCE')
INSERT [dbo].[VU360_SEQ] ([NEXT_ID], [TABLE_NAME]) VALUES (3360, N'CUSTOMERPREFERENCE')
INSERT [dbo].[VU360_SEQ] ([NEXT_ID], [TABLE_NAME]) VALUES (210, N'VU360REPORTFIELD')
INSERT [dbo].[VU360_SEQ] ([NEXT_ID], [TABLE_NAME]) VALUES (210, N'VU360REPORT')
INSERT [dbo].[VU360_SEQ] ([NEXT_ID], [TABLE_NAME]) VALUES (10, N'VU360REPORTFILTER')
INSERT [dbo].[VU360_SEQ] ([NEXT_ID], [TABLE_NAME]) VALUES (10, N'VU360REPORTFILTERVALUE')
INSERT [dbo].[VU360_SEQ] ([NEXT_ID], [TABLE_NAME]) VALUES (10, N'VU360REPORTFILTEROPERAND')
INSERT [dbo].[VU360_SEQ] ([NEXT_ID], [TABLE_NAME]) VALUES (10, N'VU360REPORTEXECUTIONSUMMARY')
/****** Object:  Table [dbo].[VU360USER]    Script Date: 02/24/2009 16:53:59 ******/
SET ANSI_NULLS ON
GO
SET QUOTED_IDENTIFIER ON
GO
IF NOT EXISTS (SELECT * FROM sys.objects WHERE object_id = OBJECT_ID(N'[dbo].[VU360USER]') AND type in (N'U'))
BEGIN
CREATE TABLE [dbo].[VU360USER](
	[ID] [bigint] NOT NULL,
	[ACCEPTEDEULATF] [int] NOT NULL,
	[ACCOUNTNONEXPIREDTF] [int] NOT NULL,
	[ACCOUNTNONLOCKEDTF] [int] NOT NULL,
	[CHANGEPASSWORDONLOGINTF] [int] NOT NULL,
	[CREATEDDATE] [datetime] NOT NULL,
	[CREDENTIALSNONEXPIREDTF] [int] NOT NULL,
	[DOMAIN] [varchar](50) COLLATE SQL_Latin1_General_CP1_CI_AS NULL,
	[EMAILADDRESS] [varchar](50) COLLATE SQL_Latin1_General_CP1_CI_AS NULL,
	[ENABLEDTF] [int] NOT NULL,
	[FIRSTNAME] [varchar](50) COLLATE SQL_Latin1_General_CP1_CI_AS NULL,
	[LASTLOGONDATE] [datetime] NULL,
	[LASTNAME] [varchar](50) COLLATE SQL_Latin1_General_CP1_CI_AS NULL,
	[LASTUPDATEDDATE] [datetime] NULL,
	[NEWUSERTF] [int] NOT NULL,
	[NUMLOGONS] [int] NOT NULL,
	[PASSWORD] [varchar](50) COLLATE SQL_Latin1_General_CP1_CI_AS NULL,
	[USERNAME] [varchar](50) COLLATE SQL_Latin1_General_CP1_CI_AS NULL,
	[USERGUID] [varchar](50) COLLATE SQL_Latin1_General_CP1_CI_AS NULL,
	[MIDDLENAME] [varchar](50) COLLATE SQL_Latin1_General_CP1_CI_AS NULL,
	[EXPIRATIONDATE] [datetime] NULL,
	[VISIBLEONREPORTTF] [int] NULL,
 CONSTRAINT [PK__VU360USER__07F6335A] PRIMARY KEY CLUSTERED 
(
	[ID] ASC
)WITH (IGNORE_DUP_KEY = OFF)
)
END
GO
INSERT [dbo].[VU360USER] ([ID], [ACCEPTEDEULATF], [ACCOUNTNONEXPIREDTF], [ACCOUNTNONLOCKEDTF], [CHANGEPASSWORDONLOGINTF], [CREATEDDATE], [CREDENTIALSNONEXPIREDTF], [DOMAIN], [EMAILADDRESS], [ENABLEDTF], [FIRSTNAME], [LASTLOGONDATE], [LASTNAME], [LASTUPDATEDDATE], [NEWUSERTF], [NUMLOGONS], [PASSWORD], [USERNAME], [USERGUID], [MIDDLENAME], [EXPIRATIONDATE], [VISIBLEONREPORTTF]) VALUES (1, 1, 1, 1, 0, CAST(0x00009B7600EBEF0B AS DateTime), 1, NULL, N'jason', 1, N'Jason(Dont Delete)', CAST(0x00009B980103D40C AS DateTime), N'thikache', CAST(0x00009B7600EBEF0B AS DateTime), 0, 33, N'998e316dd63a7c83fadb7b37e7aedf943260f459', N'jason', N'1D5831AD-0FB8-4FE6-902B-9FDA356542D3', N'', NULL, NULL)
INSERT [dbo].[VU360USER] ([ID], [ACCEPTEDEULATF], [ACCOUNTNONEXPIREDTF], [ACCOUNTNONLOCKEDTF], [CHANGEPASSWORDONLOGINTF], [CREATEDDATE], [CREDENTIALSNONEXPIREDTF], [DOMAIN], [EMAILADDRESS], [ENABLEDTF], [FIRSTNAME], [LASTLOGONDATE], [LASTNAME], [LASTUPDATEDDATE], [NEWUSERTF], [NUMLOGONS], [PASSWORD], [USERNAME], [USERGUID], [MIDDLENAME], [EXPIRATIONDATE], [VISIBLEONREPORTTF]) VALUES (2, 1, 1, 1, 0, CAST(0x00009B6E00000000 AS DateTime), 1, NULL, N'pabitra.chakraborty@tathya.com', 1, N'Ashis', CAST(0x00009BB9012544AA AS DateTime), N'Mukherjee', NULL, 0, 292, N'7842642fdad248f4679d8089a2c2f9fd40bb0366', N'manager', N'aqw33', N'Taru', CAST(0x00009B6800000000 AS DateTime), NULL)
INSERT [dbo].[VU360USER] ([ID], [ACCEPTEDEULATF], [ACCOUNTNONEXPIREDTF], [ACCOUNTNONLOCKEDTF], [CHANGEPASSWORDONLOGINTF], [CREATEDDATE], [CREDENTIALSNONEXPIREDTF], [DOMAIN], [EMAILADDRESS], [ENABLEDTF], [FIRSTNAME], [LASTLOGONDATE], [LASTNAME], [LASTUPDATEDDATE], [NEWUSERTF], [NUMLOGONS], [PASSWORD], [USERNAME], [USERGUID], [MIDDLENAME], [EXPIRATIONDATE], [VISIBLEONREPORTTF]) VALUES (3, 1, 1, 1, 0, CAST(0x00009B9700B904F4 AS DateTime), 1, NULL, N'jackcrow@depp.com', 1, N'Jack', CAST(0x00009BBA0100EA6C AS DateTime), N'Crow', CAST(0x00009B9700B904F4 AS DateTime), 0, 92, N'33176b1d1764c7e33e9fee61cb57db387cedd8ed', N'admin', N'dcda5167-8af6-48d3-99cf-4337d19d378a', N'', NULL, 0)


/****** Object:  Table [dbo].[AUDITEVENT]    Script Date: 02/24/2009 16:53:58 ******/
SET ANSI_NULLS ON
GO
SET QUOTED_IDENTIFIER ON
GO
IF NOT EXISTS (SELECT * FROM sys.objects WHERE object_id = OBJECT_ID(N'[dbo].[AUDITEVENT]') AND type in (N'U'))
BEGIN
CREATE TABLE [dbo].[AUDITEVENT](
	[ID] [bigint] NOT NULL,
 CONSTRAINT [PK_AUDITEVENT] PRIMARY KEY CLUSTERED 
(
	[ID] ASC
)WITH (IGNORE_DUP_KEY = OFF)
)
END
GO
/****** Object:  Table [dbo].[BRAND]    Script Date: 02/24/2009 16:53:58 ******/
SET ANSI_NULLS ON
GO
SET QUOTED_IDENTIFIER ON
GO
IF NOT EXISTS (SELECT * FROM sys.objects WHERE object_id = OBJECT_ID(N'[dbo].[BRAND]') AND type in (N'U'))
BEGIN
CREATE TABLE [dbo].[BRAND](
	[ID] [bigint] NOT NULL,
	[BRANDKEY] [varchar](50) COLLATE SQL_Latin1_General_CP1_CI_AS NOT NULL,
	[NAME] [varchar](50) COLLATE SQL_Latin1_General_CP1_CI_AS NOT NULL,
 CONSTRAINT [PK__BRAND__72910220] PRIMARY KEY CLUSTERED 
(
	[ID] ASC
)WITH (IGNORE_DUP_KEY = OFF)
)
END
GO
INSERT [dbo].[BRAND] ([ID], [BRANDKEY], [NAME]) VALUES (1, N'xxx', N'tathya')
INSERT [dbo].[BRAND] ([ID], [BRANDKEY], [NAME]) VALUES (2, N'yyy', N'tathyaDotCom')
/****** Object:  Table [dbo].[COURSE_COURSEGROUP]    Script Date: 02/24/2009 16:53:58 ******/
SET ANSI_NULLS ON
GO
SET QUOTED_IDENTIFIER ON
GO
IF NOT EXISTS (SELECT * FROM sys.objects WHERE object_id = OBJECT_ID(N'[dbo].[COURSE_COURSEGROUP]') AND type in (N'U'))
BEGIN
CREATE TABLE [dbo].[COURSE_COURSEGROUP](
	[COURSE_ID] [int] NOT NULL,
	[COURSEGROUP_ID] [int] NOT NULL
)
END
GO
INSERT [dbo].[COURSE_COURSEGROUP] ([COURSE_ID], [COURSEGROUP_ID]) VALUES (1, 5)
INSERT [dbo].[COURSE_COURSEGROUP] ([COURSE_ID], [COURSEGROUP_ID]) VALUES (2, 5)
INSERT [dbo].[COURSE_COURSEGROUP] ([COURSE_ID], [COURSEGROUP_ID]) VALUES (3, 4)
INSERT [dbo].[COURSE_COURSEGROUP] ([COURSE_ID], [COURSEGROUP_ID]) VALUES (4, 5)
INSERT [dbo].[COURSE_COURSEGROUP] ([COURSE_ID], [COURSEGROUP_ID]) VALUES (5, 5)
INSERT [dbo].[COURSE_COURSEGROUP] ([COURSE_ID], [COURSEGROUP_ID]) VALUES (6, 4)
INSERT [dbo].[COURSE_COURSEGROUP] ([COURSE_ID], [COURSEGROUP_ID]) VALUES (7, 5)
INSERT [dbo].[COURSE_COURSEGROUP] ([COURSE_ID], [COURSEGROUP_ID]) VALUES (8, 4)
INSERT [dbo].[COURSE_COURSEGROUP] ([COURSE_ID], [COURSEGROUP_ID]) VALUES (9, 3)
INSERT [dbo].[COURSE_COURSEGROUP] ([COURSE_ID], [COURSEGROUP_ID]) VALUES (10, 5)
INSERT [dbo].[COURSE_COURSEGROUP] ([COURSE_ID], [COURSEGROUP_ID]) VALUES (11, 4)
INSERT [dbo].[COURSE_COURSEGROUP] ([COURSE_ID], [COURSEGROUP_ID]) VALUES (12, 6)
/****** Object:  Table [dbo].[SURVEY_COURSE]    Script Date: 02/24/2009 16:53:58 ******/
SET ANSI_NULLS ON
GO
SET QUOTED_IDENTIFIER ON
GO
IF NOT EXISTS (SELECT * FROM sys.objects WHERE object_id = OBJECT_ID(N'[dbo].[SURVEY_COURSE]') AND type in (N'U'))
BEGIN
CREATE TABLE [dbo].[SURVEY_COURSE](
	[SURVEY_ID] [bigint] NOT NULL,
	[COURSE_ID] [bigint] NOT NULL
)
END
GO

/****** Object:  Table [dbo].[VU360REPORTFILTEROPERAND]    Script Date: 02/24/2009 16:53:59 ******/
SET ANSI_NULLS ON
GO
SET QUOTED_IDENTIFIER ON
GO
IF NOT EXISTS (SELECT * FROM sys.objects WHERE object_id = OBJECT_ID(N'[dbo].[VU360REPORTFILTEROPERAND]') AND type in (N'U'))
BEGIN
CREATE TABLE [dbo].[VU360REPORTFILTEROPERAND](
	[ID] [bigint] NOT NULL,
	[DATATYPE] [varchar](254) COLLATE SQL_Latin1_General_CP1_CI_AS NULL,
	[DISPLAYORDER] [int] NULL,
	[LABEL] [varchar](254) COLLATE SQL_Latin1_General_CP1_CI_AS NULL,
	[VALUE] [varchar](254) COLLATE SQL_Latin1_General_CP1_CI_AS NULL,
 CONSTRAINT [PK_VU360REPORTFILTEROPERAND] PRIMARY KEY CLUSTERED 
(
	[ID] ASC
)WITH (IGNORE_DUP_KEY = OFF)
)
END
GO
INSERT [dbo].[VU360REPORTFILTEROPERAND] ([ID], [DATATYPE], [DISPLAYORDER], [LABEL], [VALUE]) VALUES (1, N'String', 1, N'Equal(=)', N'=')
INSERT [dbo].[VU360REPORTFILTEROPERAND] ([ID], [DATATYPE], [DISPLAYORDER], [LABEL], [VALUE]) VALUES (2, N'String', 2, N'Not Equal(<>)', N'<>')
INSERT [dbo].[VU360REPORTFILTEROPERAND] ([ID], [DATATYPE], [DISPLAYORDER], [LABEL], [VALUE]) VALUES (3, N'String', 3, N'Contain', N'Like')
INSERT [dbo].[VU360REPORTFILTEROPERAND] ([ID], [DATATYPE], [DISPLAYORDER], [LABEL], [VALUE]) VALUES (4, N'Integer', 1, N'Equal(=)', N'=')
INSERT [dbo].[VU360REPORTFILTEROPERAND] ([ID], [DATATYPE], [DISPLAYORDER], [LABEL], [VALUE]) VALUES (5, N'Integer', 2, N'Not Equal(<>)', N'<>')
INSERT [dbo].[VU360REPORTFILTEROPERAND] ([ID], [DATATYPE], [DISPLAYORDER], [LABEL], [VALUE]) VALUES (6, N'Integer', 3, N'Greater Than(>)', N'>')
INSERT [dbo].[VU360REPORTFILTEROPERAND] ([ID], [DATATYPE], [DISPLAYORDER], [LABEL], [VALUE]) VALUES (7, N'Integer', 4, N'Less Than(<)', N'<')
INSERT [dbo].[VU360REPORTFILTEROPERAND] ([ID], [DATATYPE], [DISPLAYORDER], [LABEL], [VALUE]) VALUES (8, N'Integer', 5, N'Greater Than or Equal To(>=)', N'>=')
INSERT [dbo].[VU360REPORTFILTEROPERAND] ([ID], [DATATYPE], [DISPLAYORDER], [LABEL], [VALUE]) VALUES (9, N'Integer', 6, N'Less Than or Equal To(<=)', N'<=')
INSERT [dbo].[VU360REPORTFILTEROPERAND] ([ID], [DATATYPE], [DISPLAYORDER], [LABEL], [VALUE]) VALUES (10, N'DateTime', 1, N'Equal(=)', N'=')
INSERT [dbo].[VU360REPORTFILTEROPERAND] ([ID], [DATATYPE], [DISPLAYORDER], [LABEL], [VALUE]) VALUES (11, N'DateTime', 2, N'Not Equal(<>)', N'<>')
INSERT [dbo].[VU360REPORTFILTEROPERAND] ([ID], [DATATYPE], [DISPLAYORDER], [LABEL], [VALUE]) VALUES (12, N'DateTime', 3, N'Greater Than(>)', N'>')
INSERT [dbo].[VU360REPORTFILTEROPERAND] ([ID], [DATATYPE], [DISPLAYORDER], [LABEL], [VALUE]) VALUES (13, N'DateTime', 4, N'Less Than(<)', N'<')
INSERT [dbo].[VU360REPORTFILTEROPERAND] ([ID], [DATATYPE], [DISPLAYORDER], [LABEL], [VALUE]) VALUES (14, N'DateTime', 5, N'Greater Than or Equal To(>=)', N'>=')
INSERT [dbo].[VU360REPORTFILTEROPERAND] ([ID], [DATATYPE], [DISPLAYORDER], [LABEL], [VALUE]) VALUES (15, N'DateTime', 6, N'Less Than or Equal To(<=)', N'<=')
/****** Object:  Table [dbo].[TRAININGADMINISTRATOR_ORGANIZATIONALGROUP]    Script Date: 02/24/2009 16:53:59 ******/
SET ANSI_NULLS ON
GO
SET QUOTED_IDENTIFIER ON
GO
IF NOT EXISTS (SELECT * FROM sys.objects WHERE object_id = OBJECT_ID(N'[dbo].[TRAININGADMINISTRATOR_ORGANIZATIONALGROUP]') AND type in (N'U'))
BEGIN
CREATE TABLE [dbo].[TRAININGADMINISTRATOR_ORGANIZATIONALGROUP](
	[TRAININGADMINISTRATOR_ID] [bigint] NOT NULL,
	[ORGANIZATIONALGROUP_ID] [bigint] NOT NULL
)
END
GO
/****** Object:  Table [dbo].[STATE]    Script Date: 02/24/2009 16:53:58 ******/
SET ANSI_NULLS ON
GO
SET QUOTED_IDENTIFIER ON
GO
IF NOT EXISTS (SELECT * FROM sys.objects WHERE object_id = OBJECT_ID(N'[dbo].[STATE]') AND type in (N'U'))
BEGIN
CREATE TABLE [dbo].[STATE](
	[STATEABBR] [varchar](2) COLLATE SQL_Latin1_General_CP1_CI_AS NULL,
	[STATE] [varchar](50) COLLATE SQL_Latin1_General_CP1_CI_AS NULL
)
END
GO
/****** Object:  Table [dbo].[LMSFEATURE]    Script Date: 02/24/2009 16:53:58 ******/
SET ANSI_NULLS ON
GO
SET QUOTED_IDENTIFIER ON
GO
IF NOT EXISTS (SELECT * FROM sys.objects WHERE object_id = OBJECT_ID(N'[dbo].[LMSFEATURE]') AND type in (N'U'))
BEGIN
CREATE TABLE [dbo].[LMSFEATURE](
	[ID] [bigint] NOT NULL,
	[FEATURECODE] [varchar](250) COLLATE SQL_Latin1_General_CP1_CI_AS NULL,
	[FEATUREDESC] [varchar](250) COLLATE SQL_Latin1_General_CP1_CI_AS NULL,
	[FEATURENAME] [varchar](250) COLLATE SQL_Latin1_General_CP1_CI_AS NULL,
	[LMSMODE] [varchar](50) COLLATE SQL_Latin1_General_CP1_CI_AS NULL,
	[FEATUREGROUP] [varchar](50) COLLATE SQL_Latin1_General_CP1_CI_AS NULL,
	[ROLETYPE] [varchar](50) COLLATE SQL_Latin1_General_CP1_CI_AS NULL,
 CONSTRAINT [PK_FEATURE] PRIMARY KEY CLUSTERED 
(
	[ID] ASC
)WITH (IGNORE_DUP_KEY = OFF)
)
END
GO
INSERT [dbo].[LMSFEATURE] ([ID], [FEATURECODE], [FEATUREDESC], [FEATURENAME], [LMSMODE], [FEATUREGROUP], [ROLETYPE]) VALUES (1, N'UserGroupsAndPermission', N'UserGroupsAndPermission', N'User Groups & Permissions', N'manager', N'UserGroupsAndPermission', N'ROLE_TRAININGADMINISTRATOR')
INSERT [dbo].[LMSFEATURE] ([ID], [FEATURECODE], [FEATUREDESC], [FEATURENAME], [LMSMODE], [FEATUREGROUP], [ROLETYPE]) VALUES (2, N'ManageLearner', N'manageLearner', N'Manage Learner', N'manager', N'UserGroupsAndPermission', N'ROLE_TRAININGADMINISTRATOR')
INSERT [dbo].[LMSFEATURE] ([ID], [FEATURECODE], [FEATUREDESC], [FEATURENAME], [LMSMODE], [FEATUREGROUP], [ROLETYPE]) VALUES (3, N'ManageOrgGroup', N'ManageOrgGroup', N'Manage Organizational Groups', N'manager', N'UserGroupsAndPermission', N'ROLE_TRAININGADMINISTRATOR')
INSERT [dbo].[LMSFEATURE] ([ID], [FEATURECODE], [FEATUREDESC], [FEATURENAME], [LMSMODE], [FEATUREGROUP], [ROLETYPE]) VALUES (4, N'ManageLearnerGroups', N'manageLearnerGroups', N'Manage Learner Groups', N'manager', N'UserGroupsAndPermission', N'ROLE_TRAININGADMINISTRATOR')
INSERT [dbo].[LMSFEATURE] ([ID], [FEATURECODE], [FEATUREDESC], [FEATURENAME], [LMSMODE], [FEATUREGROUP], [ROLETYPE]) VALUES (5, N'ManageSecurityRoles', N'ManageSecurityRoles', N'Manage Security Roles', N'manager', N'UserGroupsAndPermission', N'ROLE_TRAININGADMINISTRATOR')
INSERT [dbo].[LMSFEATURE] ([ID], [FEATURECODE], [FEATUREDESC], [FEATURENAME], [LMSMODE], [FEATUREGROUP], [ROLETYPE]) VALUES (6, N'Entitlements', N'Entitlements', N'Entitlements', N'manager', N'Entitlements', N'ROLE_TRAININGADMINISTRATOR')
INSERT [dbo].[LMSFEATURE] ([ID], [FEATURECODE], [FEATUREDESC], [FEATURENAME], [LMSMODE], [FEATUREGROUP], [ROLETYPE]) VALUES (7, N'ManageEntitlements', N'ManageEntitlements', N'Manage Entitlements', N'manager', N'Entitlements', N'ROLE_TRAININGADMINISTRATOR')
INSERT [dbo].[LMSFEATURE] ([ID], [FEATURECODE], [FEATUREDESC], [FEATURENAME], [LMSMODE], [FEATUREGROUP], [ROLETYPE]) VALUES (8, N'ManageEnrollments', N'ManageEnrollments', N'Manage Enrollments', N'manager', N'Entitlements', N'ROLE_TRAININGADMINISTRATOR')
INSERT [dbo].[LMSFEATURE] ([ID], [FEATURECODE], [FEATUREDESC], [FEATURENAME], [LMSMODE], [FEATUREGROUP], [ROLETYPE]) VALUES (9, N'CurriculumsCourses', N'Curriculums & Courses', N'Curriculums & Courses', N'manager', N'CurriculumsCourses', N'ROLE_TRAININGADMINISTRATOR')
INSERT [dbo].[LMSFEATURE] ([ID], [FEATURECODE], [FEATUREDESC], [FEATURENAME], [LMSMODE], [FEATUREGROUP], [ROLETYPE]) VALUES (10, N'ManagerCourses', N'Manager Courses', N'Manager Courses', N'manager', N'CurriculumsCourses', N'ROLE_TRAININGADMINISTRATOR')
INSERT [dbo].[LMSFEATURE] ([ID], [FEATURECODE], [FEATUREDESC], [FEATURENAME], [LMSMODE], [FEATUREGROUP], [ROLETYPE]) VALUES (11, N'ManageTrainingPlans', N'Manage Training Plans', N'Manage Training Plans', N'manager', N'CurriculumsCourses', N'ROLE_TRAININGADMINISTRATOR')
INSERT [dbo].[LMSFEATURE] ([ID], [FEATURECODE], [FEATUREDESC], [FEATURENAME], [LMSMODE], [FEATUREGROUP], [ROLETYPE]) VALUES (12, N'ManageSurveys', N'Manage Surveys', N'Manage Surveys', N'manager', N'ManageSurveys', N'ROLE_TRAININGADMINISTRATOR')
INSERT [dbo].[LMSFEATURE] ([ID], [FEATURECODE], [FEATUREDESC], [FEATURENAME], [LMSMODE], [FEATUREGROUP], [ROLETYPE]) VALUES (13, N'PerformanceReports', N'Performance Reports', N'Performance Reports', N'manager', N'PerformanceReports', N'ROLE_TRAININGADMINISTRATOR')
INSERT [dbo].[LMSFEATURE] ([ID], [FEATURECODE], [FEATUREDESC], [FEATURENAME], [LMSMODE], [FEATUREGROUP], [ROLETYPE]) VALUES (14, N'Announcements', N'Announcements', N'Announcements', N'manager', N'Announcements', N'ROLE_TRAININGADMINISTRATOR')
INSERT [dbo].[LMSFEATURE] ([ID], [FEATURECODE], [FEATUREDESC], [FEATURENAME], [LMSMODE], [FEATUREGROUP], [ROLETYPE]) VALUES (15, N'mProfileSettings', N'Profile & Settings', N'Profile & Settings', N'manager', N'mProfileSettings', N'ROLE_TRAININGADMINISTRATOR')
INSERT [dbo].[LMSFEATURE] ([ID], [FEATURECODE], [FEATUREDESC], [FEATURENAME], [LMSMODE], [FEATUREGROUP], [ROLETYPE]) VALUES (16, N'lProfileSettings', N'Profile & Settings', N'Profile & Settings', N'learner', N'lProfileSettings', N'ROLE_LEARNER')
INSERT [dbo].[LMSFEATURE] ([ID], [FEATURECODE], [FEATUREDESC], [FEATURENAME], [LMSMODE], [FEATUREGROUP], [ROLETYPE]) VALUES (17, N'Reports', N'Reports', N'Reports', N'learner', N'Reports', N'ROLE_LEARNER')
INSERT [dbo].[LMSFEATURE] ([ID], [FEATURECODE], [FEATUREDESC], [FEATURENAME], [LMSMODE], [FEATUREGROUP], [ROLETYPE]) VALUES (18, N'ShopCatalog', N'Shop Catalog', N'Shop Catalog', N'learner', N'ShopCatalog', N'ROLE_LEARNER')
INSERT [dbo].[LMSFEATURE] ([ID], [FEATURECODE], [FEATUREDESC], [FEATURENAME], [LMSMODE], [FEATUREGROUP], [ROLETYPE]) VALUES (19, N'BatchImportUsers', N'Batch Import Users', N'Batch Import Users', N'manager', N'UserGroupsAndPermission', N'ROLE_TRAININGADMINISTRATOR')
INSERT [dbo].[LMSFEATURE] ([ID], [FEATURECODE], [FEATUREDESC], [FEATURENAME], [LMSMODE], [FEATUREGROUP], [ROLETYPE]) VALUES (20, N'AdminSearch', N'Admin Search', N'Admin Search', N'admin', N'AdminSearch', N'ROLE_LMSADMINISTRATOR')
INSERT [dbo].[LMSFEATURE] ([ID], [FEATURECODE], [FEATUREDESC], [FEATURENAME], [LMSMODE], [FEATUREGROUP], [ROLETYPE]) VALUES (21, N'AdminLearner', N'Admin Learner', N'Admin Learner', N'admin', N'AdminLearner', N'ROLE_LMSADMINISTRATOR')
INSERT [dbo].[LMSFEATURE] ([ID], [FEATURECODE], [FEATUREDESC], [FEATURENAME], [LMSMODE], [FEATUREGROUP], [ROLETYPE]) VALUES (22, N'AdminReports', N'Admin Reports', N'Admin Reports', N'admin', N'AdminReports', N'ROLE_LMSADMINISTRATOR')
INSERT [dbo].[LMSFEATURE] ([ID], [FEATURECODE], [FEATUREDESC], [FEATURENAME], [LMSMODE], [FEATUREGROUP], [ROLETYPE]) VALUES (23, N'AdminSurveys', N'Admin Surveys', N'Admin Surveys', N'admin', N'AdminSurveys', N'ROLE_LMSADMINISTRATOR')
INSERT [dbo].[LMSFEATURE] ([ID], [FEATURECODE], [FEATUREDESC], [FEATURENAME], [LMSMODE], [FEATUREGROUP], [ROLETYPE]) VALUES (24, N'AdminAccreditation', N'Admin Accreditation', N'Admin Accreditation', N'admin', N'AdminAccreditation', N'ROLE_LMSADMINISTRATOR')
INSERT [dbo].[LMSFEATURE] ([ID], [FEATURECODE], [FEATUREDESC], [FEATURENAME], [LMSMODE], [FEATUREGROUP], [ROLETYPE]) VALUES (25, N'AdminSecurity', N'Admin Security', N'Admin Security', N'admin', N'AdminSecurity', N'ROLE_LMSADMINISTRATOR')
INSERT [dbo].[LMSFEATURE] ([ID], [FEATURECODE], [FEATUREDESC], [FEATURENAME], [LMSMODE], [FEATUREGROUP], [ROLETYPE]) VALUES (26, N'AdminCustomers', N'Admin Customers', N'Admin Customers', N'admin', N'AdminCustomers', N'ROLE_LMSADMINISTRATOR')
INSERT [dbo].[LMSFEATURE] ([ID], [FEATURECODE], [FEATUREDESC], [FEATURENAME], [LMSMODE], [FEATUREGROUP], [ROLETYPE]) VALUES (27, N'AdminDistributors', N'Admin Distributors', N'Admin Distributors', N'admin', N'AdminDistributors', N'ROLE_LMSADMINISTRATOR')
INSERT [dbo].[LMSFEATURE] ([ID], [FEATURECODE], [FEATUREDESC], [FEATURENAME], [LMSMODE], [FEATUREGROUP], [ROLETYPE]) VALUES (28, N'ManageDistributors', N'Manage Distributors', N'Manage Distributors', N'admin', N'AdminDistributors', N'ROLE_LMSADMINISTRATOR')
INSERT [dbo].[LMSFEATURE] ([ID], [FEATURECODE], [FEATUREDESC], [FEATURENAME], [LMSMODE], [FEATUREGROUP], [ROLETYPE]) VALUES (29, N'DistributorsGroups', N'Distributors Groups', N'Distributors Groups', N'admin', N'AdminDistributors', N'ROLE_LMSADMINISTRATOR')
/****** Object:  Table [dbo].[SURVERYOWNER]    Script Date: 02/24/2009 16:53:58 ******/
SET ANSI_NULLS ON
GO
SET QUOTED_IDENTIFIER ON
GO
IF NOT EXISTS (SELECT * FROM sys.objects WHERE object_id = OBJECT_ID(N'[dbo].[SURVERYOWNER]') AND type in (N'U'))
BEGIN
CREATE TABLE [dbo].[SURVERYOWNER](
	[ID] [bigint] NOT NULL,
	[TYPE] [varchar](20) COLLATE SQL_Latin1_General_CP1_CI_AS NOT NULL,
 CONSTRAINT [PK_SURVERYOWNER] PRIMARY KEY CLUSTERED 
(
	[ID] ASC
)WITH (IGNORE_DUP_KEY = OFF)
)
END
GO
INSERT [dbo].[SURVERYOWNER] ([ID], [TYPE]) VALUES (1, N'CUSTOMER')
/****** Object:  Table [dbo].[LANGUAGE]    Script Date: 02/24/2009 16:53:58 ******/
SET ANSI_NULLS ON
GO
SET QUOTED_IDENTIFIER ON
GO
IF NOT EXISTS (SELECT * FROM sys.objects WHERE object_id = OBJECT_ID(N'[dbo].[LANGUAGE]') AND type in (N'U'))
BEGIN
CREATE TABLE [dbo].[LANGUAGE](
	[ID] [bigint] NOT NULL,
	[COUNTRY] [varchar](50) COLLATE SQL_Latin1_General_CP1_CI_AS NULL,
	[LANGUAGE] [varchar](50) COLLATE SQL_Latin1_General_CP1_CI_AS NOT NULL,
	[VARIANT] [varchar](50) COLLATE SQL_Latin1_General_CP1_CI_AS NULL,
 CONSTRAINT [PK__LANGUAGE__00551192] PRIMARY KEY CLUSTERED 
(
	[ID] ASC
)WITH (IGNORE_DUP_KEY = OFF)
)
END
GO
INSERT [dbo].[LANGUAGE] ([ID], [COUNTRY], [LANGUAGE], [VARIANT]) VALUES (1, N'India', N'English', N'xx')
/****** Object:  Table [dbo].[ADDRESS]    Script Date: 02/24/2009 16:53:58 ******/
SET ANSI_NULLS ON
GO
SET QUOTED_IDENTIFIER ON
GO
IF NOT EXISTS (SELECT * FROM sys.objects WHERE object_id = OBJECT_ID(N'[dbo].[ADDRESS]') AND type in (N'U'))
BEGIN
CREATE TABLE [dbo].[ADDRESS](
	[ID] [bigint] NOT NULL,
	[STREETADDRESS] [varchar](50) COLLATE SQL_Latin1_General_CP1_CI_AS NULL,
	[STREETADDRESS2] [varchar](50) COLLATE SQL_Latin1_General_CP1_CI_AS NULL,
	[STREETADDRESS3] [varchar](50) COLLATE SQL_Latin1_General_CP1_CI_AS NULL,
	[CITY] [varchar](50) COLLATE SQL_Latin1_General_CP1_CI_AS NULL,
	[ZIPCODE] [varchar](50) COLLATE SQL_Latin1_General_CP1_CI_AS NULL,
	[STATE] [varchar](50) COLLATE SQL_Latin1_General_CP1_CI_AS NULL,
	[PROVINCE] [varchar](50) COLLATE SQL_Latin1_General_CP1_CI_AS NULL,
	[COUNTRY] [varchar](50) COLLATE SQL_Latin1_General_CP1_CI_AS NULL,
 CONSTRAINT [PK_ADDRESS] PRIMARY KEY CLUSTERED 
(
	[ID] ASC
)WITH (IGNORE_DUP_KEY = OFF)
)
END
GO
INSERT [dbo].[ADDRESS] ([ID], [STREETADDRESS], [STREETADDRESS2], [STREETADDRESS3], [CITY], [ZIPCODE], [STATE], [PROVINCE], [COUNTRY]) VALUES (1, N'Kolkata-700059', N'', NULL, N'Kolkatal', N'', N'CA', NULL, N'US')
INSERT [dbo].[ADDRESS] ([ID], [STREETADDRESS], [STREETADDRESS2], [STREETADDRESS3], [CITY], [ZIPCODE], [STATE], [PROVINCE], [COUNTRY]) VALUES (2, N'ultadanga', N'India', NULL, N'Kolkata', N'700001', N'AZ', N'kol', N'kol')
INSERT [dbo].[ADDRESS] ([ID], [STREETADDRESS], [STREETADDRESS2], [STREETADDRESS3], [CITY], [ZIPCODE], [STATE], [PROVINCE], [COUNTRY]) VALUES (3, N'B-58 Block ABC ', N'ZZZ Avenue ', NULL, N'Austin', N'64512', N'TX', NULL, N'US')
INSERT [dbo].[ADDRESS] ([ID], [STREETADDRESS], [STREETADDRESS2], [STREETADDRESS3], [CITY], [ZIPCODE], [STATE], [PROVINCE], [COUNTRY]) VALUES (4, N'', N'', NULL, N'', N'', N'AZ', NULL, N'US')
INSERT [dbo].[ADDRESS] ([ID], [STREETADDRESS], [STREETADDRESS2], [STREETADDRESS3], [CITY], [ZIPCODE], [STATE], [PROVINCE], [COUNTRY]) VALUES (5, N'', N'', NULL, N'', N'', N'AZ', NULL, N'US')
INSERT [dbo].[ADDRESS] ([ID], [STREETADDRESS], [STREETADDRESS2], [STREETADDRESS3], [CITY], [ZIPCODE], [STATE], [PROVINCE], [COUNTRY]) VALUES (6, N'', N'', NULL, N'', N'', N'AZ', NULL, N'US')
INSERT [dbo].[ADDRESS] ([ID], [STREETADDRESS], [STREETADDRESS2], [STREETADDRESS3], [CITY], [ZIPCODE], [STATE], [PROVINCE], [COUNTRY]) VALUES (7, N'', N'', NULL, N'', N'', N'AZ', NULL, N'US')
INSERT [dbo].[ADDRESS] ([ID], [STREETADDRESS], [STREETADDRESS2], [STREETADDRESS3], [CITY], [ZIPCODE], [STATE], [PROVINCE], [COUNTRY]) VALUES (8, N'', N'', NULL, N'', N'', N'AZ', NULL, N'US')
/****** Object:  Table [dbo].[DISTRIBUTOR_DISTRIBUTORGROUP]    Script Date: 02/24/2009 16:53:58 ******/
SET ANSI_NULLS ON
GO
SET QUOTED_IDENTIFIER ON
GO
IF NOT EXISTS (SELECT * FROM sys.objects WHERE object_id = OBJECT_ID(N'[dbo].[DISTRIBUTOR_DISTRIBUTORGROUP]') AND type in (N'U'))
BEGIN
CREATE TABLE [dbo].[DISTRIBUTOR_DISTRIBUTORGROUP](
	[DISTRIBUTOR_ID] [bigint] NULL,
	[DISTRIBUTORGROUP_ID] [bigint] NULL
)
END
GO
INSERT [dbo].[DISTRIBUTOR_DISTRIBUTORGROUP] ([DISTRIBUTOR_ID], [DISTRIBUTORGROUP_ID]) VALUES (1, 1)
INSERT [dbo].[DISTRIBUTOR_DISTRIBUTORGROUP] ([DISTRIBUTOR_ID], [DISTRIBUTORGROUP_ID]) VALUES (2, 1)
/****** Object:  Table [dbo].[DISTRIBUTOR]    Script Date: 02/24/2009 16:53:58 ******/
SET ANSI_NULLS ON
GO
SET QUOTED_IDENTIFIER ON
GO
IF NOT EXISTS (SELECT * FROM sys.objects WHERE object_id = OBJECT_ID(N'[dbo].[DISTRIBUTOR]') AND type in (N'U'))
BEGIN
CREATE TABLE [dbo].[DISTRIBUTOR](
	[ID] [bigint] NOT NULL,
	[BRAND_ID] [bigint] NULL,
	[ADDRESS_ID] [bigint] NULL,
	[NAME] [varchar](50) COLLATE SQL_Latin1_General_CP1_CI_AS NOT NULL,
	[EMAIL] [varchar](50) COLLATE SQL_Latin1_General_CP1_CI_AS NULL,
	[CONTACTPERSON] [varchar](50) COLLATE SQL_Latin1_General_CP1_CI_AS NULL,
	[WEBSITE] [varchar](max) COLLATE SQL_Latin1_General_CP1_CI_AS NULL,
	[STATUS] [int] NULL,
	[MOBILEPHONE] [varchar](50) COLLATE SQL_Latin1_General_CP1_CI_AS NULL,
	[OFFICEPHONE] [varchar](50) COLLATE SQL_Latin1_General_CP1_CI_AS NULL,
	[FIRSTNAME] [varchar](254) COLLATE SQL_Latin1_General_CP1_CI_AS NULL,
	[LASTNAME] [varchar](254) COLLATE SQL_Latin1_General_CP1_CI_AS NULL,
	[PHONEEXTN] [varchar](254) COLLATE SQL_Latin1_General_CP1_CI_AS NULL,
	[ADDRESS_ID_2] [bigint] NULL,
 CONSTRAINT [PK__DISTRIBUTOR__7C8480AE] PRIMARY KEY CLUSTERED 
(
	[ID] ASC
)WITH (IGNORE_DUP_KEY = OFF)
)
END
GO
INSERT [dbo].[DISTRIBUTOR] ([ID], [BRAND_ID], [ADDRESS_ID], [NAME], [EMAIL], [CONTACTPERSON], [WEBSITE], [STATUS], [MOBILEPHONE], [OFFICEPHONE], [FIRSTNAME], [LASTNAME], [PHONEEXTN], [ADDRESS_ID_2]) VALUES (1, 1, 4, N'360Training1', N'', NULL, N'http://360training.com', NULL, NULL, N'          ', NULL, NULL, NULL, 5)

/****** Object:  Table [dbo].[CUSTOMER]    Script Date: 02/24/2009 16:53:58 ******/
SET ANSI_NULLS ON
GO
SET QUOTED_IDENTIFIER ON
GO
IF NOT EXISTS (SELECT * FROM sys.objects WHERE object_id = OBJECT_ID(N'[dbo].[CUSTOMER]') AND type in (N'U'))
BEGIN
CREATE TABLE [dbo].[CUSTOMER](
	[ID] [bigint] NOT NULL,
	[BRAND_ID] [bigint] NOT NULL,
	[NAME] [varchar](50) COLLATE SQL_Latin1_General_CP1_CI_AS NOT NULL,
	[STREETADDRESS] [varchar](50) COLLATE SQL_Latin1_General_CP1_CI_AS NULL,
	[CITY] [varchar](50) COLLATE SQL_Latin1_General_CP1_CI_AS NULL,
	[ZIPCODE] [varchar](50) COLLATE SQL_Latin1_General_CP1_CI_AS NULL,
	[EMAIL] [varchar](50) COLLATE SQL_Latin1_General_CP1_CI_AS NULL,
	[CONTACTPERSON] [varchar](50) COLLATE SQL_Latin1_General_CP1_CI_AS NULL,
	[STATUS] [int] NULL,
	[BILLINGADDRESS_ID] [bigint] NULL,
	[SHIPPINGADDRESS_ID] [bigint] NULL,
	[DISTRIBUTOR_ID] [bigint] NULL,
	[ORDERID] [varchar](50) COLLATE SQL_Latin1_General_CP1_CI_AS NULL,
	[WEBSITEURL] [varchar](254) COLLATE SQL_Latin1_General_CP1_CI_AS NULL,
	[FIRSTNAME] [varchar](254) COLLATE SQL_Latin1_General_CP1_CI_AS NULL,
	[LASTNAME] [varchar](254) COLLATE SQL_Latin1_General_CP1_CI_AS NULL,
	[PHONENUMBER] [varchar](254) COLLATE SQL_Latin1_General_CP1_CI_AS NULL,
	[EXTENSION] [varchar](254) COLLATE SQL_Latin1_General_CP1_CI_AS NULL,
	[ACTIVETF] [int] NULL,
	[CUSTOMERTYPE] [varchar](50) COLLATE SQL_Latin1_General_CP1_CI_AS NULL,
 CONSTRAINT [PK__CUSTOMER__060DEAE8] PRIMARY KEY CLUSTERED 
(
	[ID] ASC
)WITH (IGNORE_DUP_KEY = OFF)
)
END
GO
INSERT [dbo].[CUSTOMER] ([ID], [BRAND_ID], [NAME], [STREETADDRESS], [CITY], [ZIPCODE], [EMAIL], [CONTACTPERSON], [STATUS], [BILLINGADDRESS_ID], [SHIPPINGADDRESS_ID], [DISTRIBUTOR_ID], [ORDERID], [WEBSITEURL], [FIRSTNAME], [LASTNAME], [PHONENUMBER], [EXTENSION], [ACTIVETF], [CUSTOMERTYPE]) VALUES   (1, 1, N'360 Cutomer', N'', NULL, NULL, N'360@360.com', NULL, 1, 6, 7, 1, NULL, NULL, N'360', N'Training', N'1258785', N'2', 1, N'B2B')


/****** Object:  Table [dbo].[SURVEY]    Script Date: 02/24/2009 16:53:58 ******/
SET ANSI_NULLS ON
GO
SET QUOTED_IDENTIFIER ON
GO
IF NOT EXISTS (SELECT * FROM sys.objects WHERE object_id = OBJECT_ID(N'[dbo].[SURVEY]') AND type in (N'U'))
BEGIN
CREATE TABLE [dbo].[SURVEY](
	[ID] [bigint] NOT NULL,
	[NAME] [varchar](50) COLLATE SQL_Latin1_General_CP1_CI_AS NOT NULL,
	[STATUS] [varchar](50) COLLATE SQL_Latin1_General_CP1_CI_AS NOT NULL,
	[ISLOCKEDTF] [int] NOT NULL,
	[EVENT] [varchar](50) COLLATE SQL_Latin1_General_CP1_CI_AS NOT NULL,
	[SHOWALLTF] [int] NOT NULL,
	[QUESTIONSPERPAGE] [int] NULL,
	[SURVEYOWNER_ID] [bigint] NULL,
 CONSTRAINT [PK_SURVEY] PRIMARY KEY CLUSTERED 
(
	[ID] ASC
)WITH (IGNORE_DUP_KEY = OFF)
)
END
GO

/****** Object:  Table [dbo].[SURVEYQUESTION]    Script Date: 02/24/2009 16:53:58 ******/
SET ANSI_NULLS ON
GO
SET QUOTED_IDENTIFIER ON
GO
IF NOT EXISTS (SELECT * FROM sys.objects WHERE object_id = OBJECT_ID(N'[dbo].[SURVEYQUESTION]') AND type in (N'U'))
BEGIN
CREATE TABLE [dbo].[SURVEYQUESTION](
	[ID] [bigint] NOT NULL,
	[TEXT] [nvarchar](max) COLLATE SQL_Latin1_General_CP1_CI_AS NOT NULL,
	[QUESTION_TYPE] [varchar](50) COLLATE SQL_Latin1_General_CP1_CI_AS NOT NULL,
	[SURVEY_ID] [bigint] NOT NULL,
	[ALIGNMENT] [varchar](50) COLLATE SQL_Latin1_General_CP1_CI_AS NULL,
	[DROPDOWNTF] [int] NOT NULL,
	[UNLIMITEDTF] [int] NOT NULL,
 CONSTRAINT [PK_SURVEYQUESTION] PRIMARY KEY CLUSTERED 
(
	[ID] ASC
)WITH (IGNORE_DUP_KEY = OFF)
)
END
GO

/****** Object:  Table [dbo].[SURVEYANSWER]    Script Date: 02/24/2009 16:53:58 ******/
SET ANSI_NULLS ON
GO
SET QUOTED_IDENTIFIER ON
GO
IF NOT EXISTS (SELECT * FROM sys.objects WHERE object_id = OBJECT_ID(N'[dbo].[SURVEYANSWER]') AND type in (N'U'))
BEGIN
CREATE TABLE [dbo].[SURVEYANSWER](
	[ID] [bigint] NOT NULL,
	[SURVEYQUESTION_ID] [bigint] NOT NULL,
	[Label] [varchar](50) COLLATE SQL_Latin1_General_CP1_CI_AS NULL,
	[Value] [varchar](254) COLLATE SQL_Latin1_General_CP1_CI_AS NULL,
	[DISPLAYORDER] [int] NOT NULL,
 CONSTRAINT [PK_SURVEYANSWER] PRIMARY KEY CLUSTERED 
(
	[ID] ASC
)WITH (IGNORE_DUP_KEY = OFF)
)
END
GO

/****** Object:  Table [dbo].[SurveyResult]    Script Date: 02/24/2009 16:53:58 ******/
SET ANSI_NULLS ON
GO
SET QUOTED_IDENTIFIER ON
GO
IF NOT EXISTS (SELECT * FROM sys.objects WHERE object_id = OBJECT_ID(N'[dbo].[SurveyResult]') AND type in (N'U'))
BEGIN
CREATE TABLE [dbo].[SurveyResult](
	[ID] [bigint] NOT NULL,
	[Survey_ID] [bigint] NOT NULL,
	[VU360User_ID] [bigint] NOT NULL,
 CONSTRAINT [PK_SurveyResult] PRIMARY KEY CLUSTERED 
(
	[ID] ASC
)WITH (IGNORE_DUP_KEY = OFF)
)
END
GO
/****** Object:  Table [dbo].[SurveyResultAnswer]    Script Date: 02/24/2009 16:53:59 ******/
SET ANSI_NULLS ON
GO
SET QUOTED_IDENTIFIER ON
GO
IF NOT EXISTS (SELECT * FROM sys.objects WHERE object_id = OBJECT_ID(N'[dbo].[SurveyResultAnswer]') AND type in (N'U'))
BEGIN
CREATE TABLE [dbo].[SurveyResultAnswer](
	[ID] [bigint] NOT NULL,
	[SurveyResult_ID] [bigint] NOT NULL,
	[SurveyAnswer_ID] [bigint] NOT NULL,
	[SurveyResultAnswerType] [varchar](50) COLLATE SQL_Latin1_General_CP1_CI_AS NOT NULL,
 CONSTRAINT [PK_SurveyResultAnswer] PRIMARY KEY CLUSTERED 
(
	[ID] ASC
)WITH (IGNORE_DUP_KEY = OFF)
)
END
GO
/****** Object:  Table [dbo].[LMSROLE]    Script Date: 02/24/2009 16:53:58 ******/
SET ANSI_NULLS ON
GO
SET QUOTED_IDENTIFIER ON
GO
IF NOT EXISTS (SELECT * FROM sys.objects WHERE object_id = OBJECT_ID(N'[dbo].[LMSROLE]') AND type in (N'U'))
BEGIN
CREATE TABLE [dbo].[LMSROLE](
	[ROLENAME] [varchar](250) COLLATE SQL_Latin1_General_CP1_CI_AS NULL,
	[ID] [bigint] NOT NULL,
	[ROLE_TYPE] [varchar](50) COLLATE SQL_Latin1_General_CP1_CI_AS NULL,
	[DEFAULTFORREGISTRATIONTF] [int] NULL,
	[CUSTOMER_ID] [bigint] NULL,
 CONSTRAINT [PK_ROLE] PRIMARY KEY CLUSTERED 
(
	[ID] ASC
)WITH (IGNORE_DUP_KEY = OFF)
)
END
GO
INSERT [dbo].[LMSROLE] ([ROLENAME], [ID], [ROLE_TYPE], [DEFAULTFORREGISTRATIONTF], [CUSTOMER_ID]) VALUES (N'LEARNER', 1, N'ROLE_LEARNER', NULL, 1)
INSERT [dbo].[LMSROLE] ([ROLENAME], [ID], [ROLE_TYPE], [DEFAULTFORREGISTRATIONTF], [CUSTOMER_ID]) VALUES (N'MANAGER', 2, N'ROLE_TRAININGADMINISTRATOR', NULL, 1)
INSERT [dbo].[LMSROLE] ([ROLENAME], [ID], [ROLE_TYPE], [DEFAULTFORREGISTRATIONTF], [CUSTOMER_ID]) VALUES (N'ADMIN', 3, N'ROLE_LMSADMINISTRATOR', NULL, 1)

/****** Object:  Table [dbo].[LMSPERMISSION]    Script Date: 02/24/2009 16:53:58 ******/
SET ANSI_NULLS ON
GO
SET QUOTED_IDENTIFIER ON
GO
IF NOT EXISTS (SELECT * FROM sys.objects WHERE object_id = OBJECT_ID(N'[dbo].[LMSPERMISSION]') AND type in (N'U'))
BEGIN
CREATE TABLE [dbo].[LMSPERMISSION](
	[ID] [bigint] NOT NULL,
	[LMSFEATUREDENABLEDTF] [int] NULL,
	[ROLE_ID] [bigint] NOT NULL,
	[FEATURE_ID] [bigint] NOT NULL,
 CONSTRAINT [PK_LMSPERMISSION] PRIMARY KEY CLUSTERED 
(
	[ID] ASC
)WITH (IGNORE_DUP_KEY = OFF)
)
END
GO
INSERT [dbo].[LMSPERMISSION] ([ID], [LMSFEATUREDENABLEDTF], [ROLE_ID], [FEATURE_ID]) VALUES (1, 1, 2, 1)
INSERT [dbo].[LMSPERMISSION] ([ID], [LMSFEATUREDENABLEDTF], [ROLE_ID], [FEATURE_ID]) VALUES (2, 1, 2, 2)
INSERT [dbo].[LMSPERMISSION] ([ID], [LMSFEATUREDENABLEDTF], [ROLE_ID], [FEATURE_ID]) VALUES (3, 1, 2, 3)
INSERT [dbo].[LMSPERMISSION] ([ID], [LMSFEATUREDENABLEDTF], [ROLE_ID], [FEATURE_ID]) VALUES (4, 1, 2, 4)
INSERT [dbo].[LMSPERMISSION] ([ID], [LMSFEATUREDENABLEDTF], [ROLE_ID], [FEATURE_ID]) VALUES (5, 1, 2, 5)
INSERT [dbo].[LMSPERMISSION] ([ID], [LMSFEATUREDENABLEDTF], [ROLE_ID], [FEATURE_ID]) VALUES (6, 1, 2, 6)
INSERT [dbo].[LMSPERMISSION] ([ID], [LMSFEATUREDENABLEDTF], [ROLE_ID], [FEATURE_ID]) VALUES (7, 1, 2, 7)
INSERT [dbo].[LMSPERMISSION] ([ID], [LMSFEATUREDENABLEDTF], [ROLE_ID], [FEATURE_ID]) VALUES (8, 1, 2, 8)
INSERT [dbo].[LMSPERMISSION] ([ID], [LMSFEATUREDENABLEDTF], [ROLE_ID], [FEATURE_ID]) VALUES (9, 1, 2, 9)
INSERT [dbo].[LMSPERMISSION] ([ID], [LMSFEATUREDENABLEDTF], [ROLE_ID], [FEATURE_ID]) VALUES (10, 1, 2, 10)
INSERT [dbo].[LMSPERMISSION] ([ID], [LMSFEATUREDENABLEDTF], [ROLE_ID], [FEATURE_ID]) VALUES (11, 1, 2, 11)
INSERT [dbo].[LMSPERMISSION] ([ID], [LMSFEATUREDENABLEDTF], [ROLE_ID], [FEATURE_ID]) VALUES (12, 1, 2, 12)
INSERT [dbo].[LMSPERMISSION] ([ID], [LMSFEATUREDENABLEDTF], [ROLE_ID], [FEATURE_ID]) VALUES (13, 1, 2, 13)
INSERT [dbo].[LMSPERMISSION] ([ID], [LMSFEATUREDENABLEDTF], [ROLE_ID], [FEATURE_ID]) VALUES (14, 1, 2, 14)
INSERT [dbo].[LMSPERMISSION] ([ID], [LMSFEATUREDENABLEDTF], [ROLE_ID], [FEATURE_ID]) VALUES (15, 1, 2, 15)
INSERT [dbo].[LMSPERMISSION] ([ID], [LMSFEATUREDENABLEDTF], [ROLE_ID], [FEATURE_ID]) VALUES (16, 0, 1, 16)
INSERT [dbo].[LMSPERMISSION] ([ID], [LMSFEATUREDENABLEDTF], [ROLE_ID], [FEATURE_ID]) VALUES (17, 0, 1, 17)
INSERT [dbo].[LMSPERMISSION] ([ID], [LMSFEATUREDENABLEDTF], [ROLE_ID], [FEATURE_ID]) VALUES (18, 0, 1, 18)
INSERT [dbo].[LMSPERMISSION] ([ID], [LMSFEATUREDENABLEDTF], [ROLE_ID], [FEATURE_ID]) VALUES (19, 1, 2, 19)
INSERT [dbo].[LMSPERMISSION] ([ID], [LMSFEATUREDENABLEDTF], [ROLE_ID], [FEATURE_ID]) VALUES (20, 1, 3, 20)
INSERT [dbo].[LMSPERMISSION] ([ID], [LMSFEATUREDENABLEDTF], [ROLE_ID], [FEATURE_ID]) VALUES (21, 1, 3, 21)
INSERT [dbo].[LMSPERMISSION] ([ID], [LMSFEATUREDENABLEDTF], [ROLE_ID], [FEATURE_ID]) VALUES (22, 1, 3, 22)
INSERT [dbo].[LMSPERMISSION] ([ID], [LMSFEATUREDENABLEDTF], [ROLE_ID], [FEATURE_ID]) VALUES (23, 1, 3, 23)
INSERT [dbo].[LMSPERMISSION] ([ID], [LMSFEATUREDENABLEDTF], [ROLE_ID], [FEATURE_ID]) VALUES (24, 1, 3, 24)
INSERT [dbo].[LMSPERMISSION] ([ID], [LMSFEATUREDENABLEDTF], [ROLE_ID], [FEATURE_ID]) VALUES (25, 1, 3, 25)
INSERT [dbo].[LMSPERMISSION] ([ID], [LMSFEATUREDENABLEDTF], [ROLE_ID], [FEATURE_ID]) VALUES (26, 1, 3, 26)
INSERT [dbo].[LMSPERMISSION] ([ID], [LMSFEATUREDENABLEDTF], [ROLE_ID], [FEATURE_ID]) VALUES (27, 1, 3, 27)
INSERT [dbo].[LMSPERMISSION] ([ID], [LMSFEATUREDENABLEDTF], [ROLE_ID], [FEATURE_ID]) VALUES (28, 1, 3, 28)
INSERT [dbo].[LMSPERMISSION] ([ID], [LMSFEATUREDENABLEDTF], [ROLE_ID], [FEATURE_ID]) VALUES (29, 1, 3, 29)

/****** Object:  Table [dbo].[VU360REPORT]    Script Date: 02/24/2009 16:53:59 ******/
SET ANSI_NULLS ON
GO
SET QUOTED_IDENTIFIER ON
GO
IF NOT EXISTS (SELECT * FROM sys.objects WHERE object_id = OBJECT_ID(N'[dbo].[VU360REPORT]') AND type in (N'U'))
BEGIN
CREATE TABLE [dbo].[VU360REPORT](
	[ID] [bigint] NOT NULL,
	[CATEGORY] [varchar](254) COLLATE SQL_Latin1_General_CP1_CI_AS NULL,
	[DATASOURCE] [varchar](254) COLLATE SQL_Latin1_General_CP1_CI_AS NULL,
	[DESCRIPTION] [varchar](254) COLLATE SQL_Latin1_General_CP1_CI_AS NULL,
	[ISFAVORITE] [int] NULL,
	[MODE] [varchar](254) COLLATE SQL_Latin1_General_CP1_CI_AS NULL,
	[OWNER_ID] [bigint] NOT NULL,
	[REPORTDESCRIPTION] [varchar](254) COLLATE SQL_Latin1_General_CP1_CI_AS NULL,
	[REPORTNAME] [varchar](254) COLLATE SQL_Latin1_General_CP1_CI_AS NULL,
	[SYSTEMOWNEDREPORTTF] [int] NULL,
	[DERIVEDFROM] [bigint] NULL,
	[ORIGINALSYSTEMREPORT_ID] [bigint] NULL,
	[SQLTEMPLATEURI] [varchar](254) COLLATE SQL_Latin1_General_CP1_CI_AS NULL,
 CONSTRAINT [PK_VU360REPORT] PRIMARY KEY CLUSTERED 
(
	[ID] ASC
)WITH (IGNORE_DUP_KEY = OFF)
)
END
GO
INSERT [dbo].[VU360REPORT] ([ID], [CATEGORY], [DATASOURCE], [DESCRIPTION], [ISFAVORITE], [MODE], [OWNER_ID], [REPORTDESCRIPTION], [REPORTNAME], [SYSTEMOWNEDREPORTTF], [DERIVEDFROM], [ORIGINALSYSTEMREPORT_ID], [SQLTEMPLATEURI]) VALUES (1, N'Customer Category', NULL, NULL, 0, NULL, 3, N'Customer Report Description

With some extra descriptions removed', N'Customer Summary Report', 0, NULL, NULL, NULL)
INSERT [dbo].[VU360REPORT] ([ID], [CATEGORY], [DATASOURCE], [DESCRIPTION], [ISFAVORITE], [MODE], [OWNER_ID], [REPORTDESCRIPTION], [REPORTNAME], [SYSTEMOWNEDREPORTTF], [DERIVEDFROM], [ORIGINALSYSTEMREPORT_ID], [SQLTEMPLATEURI]) VALUES (2, N'Distributor Category', N'Distributor Datasource', N'', 0, N'Administrator Mode', 3, N'Distributor Report Description', N'Distributor Detail Report', 1, NULL, NULL, NULL)
INSERT [dbo].[VU360REPORT] ([ID], [CATEGORY], [DATASOURCE], [DESCRIPTION], [ISFAVORITE], [MODE], [OWNER_ID], [REPORTDESCRIPTION], [REPORTNAME], [SYSTEMOWNEDREPORTTF], [DERIVEDFROM], [ORIGINALSYSTEMREPORT_ID], [SQLTEMPLATEURI]) VALUES (61, N'Customer Category', NULL, NULL, 0, NULL, 3, N'Customer Report Description
Help me
With some extra descriptions removed', N'Customer Details Report', 0, 1, NULL, NULL)
INSERT [dbo].[VU360REPORT] ([ID], [CATEGORY], [DATASOURCE], [DESCRIPTION], [ISFAVORITE], [MODE], [OWNER_ID], [REPORTDESCRIPTION], [REPORTNAME], [SYSTEMOWNEDREPORTTF], [DERIVEDFROM], [ORIGINALSYSTEMREPORT_ID], [SQLTEMPLATEURI]) VALUES (62, N'Somnath Category', NULL, NULL, 0, NULL, 3, N'Somnath Report Description
', N'Somnath Details Report', 0, 61, NULL, NULL)
INSERT [dbo].[VU360REPORT] ([ID], [CATEGORY], [DATASOURCE], [DESCRIPTION], [ISFAVORITE], [MODE], [OWNER_ID], [REPORTDESCRIPTION], [REPORTNAME], [SYSTEMOWNEDREPORTTF], [DERIVEDFROM], [ORIGINALSYSTEMREPORT_ID], [SQLTEMPLATEURI]) VALUES (111, N'Distributor Category', N'Distributor Datasource', N'', 0, N'Administrator Mode', 3, N'Praveen Daily Job Report Description
something', N'Praveen Detail Report', 0, 2, NULL, NULL)
INSERT [dbo].[VU360REPORT] ([ID], [CATEGORY], [DATASOURCE], [DESCRIPTION], [ISFAVORITE], [MODE], [OWNER_ID], [REPORTDESCRIPTION], [REPORTNAME], [SYSTEMOWNEDREPORTTF], [DERIVEDFROM], [ORIGINALSYSTEMREPORT_ID], [SQLTEMPLATEURI]) VALUES (161, N'Sukanta Category', N'Distributor Datasource', N'', 1, N'Administrator Mode', 3, N'Sukanta Report Description', N'Sukanta Detail Report', 0, 2, NULL, NULL)
/****** Object:  Table [dbo].[VU360REPORTFIELD]    Script Date: 02/24/2009 16:53:59 ******/
SET ANSI_NULLS ON
GO
SET QUOTED_IDENTIFIER ON
GO
IF NOT EXISTS (SELECT * FROM sys.objects WHERE object_id = OBJECT_ID(N'[dbo].[VU360REPORTFIELD]') AND type in (N'U'))
BEGIN
CREATE TABLE [dbo].[VU360REPORTFIELD](
	[ID] [bigint] NOT NULL,
	[DATATYPE] [varchar](254) COLLATE SQL_Latin1_General_CP1_CI_AS NULL,
	[DBCOLUMNNAME] [varchar](254) COLLATE SQL_Latin1_General_CP1_CI_AS NULL,
	[DEFAULTDISPLAYORDER] [int] NULL,
	[DEFAULTSORTORDER] [int] NULL,
	[DISPLAYNAME] [varchar](254) COLLATE SQL_Latin1_General_CP1_CI_AS NULL,
	[DISPLAYORDER] [int] NULL,
	[FILTERABLE] [int] NULL,
	[SORTORDER] [int] NULL,
	[VISIBLE] [int] NULL,
	[VISIBLEBYDEFAULT] [int] NULL,
	[VU360REPORT_ID] [bigint] NULL,
	[COLUMNFORMAT] [varchar](254) COLLATE SQL_Latin1_General_CP1_CI_AS NULL,
	[ENABLEDTF] [int] NULL,
	[FIELDORDER] [int] NULL,
 CONSTRAINT [PK_VU360REPORTFIELD] PRIMARY KEY CLUSTERED 
(
	[ID] ASC
)WITH (IGNORE_DUP_KEY = OFF)
)
END
GO
INSERT [dbo].[VU360REPORTFIELD] ([ID], [DATATYPE], [DBCOLUMNNAME], [DEFAULTDISPLAYORDER], [DEFAULTSORTORDER], [DISPLAYNAME], [DISPLAYORDER], [FILTERABLE], [SORTORDER], [VISIBLE], [VISIBLEBYDEFAULT], [VU360REPORT_ID], [COLUMNFORMAT], [ENABLEDTF], [FIELDORDER]) VALUES (1, N'bigint', N'ID', 0, 0, N'Customer ID', 0, 0, 0, 0, 0, 1, NULL, NULL, NULL)
INSERT [dbo].[VU360REPORTFIELD] ([ID], [DATATYPE], [DBCOLUMNNAME], [DEFAULTDISPLAYORDER], [DEFAULTSORTORDER], [DISPLAYNAME], [DISPLAYORDER], [FILTERABLE], [SORTORDER], [VISIBLE], [VISIBLEBYDEFAULT], [VU360REPORT_ID], [COLUMNFORMAT], [ENABLEDTF], [FIELDORDER]) VALUES (2, N'varchar', N'NAME', 1, 1, N'Customer Name', 1, 1, 0, 1, 1, 1, NULL, NULL, NULL)
INSERT [dbo].[VU360REPORTFIELD] ([ID], [DATATYPE], [DBCOLUMNNAME], [DEFAULTDISPLAYORDER], [DEFAULTSORTORDER], [DISPLAYNAME], [DISPLAYORDER], [FILTERABLE], [SORTORDER], [VISIBLE], [VISIBLEBYDEFAULT], [VU360REPORT_ID], [COLUMNFORMAT], [ENABLEDTF], [FIELDORDER]) VALUES (3, N'varchar', N'FIRSTNAME', 1, 1, N'Customer First Name', 3, 1, 1, 1, 1, 1, NULL, NULL, NULL)
INSERT [dbo].[VU360REPORTFIELD] ([ID], [DATATYPE], [DBCOLUMNNAME], [DEFAULTDISPLAYORDER], [DEFAULTSORTORDER], [DISPLAYNAME], [DISPLAYORDER], [FILTERABLE], [SORTORDER], [VISIBLE], [VISIBLEBYDEFAULT], [VU360REPORT_ID], [COLUMNFORMAT], [ENABLEDTF], [FIELDORDER]) VALUES (4, N'varchar', N'LASTNAME', 1, 1, N'Customer Last Name', 2, 1, 1, 1, 1, 1, NULL, NULL, NULL)
INSERT [dbo].[VU360REPORTFIELD] ([ID], [DATATYPE], [DBCOLUMNNAME], [DEFAULTDISPLAYORDER], [DEFAULTSORTORDER], [DISPLAYNAME], [DISPLAYORDER], [FILTERABLE], [SORTORDER], [VISIBLE], [VISIBLEBYDEFAULT], [VU360REPORT_ID], [COLUMNFORMAT], [ENABLEDTF], [FIELDORDER]) VALUES (5, N'varchar', N'EMAIL', 1, 1, N'Customer Email', 4, 1, 0, 1, 1, 1, NULL, NULL, NULL)
INSERT [dbo].[VU360REPORTFIELD] ([ID], [DATATYPE], [DBCOLUMNNAME], [DEFAULTDISPLAYORDER], [DEFAULTSORTORDER], [DISPLAYNAME], [DISPLAYORDER], [FILTERABLE], [SORTORDER], [VISIBLE], [VISIBLEBYDEFAULT], [VU360REPORT_ID], [COLUMNFORMAT], [ENABLEDTF], [FIELDORDER]) VALUES (6, N'varchar', N'PHONENUMBER', 1, 1, N'Phone Number', 5, 1, 1, 1, 1, 1, NULL, NULL, NULL)
INSERT [dbo].[VU360REPORTFIELD] ([ID], [DATATYPE], [DBCOLUMNNAME], [DEFAULTDISPLAYORDER], [DEFAULTSORTORDER], [DISPLAYNAME], [DISPLAYORDER], [FILTERABLE], [SORTORDER], [VISIBLE], [VISIBLEBYDEFAULT], [VU360REPORT_ID], [COLUMNFORMAT], [ENABLEDTF], [FIELDORDER]) VALUES (7, N'bigint', N'ID', 0, 0, N'Distributor ID', 0, 0, 0, 0, 0, 2, NULL, NULL, NULL)
INSERT [dbo].[VU360REPORTFIELD] ([ID], [DATATYPE], [DBCOLUMNNAME], [DEFAULTDISPLAYORDER], [DEFAULTSORTORDER], [DISPLAYNAME], [DISPLAYORDER], [FILTERABLE], [SORTORDER], [VISIBLE], [VISIBLEBYDEFAULT], [VU360REPORT_ID], [COLUMNFORMAT], [ENABLEDTF], [FIELDORDER]) VALUES (8, N'varchar', N'NAME', 1, 1, N'Distributor Name', 1, 1, 1, 1, 1, 2, NULL, NULL, NULL)
INSERT [dbo].[VU360REPORTFIELD] ([ID], [DATATYPE], [DBCOLUMNNAME], [DEFAULTDISPLAYORDER], [DEFAULTSORTORDER], [DISPLAYNAME], [DISPLAYORDER], [FILTERABLE], [SORTORDER], [VISIBLE], [VISIBLEBYDEFAULT], [VU360REPORT_ID], [COLUMNFORMAT], [ENABLEDTF], [FIELDORDER]) VALUES (9, N'varchar', N'FIRSTNAME', 1, 1, N'Distributor First Name', 1, 1, 1, 1, 1, 2, NULL, NULL, NULL)
INSERT [dbo].[VU360REPORTFIELD] ([ID], [DATATYPE], [DBCOLUMNNAME], [DEFAULTDISPLAYORDER], [DEFAULTSORTORDER], [DISPLAYNAME], [DISPLAYORDER], [FILTERABLE], [SORTORDER], [VISIBLE], [VISIBLEBYDEFAULT], [VU360REPORT_ID], [COLUMNFORMAT], [ENABLEDTF], [FIELDORDER]) VALUES (10, N'varchar', N'LASTNAME', 1, 1, N'Distributor Last Name', 1, 1, 1, 1, 1, 2, NULL, NULL, NULL)
INSERT [dbo].[VU360REPORTFIELD] ([ID], [DATATYPE], [DBCOLUMNNAME], [DEFAULTDISPLAYORDER], [DEFAULTSORTORDER], [DISPLAYNAME], [DISPLAYORDER], [FILTERABLE], [SORTORDER], [VISIBLE], [VISIBLEBYDEFAULT], [VU360REPORT_ID], [COLUMNFORMAT], [ENABLEDTF], [FIELDORDER]) VALUES (11, N'varchar', N'EMAIL', 1, 1, N'Distributor Email', 1, 1, 1, 1, 1, 2, NULL, NULL, NULL)
INSERT [dbo].[VU360REPORTFIELD] ([ID], [DATATYPE], [DBCOLUMNNAME], [DEFAULTDISPLAYORDER], [DEFAULTSORTORDER], [DISPLAYNAME], [DISPLAYORDER], [FILTERABLE], [SORTORDER], [VISIBLE], [VISIBLEBYDEFAULT], [VU360REPORT_ID], [COLUMNFORMAT], [ENABLEDTF], [FIELDORDER]) VALUES (12, N'varchar', N'OFFICEPHONE', 1, 1, N'Office Phone Number', 1, 1, 1, 1, 1, 2, NULL, NULL, NULL)
INSERT [dbo].[VU360REPORTFIELD] ([ID], [DATATYPE], [DBCOLUMNNAME], [DEFAULTDISPLAYORDER], [DEFAULTSORTORDER], [DISPLAYNAME], [DISPLAYORDER], [FILTERABLE], [SORTORDER], [VISIBLE], [VISIBLEBYDEFAULT], [VU360REPORT_ID], [COLUMNFORMAT], [ENABLEDTF], [FIELDORDER]) VALUES (13, N'varchar', N'WEBSITE', 1, 1, N'Distributor Web Site', 1, 1, 1, 1, 1, 2, NULL, NULL, NULL)
INSERT [dbo].[VU360REPORTFIELD] ([ID], [DATATYPE], [DBCOLUMNNAME], [DEFAULTDISPLAYORDER], [DEFAULTSORTORDER], [DISPLAYNAME], [DISPLAYORDER], [FILTERABLE], [SORTORDER], [VISIBLE], [VISIBLEBYDEFAULT], [VU360REPORT_ID], [COLUMNFORMAT], [ENABLEDTF], [FIELDORDER]) VALUES (61, N'varchar', N'EMAIL', 1, 1, N'Customer Email', 1, 1, 1, 1, 1, 61, NULL, NULL, NULL)
INSERT [dbo].[VU360REPORTFIELD] ([ID], [DATATYPE], [DBCOLUMNNAME], [DEFAULTDISPLAYORDER], [DEFAULTSORTORDER], [DISPLAYNAME], [DISPLAYORDER], [FILTERABLE], [SORTORDER], [VISIBLE], [VISIBLEBYDEFAULT], [VU360REPORT_ID], [COLUMNFORMAT], [ENABLEDTF], [FIELDORDER]) VALUES (62, N'varchar', N'FIRSTNAME', 1, 1, N'Customer First Name', 1, 1, 1, 1, 1, 61, NULL, NULL, NULL)
INSERT [dbo].[VU360REPORTFIELD] ([ID], [DATATYPE], [DBCOLUMNNAME], [DEFAULTDISPLAYORDER], [DEFAULTSORTORDER], [DISPLAYNAME], [DISPLAYORDER], [FILTERABLE], [SORTORDER], [VISIBLE], [VISIBLEBYDEFAULT], [VU360REPORT_ID], [COLUMNFORMAT], [ENABLEDTF], [FIELDORDER]) VALUES (63, N'varchar', N'NAME', 1, 1, N'Customer Name', 1, 1, 1, 1, 1, 61, NULL, NULL, NULL)
INSERT [dbo].[VU360REPORTFIELD] ([ID], [DATATYPE], [DBCOLUMNNAME], [DEFAULTDISPLAYORDER], [DEFAULTSORTORDER], [DISPLAYNAME], [DISPLAYORDER], [FILTERABLE], [SORTORDER], [VISIBLE], [VISIBLEBYDEFAULT], [VU360REPORT_ID], [COLUMNFORMAT], [ENABLEDTF], [FIELDORDER]) VALUES (64, N'bigint', N'ID', 0, 0, N'Customer ID', 0, 0, 0, 0, 0, 61, NULL, NULL, NULL)
INSERT [dbo].[VU360REPORTFIELD] ([ID], [DATATYPE], [DBCOLUMNNAME], [DEFAULTDISPLAYORDER], [DEFAULTSORTORDER], [DISPLAYNAME], [DISPLAYORDER], [FILTERABLE], [SORTORDER], [VISIBLE], [VISIBLEBYDEFAULT], [VU360REPORT_ID], [COLUMNFORMAT], [ENABLEDTF], [FIELDORDER]) VALUES (65, N'varchar', N'PHONENUMBER', 1, 1, N'Phone Number', 1, 1, 1, 1, 1, 61, NULL, NULL, NULL)
INSERT [dbo].[VU360REPORTFIELD] ([ID], [DATATYPE], [DBCOLUMNNAME], [DEFAULTDISPLAYORDER], [DEFAULTSORTORDER], [DISPLAYNAME], [DISPLAYORDER], [FILTERABLE], [SORTORDER], [VISIBLE], [VISIBLEBYDEFAULT], [VU360REPORT_ID], [COLUMNFORMAT], [ENABLEDTF], [FIELDORDER]) VALUES (66, N'varchar', N'LASTNAME', 1, 1, N'Customer Last Name', 1, 1, 1, 1, 1, 61, NULL, NULL, NULL)
INSERT [dbo].[VU360REPORTFIELD] ([ID], [DATATYPE], [DBCOLUMNNAME], [DEFAULTDISPLAYORDER], [DEFAULTSORTORDER], [DISPLAYNAME], [DISPLAYORDER], [FILTERABLE], [SORTORDER], [VISIBLE], [VISIBLEBYDEFAULT], [VU360REPORT_ID], [COLUMNFORMAT], [ENABLEDTF], [FIELDORDER]) VALUES (67, N'varchar', N'EMAIL', 1, 1, N'Customer Email', 1, 1, 1, 0, 1, 62, NULL, NULL, NULL)
INSERT [dbo].[VU360REPORTFIELD] ([ID], [DATATYPE], [DBCOLUMNNAME], [DEFAULTDISPLAYORDER], [DEFAULTSORTORDER], [DISPLAYNAME], [DISPLAYORDER], [FILTERABLE], [SORTORDER], [VISIBLE], [VISIBLEBYDEFAULT], [VU360REPORT_ID], [COLUMNFORMAT], [ENABLEDTF], [FIELDORDER]) VALUES (68, N'varchar', N'PHONENUMBER', 1, 1, N'Phone Number', 1, 1, 1, 1, 1, 62, NULL, NULL, NULL)
INSERT [dbo].[VU360REPORTFIELD] ([ID], [DATATYPE], [DBCOLUMNNAME], [DEFAULTDISPLAYORDER], [DEFAULTSORTORDER], [DISPLAYNAME], [DISPLAYORDER], [FILTERABLE], [SORTORDER], [VISIBLE], [VISIBLEBYDEFAULT], [VU360REPORT_ID], [COLUMNFORMAT], [ENABLEDTF], [FIELDORDER]) VALUES (69, N'varchar', N'FIRSTNAME', 1, 1, N'Customer First Name', 1, 1, 1, 0, 1, 62, NULL, NULL, NULL)
INSERT [dbo].[VU360REPORTFIELD] ([ID], [DATATYPE], [DBCOLUMNNAME], [DEFAULTDISPLAYORDER], [DEFAULTSORTORDER], [DISPLAYNAME], [DISPLAYORDER], [FILTERABLE], [SORTORDER], [VISIBLE], [VISIBLEBYDEFAULT], [VU360REPORT_ID], [COLUMNFORMAT], [ENABLEDTF], [FIELDORDER]) VALUES (70, N'varchar', N'LASTNAME', 1, 1, N'Customer Last Name', 1, 1, 1, 1, 1, 62, NULL, NULL, NULL)
INSERT [dbo].[VU360REPORTFIELD] ([ID], [DATATYPE], [DBCOLUMNNAME], [DEFAULTDISPLAYORDER], [DEFAULTSORTORDER], [DISPLAYNAME], [DISPLAYORDER], [FILTERABLE], [SORTORDER], [VISIBLE], [VISIBLEBYDEFAULT], [VU360REPORT_ID], [COLUMNFORMAT], [ENABLEDTF], [FIELDORDER]) VALUES (71, N'bigint', N'ID', 0, 0, N'Customer ID', 0, 0, 0, 0, 0, 62, NULL, NULL, NULL)
INSERT [dbo].[VU360REPORTFIELD] ([ID], [DATATYPE], [DBCOLUMNNAME], [DEFAULTDISPLAYORDER], [DEFAULTSORTORDER], [DISPLAYNAME], [DISPLAYORDER], [FILTERABLE], [SORTORDER], [VISIBLE], [VISIBLEBYDEFAULT], [VU360REPORT_ID], [COLUMNFORMAT], [ENABLEDTF], [FIELDORDER]) VALUES (72, N'varchar', N'NAME', 1, 1, N'Customer Name', 1, 1, 1, 1, 1, 62, NULL, NULL, NULL)
INSERT [dbo].[VU360REPORTFIELD] ([ID], [DATATYPE], [DBCOLUMNNAME], [DEFAULTDISPLAYORDER], [DEFAULTSORTORDER], [DISPLAYNAME], [DISPLAYORDER], [FILTERABLE], [SORTORDER], [VISIBLE], [VISIBLEBYDEFAULT], [VU360REPORT_ID], [COLUMNFORMAT], [ENABLEDTF], [FIELDORDER]) VALUES (111, N'varchar', N'FIRSTNAME', 1, 1, N'Distributor First Name', 1, 1, 1, 1, 1, 111, NULL, NULL, NULL)
INSERT [dbo].[VU360REPORTFIELD] ([ID], [DATATYPE], [DBCOLUMNNAME], [DEFAULTDISPLAYORDER], [DEFAULTSORTORDER], [DISPLAYNAME], [DISPLAYORDER], [FILTERABLE], [SORTORDER], [VISIBLE], [VISIBLEBYDEFAULT], [VU360REPORT_ID], [COLUMNFORMAT], [ENABLEDTF], [FIELDORDER]) VALUES (112, N'varchar', N'EMAIL', 1, 1, N'Distributor Email', 1, 1, 1, 1, 1, 111, NULL, NULL, NULL)
INSERT [dbo].[VU360REPORTFIELD] ([ID], [DATATYPE], [DBCOLUMNNAME], [DEFAULTDISPLAYORDER], [DEFAULTSORTORDER], [DISPLAYNAME], [DISPLAYORDER], [FILTERABLE], [SORTORDER], [VISIBLE], [VISIBLEBYDEFAULT], [VU360REPORT_ID], [COLUMNFORMAT], [ENABLEDTF], [FIELDORDER]) VALUES (113, N'varchar', N'OFFICEPHONE', 1, 1, N'Office Phone Number', 1, 1, 1, 0, 1, 111, NULL, NULL, NULL)
INSERT [dbo].[VU360REPORTFIELD] ([ID], [DATATYPE], [DBCOLUMNNAME], [DEFAULTDISPLAYORDER], [DEFAULTSORTORDER], [DISPLAYNAME], [DISPLAYORDER], [FILTERABLE], [SORTORDER], [VISIBLE], [VISIBLEBYDEFAULT], [VU360REPORT_ID], [COLUMNFORMAT], [ENABLEDTF], [FIELDORDER]) VALUES (114, N'varchar', N'WEBSITE', 1, 1, N'Distributor Web Site', 1, 1, 1, 1, 1, 111, NULL, NULL, NULL)
INSERT [dbo].[VU360REPORTFIELD] ([ID], [DATATYPE], [DBCOLUMNNAME], [DEFAULTDISPLAYORDER], [DEFAULTSORTORDER], [DISPLAYNAME], [DISPLAYORDER], [FILTERABLE], [SORTORDER], [VISIBLE], [VISIBLEBYDEFAULT], [VU360REPORT_ID], [COLUMNFORMAT], [ENABLEDTF], [FIELDORDER]) VALUES (115, N'varchar', N'LASTNAME', 1, 1, N'Distributor Last Name', 1, 1, 1, 0, 1, 111, NULL, NULL, NULL)
INSERT [dbo].[VU360REPORTFIELD] ([ID], [DATATYPE], [DBCOLUMNNAME], [DEFAULTDISPLAYORDER], [DEFAULTSORTORDER], [DISPLAYNAME], [DISPLAYORDER], [FILTERABLE], [SORTORDER], [VISIBLE], [VISIBLEBYDEFAULT], [VU360REPORT_ID], [COLUMNFORMAT], [ENABLEDTF], [FIELDORDER]) VALUES (116, N'varchar', N'NAME', 1, 1, N'Distributor Name', 1, 1, 1, 1, 1, 111, NULL, NULL, NULL)
INSERT [dbo].[VU360REPORTFIELD] ([ID], [DATATYPE], [DBCOLUMNNAME], [DEFAULTDISPLAYORDER], [DEFAULTSORTORDER], [DISPLAYNAME], [DISPLAYORDER], [FILTERABLE], [SORTORDER], [VISIBLE], [VISIBLEBYDEFAULT], [VU360REPORT_ID], [COLUMNFORMAT], [ENABLEDTF], [FIELDORDER]) VALUES (117, N'bigint', N'ID', 0, 0, N'Distributor ID', 0, 0, 0, 0, 0, 111, NULL, NULL, NULL)
INSERT [dbo].[VU360REPORTFIELD] ([ID], [DATATYPE], [DBCOLUMNNAME], [DEFAULTDISPLAYORDER], [DEFAULTSORTORDER], [DISPLAYNAME], [DISPLAYORDER], [FILTERABLE], [SORTORDER], [VISIBLE], [VISIBLEBYDEFAULT], [VU360REPORT_ID], [COLUMNFORMAT], [ENABLEDTF], [FIELDORDER]) VALUES (161, N'varchar', N'FIRSTNAME', 1, 1, N'Distributor First Name', 3, 1, 1, 1, 1, 161, NULL, NULL, NULL)
INSERT [dbo].[VU360REPORTFIELD] ([ID], [DATATYPE], [DBCOLUMNNAME], [DEFAULTDISPLAYORDER], [DEFAULTSORTORDER], [DISPLAYNAME], [DISPLAYORDER], [FILTERABLE], [SORTORDER], [VISIBLE], [VISIBLEBYDEFAULT], [VU360REPORT_ID], [COLUMNFORMAT], [ENABLEDTF], [FIELDORDER]) VALUES (162, N'bigint', N'ID', 0, 0, N'Distributor ID', 1, 0, 0, 1, 0, 161, NULL, NULL, NULL)
INSERT [dbo].[VU360REPORTFIELD] ([ID], [DATATYPE], [DBCOLUMNNAME], [DEFAULTDISPLAYORDER], [DEFAULTSORTORDER], [DISPLAYNAME], [DISPLAYORDER], [FILTERABLE], [SORTORDER], [VISIBLE], [VISIBLEBYDEFAULT], [VU360REPORT_ID], [COLUMNFORMAT], [ENABLEDTF], [FIELDORDER]) VALUES (163, N'varchar', N'EMAIL', 1, 1, N'Distributor Email', 4, 1, 1, 1, 1, 161, NULL, NULL, NULL)
INSERT [dbo].[VU360REPORTFIELD] ([ID], [DATATYPE], [DBCOLUMNNAME], [DEFAULTDISPLAYORDER], [DEFAULTSORTORDER], [DISPLAYNAME], [DISPLAYORDER], [FILTERABLE], [SORTORDER], [VISIBLE], [VISIBLEBYDEFAULT], [VU360REPORT_ID], [COLUMNFORMAT], [ENABLEDTF], [FIELDORDER]) VALUES (164, N'varchar', N'WEBSITE', 1, 1, N'Distributor Web Site', 1, 1, 1, 0, 1, 161, NULL, NULL, NULL)
INSERT [dbo].[VU360REPORTFIELD] ([ID], [DATATYPE], [DBCOLUMNNAME], [DEFAULTDISPLAYORDER], [DEFAULTSORTORDER], [DISPLAYNAME], [DISPLAYORDER], [FILTERABLE], [SORTORDER], [VISIBLE], [VISIBLEBYDEFAULT], [VU360REPORT_ID], [COLUMNFORMAT], [ENABLEDTF], [FIELDORDER]) VALUES (165, N'varchar', N'OFFICEPHONE', 1, 1, N'Office Phone Number', 5, 1, 1, 1, 1, 161, NULL, NULL, NULL)
INSERT [dbo].[VU360REPORTFIELD] ([ID], [DATATYPE], [DBCOLUMNNAME], [DEFAULTDISPLAYORDER], [DEFAULTSORTORDER], [DISPLAYNAME], [DISPLAYORDER], [FILTERABLE], [SORTORDER], [VISIBLE], [VISIBLEBYDEFAULT], [VU360REPORT_ID], [COLUMNFORMAT], [ENABLEDTF], [FIELDORDER]) VALUES (166, N'varchar', N'LASTNAME', 1, 1, N'Distributor Last Name', 1, 1, 1, 0, 1, 161, NULL, NULL, NULL)
INSERT [dbo].[VU360REPORTFIELD] ([ID], [DATATYPE], [DBCOLUMNNAME], [DEFAULTDISPLAYORDER], [DEFAULTSORTORDER], [DISPLAYNAME], [DISPLAYORDER], [FILTERABLE], [SORTORDER], [VISIBLE], [VISIBLEBYDEFAULT], [VU360REPORT_ID], [COLUMNFORMAT], [ENABLEDTF], [FIELDORDER]) VALUES (167, N'varchar', N'NAME', 1, 1, N'Distributor Name', 2, 1, 1, 1, 1, 161, NULL, NULL, NULL)
/****** Object:  Table [dbo].[VU360REPORTFILTER]    Script Date: 02/24/2009 16:53:59 ******/
SET ANSI_NULLS ON
GO
SET QUOTED_IDENTIFIER ON
GO
IF NOT EXISTS (SELECT * FROM sys.objects WHERE object_id = OBJECT_ID(N'[dbo].[VU360REPORTFILTER]') AND type in (N'U'))
BEGIN
CREATE TABLE [dbo].[VU360REPORTFILTER](
	[ID] [bigint] NOT NULL,
	[MANDAATORY] [int] NULL,
	[VU360REPORTFIELD_ID] [bigint] NOT NULL,
	[VU360REPORT_ID] [bigint] NOT NULL,
	[VU360REPORTFILTEROPERAND_ID] [bigint] NOT NULL,
 CONSTRAINT [PK_VU360REPORTFILTER] PRIMARY KEY CLUSTERED 
(
	[ID] ASC
)WITH (IGNORE_DUP_KEY = OFF)
)
END
GO
/****** Object:  Table [dbo].[VU360REPORTFILTERVALUE]    Script Date: 02/24/2009 16:53:59 ******/
SET ANSI_NULLS ON
GO
SET QUOTED_IDENTIFIER ON
GO
IF NOT EXISTS (SELECT * FROM sys.objects WHERE object_id = OBJECT_ID(N'[dbo].[VU360REPORTFILTERVALUE]') AND type in (N'U'))
BEGIN
CREATE TABLE [dbo].[VU360REPORTFILTERVALUE](
	[ID] [bigint] NOT NULL,
	[VALUE] [varbinary](max) NULL,
	[VU360REPORTFILTER_ID] [bigint] NOT NULL,
 CONSTRAINT [PK_VU360REPORTFILTERVALUE] PRIMARY KEY CLUSTERED 
(
	[ID] ASC
)WITH (IGNORE_DUP_KEY = OFF)
)
END
GO
/****** Object:  Table [dbo].[TRAININGADMINISTRATOR]    Script Date: 02/24/2009 16:53:59 ******/
SET ANSI_NULLS ON
GO
SET QUOTED_IDENTIFIER ON
GO
IF NOT EXISTS (SELECT * FROM sys.objects WHERE object_id = OBJECT_ID(N'[dbo].[TRAININGADMINISTRATOR]') AND type in (N'U'))
BEGIN
CREATE TABLE [dbo].[TRAININGADMINISTRATOR](
	[ID] [bigint] NOT NULL,
	[VU360USER_ID] [bigint] NOT NULL,
	[MANAGEALLORGANIZATIONALGROUPTF] [int] NULL,
	[CUSTOMER_ID] [bigint] NULL,
 CONSTRAINT [PK__TRAININGADMINIST__0880433F] PRIMARY KEY CLUSTERED 
(
	[ID] ASC
)WITH (IGNORE_DUP_KEY = OFF)
)
END
GO
INSERT [dbo].[TRAININGADMINISTRATOR] ([ID], [VU360USER_ID], [MANAGEALLORGANIZATIONALGROUPTF], [CUSTOMER_ID]) VALUES (1, 2, 1, 1)
INSERT [dbo].[TRAININGADMINISTRATOR] ([ID], [VU360USER_ID], [MANAGEALLORGANIZATIONALGROUPTF], [CUSTOMER_ID]) VALUES (2, 3, 1, 1)

/****** Object:  Table [dbo].[LEARNER]    Script Date: 02/24/2009 16:53:58 ******/
SET ANSI_NULLS ON
GO
SET QUOTED_IDENTIFIER ON
GO
IF NOT EXISTS (SELECT * FROM sys.objects WHERE object_id = OBJECT_ID(N'[dbo].[LEARNER]') AND type in (N'U'))
BEGIN
CREATE TABLE [dbo].[LEARNER](
	[ID] [bigint] NOT NULL,
	[VU360USER_ID] [bigint] NOT NULL,
	[CUSTOMER_ID] [bigint] NULL,
 CONSTRAINT [PK__LEARNER__04AFB25B] PRIMARY KEY CLUSTERED 
(
	[ID] ASC
)WITH (IGNORE_DUP_KEY = OFF)
)
END
GO
INSERT [dbo].[LEARNER] ([ID], [VU360USER_ID], [CUSTOMER_ID]) VALUES (1, 1, 1)
INSERT [dbo].[LEARNER] ([ID], [VU360USER_ID], [CUSTOMER_ID]) VALUES (2, 2, 1)
INSERT [dbo].[LEARNER] ([ID], [VU360USER_ID], [CUSTOMER_ID]) VALUES (3, 3, 1)

/****** Object:  Table [dbo].[LMSADMINISTRATOR]    Script Date: 02/24/2009 16:53:58 ******/
SET ANSI_NULLS ON
GO
SET QUOTED_IDENTIFIER ON
GO
IF NOT EXISTS (SELECT * FROM sys.objects WHERE object_id = OBJECT_ID(N'[dbo].[LMSADMINISTRATOR]') AND type in (N'U'))
BEGIN
CREATE TABLE [dbo].[LMSADMINISTRATOR](
	[ID] [bigint] NOT NULL,
	[GLOBALADMINISTRATORTF] [int] NOT NULL,
	[VU360USER_ID] [bigint] NOT NULL,
 CONSTRAINT [PK__LMSADMINISTRATOR__0697FACD] PRIMARY KEY CLUSTERED 
(
	[ID] ASC
)WITH (IGNORE_DUP_KEY = OFF)
)
END
GO
INSERT [dbo].[LMSADMINISTRATOR] ([ID], [GLOBALADMINISTRATORTF], [VU360USER_ID]) VALUES (1, 1, 3)

/****** Object:  Table [dbo].[DISTRIBUTORGROUP]    Script Date: 02/24/2009 16:53:58 ******/
SET ANSI_NULLS ON
GO
SET QUOTED_IDENTIFIER ON
GO
IF NOT EXISTS (SELECT * FROM sys.objects WHERE object_id = OBJECT_ID(N'[dbo].[DISTRIBUTORGROUP]') AND type in (N'U'))
BEGIN
CREATE TABLE [dbo].[DISTRIBUTORGROUP](
	[ID] [bigint] NOT NULL,
	[BRAND_ID] [bigint] NULL,
	[NAME] [varchar](50) COLLATE SQL_Latin1_General_CP1_CI_AS NOT NULL,
	[ACTIVE] [int] NULL,
 CONSTRAINT [PK__DISTRIBUTORGROUP__0DAF0CB0] PRIMARY KEY CLUSTERED 
(
	[ID] ASC
)WITH (IGNORE_DUP_KEY = OFF)
)
END
GO
INSERT [dbo].[DISTRIBUTORGROUP] ([ID], [BRAND_ID], [NAME], [ACTIVE]) VALUES (1, 1, N'TathyaGroup',1)
INSERT [dbo].[DISTRIBUTORGROUP] ([ID], [BRAND_ID], [NAME], [ACTIVE]) VALUES (2, 1, N'360Group',1)

/****** Object:  Table [dbo].[COURSE]    Script Date: 02/24/2009 16:53:58 ******/
SET ANSI_NULLS ON
GO
SET QUOTED_IDENTIFIER ON
GO
IF NOT EXISTS (SELECT * FROM sys.objects WHERE object_id = OBJECT_ID(N'[dbo].[COURSE]') AND type in (N'U'))
BEGIN
CREATE TABLE [dbo].[COURSE](
	[ID] [bigint] NOT NULL,
	[GUID] [varchar](16) COLLATE SQL_Latin1_General_CP1_CI_AS NOT NULL,
	[LANGUAGE_ID] [bigint] NOT NULL,
	[NAME] [varchar](50) COLLATE SQL_Latin1_General_CP1_CI_AS NOT NULL,
	[VERSION] [varchar](50) COLLATE SQL_Latin1_General_CP1_CI_AS NOT NULL,
	[COURSESTATUS] [varchar](50) COLLATE SQL_Latin1_General_CP1_CI_AS NULL,
	[RETIREDTF] [bit] NULL,
	[KEYWORDS] [varchar](50) COLLATE SQL_Latin1_General_CP1_CI_AS NULL,
	[COURSETYPE] [varchar](50) COLLATE SQL_Latin1_General_CP1_CI_AS NULL,
	[CODE] [varchar](50) COLLATE SQL_Latin1_General_CP1_CI_AS NULL,
	[DESCRIPTION] [varchar](1000) COLLATE SQL_Latin1_General_CP1_CI_AS NULL,
	[IMAGEOFCOURSE] [varchar](1000) COLLATE SQL_Latin1_General_CP1_CI_AS NULL,
	[APPROVEDCOURSEHOURS] [bigint] NULL,
	[COURSTYPE_CATEGORY] [varchar](1000) COLLATE SQL_Latin1_General_CP1_CI_AS NULL,
	[DELIVERYMETHOD] [varchar](1000) COLLATE SQL_Latin1_General_CP1_CI_AS NULL,
	[CEUS] [bigint] NULL,
	[LEARNINGOBJECTIVES] [varchar](1000) COLLATE SQL_Latin1_General_CP1_CI_AS NULL,
	[TOPICSCOVERED] [varchar](1000) COLLATE SQL_Latin1_General_CP1_CI_AS NULL,
	[QUIZINFO] [varchar](1000) COLLATE SQL_Latin1_General_CP1_CI_AS NULL,
	[FINALEXAMINFO] [varchar](1000) COLLATE SQL_Latin1_General_CP1_CI_AS NULL,
	[COURSEPRE_REQ] [varchar](1000) COLLATE SQL_Latin1_General_CP1_CI_AS NULL,
	[STATE_REGREQ] [varchar](1000) COLLATE SQL_Latin1_General_CP1_CI_AS NULL,
	[ENDOFCOURSEINSTRUCTIONS] [varchar](1000) COLLATE SQL_Latin1_General_CP1_CI_AS NULL,
	[APPROVALNUMBER] [varchar](1000) COLLATE SQL_Latin1_General_CP1_CI_AS NULL,
	[ADDITIONALMATERIALS] [varchar](1000) COLLATE SQL_Latin1_General_CP1_CI_AS NULL,
	[SUBJECTMATTEREXPERTINFO] [varchar](1000) COLLATE SQL_Latin1_General_CP1_CI_AS NULL,
	[PRODUCTPRICE] [money] NULL,
	[CURRENCY] [varchar](1000) COLLATE SQL_Latin1_General_CP1_CI_AS NULL,
	[REGULATINGBODY] [varchar](250) COLLATE SQL_Latin1_General_CP1_CI_AS NULL,
	[ASSESMENTS] [varchar](1000) COLLATE SQL_Latin1_General_CP1_CI_AS NULL,
	[COURSEID] [varchar](50) COLLATE SQL_Latin1_General_CP1_CI_AS NULL,
	[COURSEGUIDE] [varchar](50) COLLATE SQL_Latin1_General_CP1_CI_AS NULL,
	[MSRP] [decimal](18, 0) NULL,
 CONSTRAINT [PK__COURSE__1FCDBCEB] PRIMARY KEY CLUSTERED 
(
	[ID] ASC
)WITH (IGNORE_DUP_KEY = OFF)
)
END
GO
INSERT [dbo].[COURSE] ([ID], [GUID], [LANGUAGE_ID], [NAME], [VERSION], [COURSESTATUS], [RETIREDTF], [KEYWORDS], [COURSETYPE], [CODE], [DESCRIPTION], [IMAGEOFCOURSE], [APPROVEDCOURSEHOURS], [COURSTYPE_CATEGORY], [DELIVERYMETHOD], [CEUS], [LEARNINGOBJECTIVES], [TOPICSCOVERED], [QUIZINFO], [FINALEXAMINFO], [COURSEPRE_REQ], [STATE_REGREQ], [ENDOFCOURSEINSTRUCTIONS], [APPROVALNUMBER], [ADDITIONALMATERIALS], [SUBJECTMATTEREXPERTINFO], [PRODUCTPRICE], [CURRENCY], [REGULATINGBODY], [ASSESMENTS], [COURSEID], [COURSEGUIDE], [MSRP]) VALUES (1, N'1', 1, N'Fundamentals of the Mortgage Lending', N'1', N'inprogress', 1, N'1', N'Online', NULL, NULL, N'http://images.google.com/intl/en_ALL/images/images_hp.gif', NULL, NULL, NULL, NULL, NULL, NULL, NULL, NULL, NULL, NULL, NULL, NULL, NULL, NULL, NULL, NULL, NULL, NULL, N'1', NULL, NULL)
INSERT [dbo].[COURSE] ([ID], [GUID], [LANGUAGE_ID], [NAME], [VERSION], [COURSESTATUS], [RETIREDTF], [KEYWORDS], [COURSETYPE], [CODE], [DESCRIPTION], [IMAGEOFCOURSE], [APPROVEDCOURSEHOURS], [COURSTYPE_CATEGORY], [DELIVERYMETHOD], [CEUS], [LEARNINGOBJECTIVES], [TOPICSCOVERED], [QUIZINFO], [FINALEXAMINFO], [COURSEPRE_REQ], [STATE_REGREQ], [ENDOFCOURSEINSTRUCTIONS], [APPROVALNUMBER], [ADDITIONALMATERIALS], [SUBJECTMATTEREXPERTINFO], [PRODUCTPRICE], [CURRENCY], [REGULATINGBODY], [ASSESMENTS], [COURSEID], [COURSEGUIDE], [MSRP]) VALUES (2, N'123', 1, N'NEC 2008 Wiring and Protection', N'1.1', N'inprogress', 0, N'NEC', N'Online', NULL, N'DESC NEC 2008 Wiring and Protection', N'http://images.google.com/intl/en_ALL/images/images_hp.gif', 10, N'COURSTYPE_CATEGORY NEC 2008 Wiring and Protection', N'online', 1, N'LEARNINGOBJECTIVES NEC 2008 Wiring and Protection', N'TOPICSCOVERED NEC 2008 Wiring and Protection', N'QUIZINFO NEC 2008 Wiring and Protection', N'FINALEXAMINFO NEC 2008 Wiring and Protection', N'COURSEPRE_REQ NEC 2008 Wiring and Protection', N'STATE_REGREQ NEC 2008 Wiring and Protection', N'ENDOFCOURSEINSTRUCTIONS NEC 2008 Wiring and Protection', N'APPROVALNUMBER NEC 2008 Wiring and Protection', N'ADDITIONALMATERIALS NEC 2008 Wiring and Protection', N'SUBJECTMATTEREXPERTINFO NEC 2008 Wiring and Protection', 100.0000, N'$', NULL, NULL, N'2', NULL, NULL)
INSERT [dbo].[COURSE] ([ID], [GUID], [LANGUAGE_ID], [NAME], [VERSION], [COURSESTATUS], [RETIREDTF], [KEYWORDS], [COURSETYPE], [CODE], [DESCRIPTION], [IMAGEOFCOURSE], [APPROVEDCOURSEHOURS], [COURSTYPE_CATEGORY], [DELIVERYMETHOD], [CEUS], [LEARNINGOBJECTIVES], [TOPICSCOVERED], [QUIZINFO], [FINALEXAMINFO], [COURSEPRE_REQ], [STATE_REGREQ], [ENDOFCOURSEINSTRUCTIONS], [APPROVALNUMBER], [ADDITIONALMATERIALS], [SUBJECTMATTEREXPERTINFO], [PRODUCTPRICE], [CURRENCY], [REGULATINGBODY], [ASSESMENTS], [COURSEID], [COURSEGUIDE], [MSRP]) VALUES (3, N'1043215', 1, N'NEC 2008 Code Updates', N'1.2', N'inprogress', 0, N'NEC', N'Online', NULL, N'Pires valente dunde ver parsie febregas urbergker veira overmars penzertun gamst shea Un pulzuerg ljumberg zemberk veira overmars penzertun gamst shea. Ver parsie febregas urbergas veira overmars penzrtun gamst shea. Un pulzuerg ljumbergur bergker.', N'http://images.google.com/intl/en_ALL/images/images_hp.gif', 3, N'COURSTYPE_CATEGORY NEC 2008 Code Updates', N'Online', 1, N'<div class="lineContent">
										<br>At the conclusion of this course, you will be able to:
									</div>
									<div class="learningObjective">
											<li>Pires valente dunde ver parsie febregas urbergker veira</li>
											<li>Overmars penzertun gamst shea Un pulzuerg</li>
											<li>Ljumberg zemberk veira overmars penzertun gamst shea. Ver parsie febregas</li>
											<li>Urbergker veira overmars penzertun gamst shea. Un pulzuerg ljumbergur bergker.</li>
									</div>', N'TOPICSCOVERED NEC 2008 Code Updates', N'QUIZINFO NEC 2008 Code Updates', N'Pires valente dunde ver parsie febregas urbergker veira overmars penzertun gamst shea Un pulzuerg ljumberg zemberk veira overmars penzertun gamst shea. Ver parsie febregas urbergas veira overmars penzrtun gamst shea.', N'COURSEPRE_REQ NEC 2008 Code Updates', N'Pires valente dunde ver parsie febregas urbergker veira overmars penzertun gamst shea Un pulzuerg ljumberg zemberk veira overmars penzertun gamst shea. Ver parsie febregas urbergas veira overmars penzrtun gamst shea.
										<br/><br/>Un pulzuerg ljumberg pires valente dunde ver parsie febregas urbergas viera overmars penzertun gamst shea. Ver parsie febregas urbergker veira overmars penzertun gamst shea. Un pulzuerg ljumberg.
										<br/><br/>Ver parsie febregas urbergas viera overmars penzertun gamst shea.', N'Un pulzuerg ljumberg pires valente dunde ver parsie febregas urbergas viera overmars penzertun gamst shea. Ver parsie febregas urbergker veira overmars penzertun gamst shea. Un pulzuerg ljumberg.
										<br/><br/>Ver parsie febregas urbergas viera overmars penzertun gamst shea. ', N'0360930', N'Un pulzuerg ljumberg pires valente dunde ver parsie febregas urbergas viera overmars penzertun gamst shea. Ver parsie febregas urbergker veira overmars penzertun gamst shea. Un pulzuerg ljumberg.
										<br/><br/>Pires valente dunde ver parsie febregas urbergker veira overmars penzertun gamst shea Un pulzuerg ljumberg zemberk veira overmars penzertun gamst shea. Ver parsie febregas urbergas veira overmars penzrtun gamst shea.', N'>Monkious Eatalotis', 200.0000, N'$', N'Austin Powers', N'The course consists of 4 Lesson assesments. In order to complete the course, you need to successfully pass each assesment with at least 70% marks. Ubtun pulzger berkemp. Kilo funeral ljumber.', N'3', NULL, NULL)
INSERT [dbo].[COURSE] ([ID], [GUID], [LANGUAGE_ID], [NAME], [VERSION], [COURSESTATUS], [RETIREDTF], [KEYWORDS], [COURSETYPE], [CODE], [DESCRIPTION], [IMAGEOFCOURSE], [APPROVEDCOURSEHOURS], [COURSTYPE_CATEGORY], [DELIVERYMETHOD], [CEUS], [LEARNINGOBJECTIVES], [TOPICSCOVERED], [QUIZINFO], [FINALEXAMINFO], [COURSEPRE_REQ], [STATE_REGREQ], [ENDOFCOURSEINSTRUCTIONS], [APPROVALNUMBER], [ADDITIONALMATERIALS], [SUBJECTMATTEREXPERTINFO], [PRODUCTPRICE], [CURRENCY], [REGULATINGBODY], [ASSESMENTS], [COURSEID], [COURSEGUIDE], [MSRP]) VALUES (4, N'4455', 1, N'OSHA 10 Hour Construction Course', N'1.4', N'inprogress', 0, N'OSHA', N'CD/DVD', NULL, N'DESC OSHA 10 Hour Construction Course', N'http://images.google.com/intl/en_ALL/images/images_hp.gif', 14, N'COURSTYPE_CATEGORY OSHA 10 Hour Construction Course', N'online', 1, N'LEARNINGOBJECTIVES OSHA 10 Hour Construction Course', N'TOPICSCOVERED OSHA 10 Hour Construction Course', N'QUIZINFO OSHA 10 Hour Construction Course', N'FINALEXAMINFO OSHA 10 Hour Construction Course', N'COURSEPRE_REQ OSHA 10 Hour Construction Course', N'STATE_REGREQ OSHA 10 Hour Construction Course', N'ENDOFCOURSEINSTRUCTIONS OSHA 10 Hour Construction Course', N'APPROVALNUMBER OSHA 10 Hour Construction Course', N'ADDITIONALMATERIALS OSHA 10 Hour Construction Course', N'SUBJECTMATTEREXPERTINFO OSHA 10 Hour Construction Course', 250.0000, N'$', NULL, NULL, N'4', NULL, NULL)
INSERT [dbo].[COURSE] ([ID], [GUID], [LANGUAGE_ID], [NAME], [VERSION], [COURSESTATUS], [RETIREDTF], [KEYWORDS], [COURSETYPE], [CODE], [DESCRIPTION], [IMAGEOFCOURSE], [APPROVEDCOURSEHOURS], [COURSTYPE_CATEGORY], [DELIVERYMETHOD], [CEUS], [LEARNINGOBJECTIVES], [TOPICSCOVERED], [QUIZINFO], [FINALEXAMINFO], [COURSEPRE_REQ], [STATE_REGREQ], [ENDOFCOURSEINSTRUCTIONS], [APPROVALNUMBER], [ADDITIONALMATERIALS], [SUBJECTMATTEREXPERTINFO], [PRODUCTPRICE], [CURRENCY], [REGULATINGBODY], [ASSESMENTS], [COURSEID], [COURSEGUIDE], [MSRP]) VALUES (5, N'4665', 1, N'OSHA 30 Hour Construction Course', N'1.5', N'inprogress', 0, N'OSHA', N'Course Group', NULL, N'DESC OSHA 30 Hour Construction Course', N'http://images.google.com/intl/en_ALL/images/images_hp.gif', 30, N'COURSTYPE_CATEGORY OSHA 30 Hour Construction Course', N'online', 1, N'LEARNINGOBJECTIVES OSHA 30 Hour Construction Course', N'TOPICSCOVERED OSHA 30 Hour Construction Course', N'QUIZINFO OSHA 30 Hour Construction Course', N'FINALEXAMINFO OSHA 30 Hour Construction Course', N'COURSEPRE_REQ OSHA 30 Hour Construction Course', N'STATE_REGREQ OSHA 30 Hour Construction Course', N'ENDOFCOURSEINSTRUCTIONS OSHA 30 Hour Construction Course', N'APPROVALNUMBER OSHA 30 Hour Construction Course', N'ADDITIONALMATERIALS OSHA 30 Hour Construction Course', N'SUBJECTMATTEREXPERTINFO OSHA 30 Hour Construction Course', 350.0000, N'$', NULL, NULL, N'5', NULL, NULL)
INSERT [dbo].[COURSE] ([ID], [GUID], [LANGUAGE_ID], [NAME], [VERSION], [COURSESTATUS], [RETIREDTF], [KEYWORDS], [COURSETYPE], [CODE], [DESCRIPTION], [IMAGEOFCOURSE], [APPROVEDCOURSEHOURS], [COURSTYPE_CATEGORY], [DELIVERYMETHOD], [CEUS], [LEARNINGOBJECTIVES], [TOPICSCOVERED], [QUIZINFO], [FINALEXAMINFO], [COURSEPRE_REQ], [STATE_REGREQ], [ENDOFCOURSEINSTRUCTIONS], [APPROVALNUMBER], [ADDITIONALMATERIALS], [SUBJECTMATTEREXPERTINFO], [PRODUCTPRICE], [CURRENCY], [REGULATINGBODY], [ASSESMENTS], [COURSEID], [COURSEGUIDE], [MSRP]) VALUES (6, N'ttyyt', 1, N'NEC 2008 10 hr Wiring and Protection', N'1.5', N'inprogress', 0, N'NEC', NULL, NULL, NULL, NULL, NULL, NULL, NULL, NULL, NULL, NULL, NULL, NULL, NULL, NULL, NULL, NULL, NULL, NULL, NULL, NULL, NULL, NULL, N'6', NULL, NULL)
INSERT [dbo].[COURSE] ([ID], [GUID], [LANGUAGE_ID], [NAME], [VERSION], [COURSESTATUS], [RETIREDTF], [KEYWORDS], [COURSETYPE], [CODE], [DESCRIPTION], [IMAGEOFCOURSE], [APPROVEDCOURSEHOURS], [COURSTYPE_CATEGORY], [DELIVERYMETHOD], [CEUS], [LEARNINGOBJECTIVES], [TOPICSCOVERED], [QUIZINFO], [FINALEXAMINFO], [COURSEPRE_REQ], [STATE_REGREQ], [ENDOFCOURSEINSTRUCTIONS], [APPROVALNUMBER], [ADDITIONALMATERIALS], [SUBJECTMATTEREXPERTINFO], [PRODUCTPRICE], [CURRENCY], [REGULATINGBODY], [ASSESMENTS], [COURSEID], [COURSEGUIDE], [MSRP]) VALUES (7, N'kdfj', 1, N'2008 Exemplary Course Program', N'1.5', NULL, NULL, NULL, NULL, NULL, N'DESC NEC 2008 Wiring and Protection', NULL, NULL, NULL, NULL, NULL, NULL, NULL, NULL, NULL, NULL, NULL, NULL, NULL, NULL, NULL, NULL, NULL, NULL, NULL, NULL, NULL, NULL)
INSERT [dbo].[COURSE] ([ID], [GUID], [LANGUAGE_ID], [NAME], [VERSION], [COURSESTATUS], [RETIREDTF], [KEYWORDS], [COURSETYPE], [CODE], [DESCRIPTION], [IMAGEOFCOURSE], [APPROVEDCOURSEHOURS], [COURSTYPE_CATEGORY], [DELIVERYMETHOD], [CEUS], [LEARNINGOBJECTIVES], [TOPICSCOVERED], [QUIZINFO], [FINALEXAMINFO], [COURSEPRE_REQ], [STATE_REGREQ], [ENDOFCOURSEINSTRUCTIONS], [APPROVALNUMBER], [ADDITIONALMATERIALS], [SUBJECTMATTEREXPERTINFO], [PRODUCTPRICE], [CURRENCY], [REGULATINGBODY], [ASSESMENTS], [COURSEID], [COURSEGUIDE], [MSRP]) VALUES (8, N'kdf5', 1, N'2008 WebCT Exemplary Course Project', N'1.5', NULL, NULL, NULL, NULL, NULL, N'DESC OSHA 10 Hour Construction Course', NULL, NULL, NULL, NULL, NULL, NULL, NULL, NULL, NULL, NULL, NULL, NULL, NULL, NULL, NULL, NULL, NULL, NULL, NULL, NULL, NULL, NULL)
INSERT [dbo].[COURSE] ([ID], [GUID], [LANGUAGE_ID], [NAME], [VERSION], [COURSESTATUS], [RETIREDTF], [KEYWORDS], [COURSETYPE], [CODE], [DESCRIPTION], [IMAGEOFCOURSE], [APPROVEDCOURSEHOURS], [COURSTYPE_CATEGORY], [DELIVERYMETHOD], [CEUS], [LEARNINGOBJECTIVES], [TOPICSCOVERED], [QUIZINFO], [FINALEXAMINFO], [COURSEPRE_REQ], [STATE_REGREQ], [ENDOFCOURSEINSTRUCTIONS], [APPROVALNUMBER], [ADDITIONALMATERIALS], [SUBJECTMATTEREXPERTINFO], [PRODUCTPRICE], [CURRENCY], [REGULATINGBODY], [ASSESMENTS], [COURSEID], [COURSEGUIDE], [MSRP]) VALUES (9, N'eioruioe', 1, N'2008 Bb Greenhouse Exemplary Course Project', N'1.1', N'inprogress', 0, N'NEC', N'Online', NULL, N'DESC NEC 2008 Wiring and Protection', N'http://images.google.com/intl/en_ALL/images/images_hp.gif', 10, N'COURSTYPE_CATEGORY NEC 2008 Wiring and Protection', N'online', 1, N'LEARNINGOBJECTIVES NEC 2008 Wiring and Protection', N'TOPICSCOVERED NEC 2008 Wiring and Protection', N'QUIZINFO NEC 2008 Wiring and Protection', N'FINALEXAMINFO NEC 2008 Wiring and Protection', N'COURSEPRE_REQ NEC 2008 Wiring and Protection', N'STATE_REGREQ NEC 2008 Wiring and Protection', N'ENDOFCOURSEINSTRUCTIONS NEC 2008 Wiring and Protection', N'APPROVALNUMBER NEC 2008 Wiring and Protection', N'ADDITIONALMATERIALS NEC 2008 Wiring and Protection', N'SUBJECTMATTEREXPERTINFO NEC 2008 Wiring and Protection', 100.0000, N'$', NULL, NULL, N'2', NULL, NULL)
INSERT [dbo].[COURSE] ([ID], [GUID], [LANGUAGE_ID], [NAME], [VERSION], [COURSESTATUS], [RETIREDTF], [KEYWORDS], [COURSETYPE], [CODE], [DESCRIPTION], [IMAGEOFCOURSE], [APPROVEDCOURSEHOURS], [COURSTYPE_CATEGORY], [DELIVERYMETHOD], [CEUS], [LEARNINGOBJECTIVES], [TOPICSCOVERED], [QUIZINFO], [FINALEXAMINFO], [COURSEPRE_REQ], [STATE_REGREQ], [ENDOFCOURSEINSTRUCTIONS], [APPROVALNUMBER], [ADDITIONALMATERIALS], [SUBJECTMATTEREXPERTINFO], [PRODUCTPRICE], [CURRENCY], [REGULATINGBODY], [ASSESMENTS], [COURSEID], [COURSEGUIDE], [MSRP]) VALUES (10, N'cxv', 1, N'Mindflash Samples Course', N'1.4', N'inprogress', 0, N'OSHA', N'CD/DVD', NULL, N'DESC OSHA 10 Hour Construction Course', N'http://images.google.com/intl/en_ALL/images/images_hp.gif', 14, N'COURSTYPE_CATEGORY OSHA 10 Hour Construction Course', N'online', 1, N'LEARNINGOBJECTIVES OSHA 10 Hour Construction Course', N'TOPICSCOVERED OSHA 10 Hour Construction Course', N'QUIZINFO OSHA 10 Hour Construction Course', N'FINALEXAMINFO OSHA 10 Hour Construction Course', N'COURSEPRE_REQ OSHA 10 Hour Construction Course', N'STATE_REGREQ OSHA 10 Hour Construction Course', N'ENDOFCOURSEINSTRUCTIONS OSHA 10 Hour Construction Course', N'APPROVALNUMBER OSHA 10 Hour Construction Course', N'ADDITIONALMATERIALS OSHA 10 Hour Construction Course', N'SUBJECTMATTEREXPERTINFO OSHA 10 Hour Construction Course', 250.0000, N'$', NULL, NULL, N'4', NULL, NULL)
INSERT [dbo].[COURSE] ([ID], [GUID], [LANGUAGE_ID], [NAME], [VERSION], [COURSESTATUS], [RETIREDTF], [KEYWORDS], [COURSETYPE], [CODE], [DESCRIPTION], [IMAGEOFCOURSE], [APPROVEDCOURSEHOURS], [COURSTYPE_CATEGORY], [DELIVERYMETHOD], [CEUS], [LEARNINGOBJECTIVES], [TOPICSCOVERED], [QUIZINFO], [FINALEXAMINFO], [COURSEPRE_REQ], [STATE_REGREQ], [ENDOFCOURSEINSTRUCTIONS], [APPROVALNUMBER], [ADDITIONALMATERIALS], [SUBJECTMATTEREXPERTINFO], [PRODUCTPRICE], [CURRENCY], [REGULATINGBODY], [ASSESMENTS], [COURSEID], [COURSEGUIDE], [MSRP]) VALUES (11, N'kdu', 1, N'D2L course', N'1.5', N'inprogress', 0, N'OSHA', N'Course Group', NULL, N'DESC OSHA 30 Hour Construction Course', N'http://images.google.com/intl/en_ALL/images/images_hp.gif', 30, N'COURSTYPE_CATEGORY OSHA 30 Hour Construction Course', N'online', 1, N'LEARNINGOBJECTIVES OSHA 30 Hour Construction Course', N'TOPICSCOVERED OSHA 30 Hour Construction Course', N'QUIZINFO OSHA 30 Hour Construction Course', N'FINALEXAMINFO OSHA 30 Hour Construction Course', N'COURSEPRE_REQ OSHA 30 Hour Construction Course', N'STATE_REGREQ OSHA 30 Hour Construction Course', N'ENDOFCOURSEINSTRUCTIONS OSHA 30 Hour Construction Course', N'APPROVALNUMBER OSHA 30 Hour Construction Course', N'ADDITIONALMATERIALS OSHA 30 Hour Construction Course', N'SUBJECTMATTEREXPERTINFO OSHA 30 Hour Construction Course', 350.0000, N'$', NULL, NULL, N'5', NULL, NULL)
INSERT [dbo].[COURSE] ([ID], [GUID], [LANGUAGE_ID], [NAME], [VERSION], [COURSESTATUS], [RETIREDTF], [KEYWORDS], [COURSETYPE], [CODE], [DESCRIPTION], [IMAGEOFCOURSE], [APPROVEDCOURSEHOURS], [COURSTYPE_CATEGORY], [DELIVERYMETHOD], [CEUS], [LEARNINGOBJECTIVES], [TOPICSCOVERED], [QUIZINFO], [FINALEXAMINFO], [COURSEPRE_REQ], [STATE_REGREQ], [ENDOFCOURSEINSTRUCTIONS], [APPROVALNUMBER], [ADDITIONALMATERIALS], [SUBJECTMATTEREXPERTINFO], [PRODUCTPRICE], [CURRENCY], [REGULATINGBODY], [ASSESMENTS], [COURSEID], [COURSEGUIDE], [MSRP]) VALUES (12, N'QA-C', 1, N'QA-Course', N'1.0', N'inprogress', 0, N'QA-C', NULL, N'Online', N'QA Course', N'http://images.google.com/intl/en_ALL/images/images_hp.gif', NULL, N'COURSTYPE_CATEGORY OSHA 30 Hour Construction Course', N'online', 1, N'LEARNINGOBJECTIVES OSHA 30 Hour Construction Course', NULL, NULL, NULL, NULL, NULL, NULL, NULL, NULL, NULL, NULL, NULL, NULL, NULL, N'12', NULL, NULL)
/****** Object:  Table [dbo].[CUSTOMERENTITLEMENT]    Script Date: 02/24/2009 16:53:58 ******/
SET ANSI_NULLS ON
GO
SET QUOTED_IDENTIFIER ON
GO
IF NOT EXISTS (SELECT * FROM sys.objects WHERE object_id = OBJECT_ID(N'[dbo].[CUSTOMERENTITLEMENT]') AND type in (N'U'))
BEGIN
CREATE TABLE [dbo].[CUSTOMERENTITLEMENT](
	[DISTRIBUTOR_ID] [bigint] NULL,
	[CUSTOMER_ID] [bigint] NULL,
	[ID] [bigint] NOT NULL,
	[SEATS] [bigint] NOT NULL,
	[ALLOWSELFENROLLMENTTF] [int] NULL,
	[ALLOWUNLIMITEDENROLLMENTS] [int] NULL,
	[NAME] [varchar](50) COLLATE SQL_Latin1_General_CP1_CI_AS NULL,
	[STARTDATE] [datetime] NULL,
	[ENDDATE] [datetime] NULL,
	[NUMBERDAYS] [int] NULL,
	[NUMBERSEATSUSED] [int] NULL,
 CONSTRAINT [PK_CUSTOMERENTITLEMENT] PRIMARY KEY CLUSTERED 
(
	[ID] ASC
)WITH (IGNORE_DUP_KEY = OFF)
)
END
GO
INSERT [dbo].[CUSTOMERENTITLEMENT] ([DISTRIBUTOR_ID], [CUSTOMER_ID], [ID], [SEATS], [ALLOWSELFENROLLMENTTF], [ALLOWUNLIMITEDENROLLMENTS], [NAME], [STARTDATE], [ENDDATE], [NUMBERDAYS], [NUMBERSEATSUSED]) VALUES (1, 1, 1, 20, 1, 0, N'training111', CAST(0x00009BBD00000000 AS DateTime), CAST(0x00009BA400000000 AS DateTime), 0, 10)
INSERT [dbo].[CUSTOMERENTITLEMENT] ([DISTRIBUTOR_ID], [CUSTOMER_ID], [ID], [SEATS], [ALLOWSELFENROLLMENTTF], [ALLOWUNLIMITEDENROLLMENTS], [NAME], [STARTDATE], [ENDDATE], [NUMBERDAYS], [NUMBERSEATSUSED]) VALUES (1, 1, 2, 25, 1, 0, N'OSHA101', CAST(0x00009BDE00000000 AS DateTime), CAST(0x00009CD600000000 AS DateTime), 80, 20)
INSERT [dbo].[CUSTOMERENTITLEMENT] ([DISTRIBUTOR_ID], [CUSTOMER_ID], [ID], [SEATS], [ALLOWSELFENROLLMENTTF], [ALLOWUNLIMITEDENROLLMENTS], [NAME], [STARTDATE], [ENDDATE], [NUMBERDAYS], [NUMBERSEATSUSED]) VALUES (1, 1, 3, 25, 1, 1, N'Technology & Entitlement', CAST(0x00009BFC00000000 AS DateTime), CAST(0x00009CD600000000 AS DateTime), 70, 15)
INSERT [dbo].[CUSTOMERENTITLEMENT] ([DISTRIBUTOR_ID], [CUSTOMER_ID], [ID], [SEATS], [ALLOWSELFENROLLMENTTF], [ALLOWUNLIMITEDENROLLMENTS], [NAME], [STARTDATE], [ENDDATE], [NUMBERDAYS], [NUMBERSEATSUSED]) VALUES (1, 1, 4, 25, 1, 1, N'General Training', CAST(0x00009B8400000000 AS DateTime), CAST(0x00009CD600000000 AS DateTime), 60, 100)
INSERT [dbo].[CUSTOMERENTITLEMENT] ([DISTRIBUTOR_ID], [CUSTOMER_ID], [ID], [SEATS], [ALLOWSELFENROLLMENTTF], [ALLOWUNLIMITEDENROLLMENTS], [NAME], [STARTDATE], [ENDDATE], [NUMBERDAYS], [NUMBERSEATSUSED]) VALUES (1, 1, 5, 25, 1, 1, N'Spring MVC', CAST(0x00009C1B00000000 AS DateTime), CAST(0x00009CD600000000 AS DateTime), 120, 200)
INSERT [dbo].[CUSTOMERENTITLEMENT] ([DISTRIBUTOR_ID], [CUSTOMER_ID], [ID], [SEATS], [ALLOWSELFENROLLMENTTF], [ALLOWUNLIMITEDENROLLMENTS], [NAME], [STARTDATE], [ENDDATE], [NUMBERDAYS], [NUMBERSEATSUSED]) VALUES (1, 1, 6, 25, 1, 1, N'LAMP Technology', CAST(0x00009C1B00000000 AS DateTime), CAST(0x00009CD200000000 AS DateTime), NULL, 100)
INSERT [dbo].[CUSTOMERENTITLEMENT] ([DISTRIBUTOR_ID], [CUSTOMER_ID], [ID], [SEATS], [ALLOWSELFENROLLMENTTF], [ALLOWUNLIMITEDENROLLMENTS], [NAME], [STARTDATE], [ENDDATE], [NUMBERDAYS], [NUMBERSEATSUSED]) VALUES (1, 1, 7, 25, 1, 1, N'Ruby On Rail', CAST(0x00009BA800000000 AS DateTime), CAST(0x00009CD600000000 AS DateTime), NULL, 5)
INSERT [dbo].[CUSTOMERENTITLEMENT] ([DISTRIBUTOR_ID], [CUSTOMER_ID], [ID], [SEATS], [ALLOWSELFENROLLMENTTF], [ALLOWUNLIMITEDENROLLMENTS], [NAME], [STARTDATE], [ENDDATE], [NUMBERDAYS], [NUMBERSEATSUSED]) VALUES (1, 1, 8, 0, 1, 1, N'.NET Framework1', CAST(0x00009BA500000000 AS DateTime), CAST(0x00009BB400000000 AS DateTime), 0, 6)
INSERT [dbo].[CUSTOMERENTITLEMENT] ([DISTRIBUTOR_ID], [CUSTOMER_ID], [ID], [SEATS], [ALLOWSELFENROLLMENTTF], [ALLOWUNLIMITEDENROLLMENTS], [NAME], [STARTDATE], [ENDDATE], [NUMBERDAYS], [NUMBERSEATSUSED]) VALUES (1, 1, 9, 25, 1, 1, N'Security', CAST(0x00009BA700000000 AS DateTime), CAST(0x00009CD600000000 AS DateTime), 130, 2)
INSERT [dbo].[CUSTOMERENTITLEMENT] ([DISTRIBUTOR_ID], [CUSTOMER_ID], [ID], [SEATS], [ALLOWSELFENROLLMENTTF], [ALLOWUNLIMITEDENROLLMENTS], [NAME], [STARTDATE], [ENDDATE], [NUMBERDAYS], [NUMBERSEATSUSED]) VALUES (1, 1, 10, 25, 1, 0, N'Testing', CAST(0x00009BAA00000000 AS DateTime), CAST(0x00009CD600000000 AS DateTime), 140, 10)
INSERT [dbo].[CUSTOMERENTITLEMENT] ([DISTRIBUTOR_ID], [CUSTOMER_ID], [ID], [SEATS], [ALLOWSELFENROLLMENTTF], [ALLOWUNLIMITEDENROLLMENTS], [NAME], [STARTDATE], [ENDDATE], [NUMBERDAYS], [NUMBERSEATSUSED]) VALUES (1, 1, 11, 25, 1, 1, N'Server Administration', CAST(0x00009BA800000000 AS DateTime), CAST(0x00009CD600000000 AS DateTime), 30, 1)
INSERT [dbo].[CUSTOMERENTITLEMENT] ([DISTRIBUTOR_ID], [CUSTOMER_ID], [ID], [SEATS], [ALLOWSELFENROLLMENTTF], [ALLOWUNLIMITEDENROLLMENTS], [NAME], [STARTDATE], [ENDDATE], [NUMBERDAYS], [NUMBERSEATSUSED]) VALUES (1, 1, 12, 25, 1, 1, N'QA-Course', CAST(0x00009BA800000000 AS DateTime), CAST(0x00009CD600000000 AS DateTime), 0, 0)

/****** Object:  Table [dbo].[ORGANIZATIONALGROUP]    Script Date: 02/24/2009 16:53:58 ******/
SET ANSI_NULLS ON
GO
SET QUOTED_IDENTIFIER ON
GO
IF NOT EXISTS (SELECT * FROM sys.objects WHERE object_id = OBJECT_ID(N'[dbo].[ORGANIZATIONALGROUP]') AND type in (N'U'))
BEGIN
CREATE TABLE [dbo].[ORGANIZATIONALGROUP](
	[ID] [bigint] NOT NULL,
	[NAME] [varchar](50) COLLATE SQL_Latin1_General_CP1_CI_AS NOT NULL,
	[PARENTORGGROUP_ID] [bigint] NULL,
	[ROOTORGGROUP_ID] [bigint] NULL,
	[CUSTOMER_ID] [bigint] NULL,
 CONSTRAINT [PK__ORGANIZATIONALGR__6CD828CA] PRIMARY KEY CLUSTERED 
(
	[ID] ASC
)WITH (IGNORE_DUP_KEY = OFF)
)
END
GO
INSERT [dbo].[ORGANIZATIONALGROUP] ([ID], [NAME], [PARENTORGGROUP_ID], [ROOTORGGROUP_ID], [CUSTOMER_ID]) VALUES (1, N'Technology', 2, 2, 1)
INSERT [dbo].[ORGANIZATIONALGROUP] ([ID], [NAME], [PARENTORGGROUP_ID], [ROOTORGGROUP_ID], [CUSTOMER_ID]) VALUES (2, N'360Training.com', NULL, NULL, 1)

/****** Object:  Table [dbo].[ORGANIZATIONALGROUPENTITLEMENT]    Script Date: 02/24/2009 16:53:58 ******/
SET ANSI_NULLS ON
GO
SET QUOTED_IDENTIFIER ON
GO
IF NOT EXISTS (SELECT * FROM sys.objects WHERE object_id = OBJECT_ID(N'[dbo].[ORGANIZATIONALGROUPENTITLEMENT]') AND type in (N'U'))
BEGIN
CREATE TABLE [dbo].[ORGANIZATIONALGROUPENTITLEMENT](
	[ID] [bigint] NOT NULL,
	[ORGANIZATIONALGROUP_ID] [bigint] NOT NULL,
	[CUSTOMERENTITLEMENT_ID] [bigint] NOT NULL,
	[ALLOWUNLIMITEDENROLLMENTSTF] [int] NOT NULL,
	[SEATS] [int] NULL,
	[NUMBERSEATSUSED] [int] NULL,
 CONSTRAINT [PK_ORGANIZATIONALGROUPENTITLEMENT] PRIMARY KEY CLUSTERED 
(
	[ID] ASC
)WITH (IGNORE_DUP_KEY = OFF)
)
END
GO
INSERT [dbo].[ORGANIZATIONALGROUPENTITLEMENT] ([ID], [ORGANIZATIONALGROUP_ID], [CUSTOMERENTITLEMENT_ID], [ALLOWUNLIMITEDENROLLMENTSTF], [SEATS], [NUMBERSEATSUSED]) VALUES (1, 2, 1, 1, 0,5)

/****** Object:  Table [dbo].[LEARNERENROLLMENT]    Script Date: 02/24/2009 16:53:58 ******/
SET ANSI_NULLS ON
GO
SET QUOTED_IDENTIFIER ON
GO
IF NOT EXISTS (SELECT * FROM sys.objects WHERE object_id = OBJECT_ID(N'[dbo].[LEARNERENROLLMENT]') AND type in (N'U'))
BEGIN
CREATE TABLE [dbo].[LEARNERENROLLMENT](
	[ID] [bigint] NOT NULL,
	[ENROLLMENTDATE] [datetime] NULL,
	[COURSESTARTDATE] [datetime] NULL,
	[ENROLLMENTSTATUS] [varchar](50) COLLATE SQL_Latin1_General_CP1_CI_AS NULL,
	[CUSTOMERENTITLEMENT_ID] [bigint] NULL,
	[LEARNER_ID] [bigint] NULL,
	[COURSE_ID] [bigint] NULL,
	[LEARNERENROLLMENTTYPE] [varchar](50) COLLATE SQL_Latin1_General_CP1_CI_AS NULL,
	[ORGGROUPENTITLEMENT_ID] [bigint] NULL,
	[STARTDATE] [datetime] NULL,
	[ENDDATE] [datetime] NULL,
 CONSTRAINT [PK_LEARNERENROLLMENT] PRIMARY KEY CLUSTERED 
(
	[ID] ASC
)WITH (IGNORE_DUP_KEY = OFF)
)
END
GO
EXEC sys.sp_addextendedproperty @name=N'MS_Description', @value=N'VALUES = NORMAL,REGULATED' ,@level0type=N'SCHEMA', @level0name=N'dbo', @level1type=N'TABLE', @level1name=N'LEARNERENROLLMENT', @level2type=N'COLUMN', @level2name=N'LEARNERENROLLMENTTYPE'
GO
INSERT [dbo].[LEARNERENROLLMENT] ([ID], [ENROLLMENTDATE], [COURSESTARTDATE], [ENROLLMENTSTATUS], [CUSTOMERENTITLEMENT_ID], [LEARNER_ID], [COURSE_ID], [LEARNERENROLLMENTTYPE], [ORGGROUPENTITLEMENT_ID], [STARTDATE], [ENDDATE]) VALUES (1, CAST(0x00009B5800C876AD AS DateTime), CAST(0x00009B7000000000 AS DateTime), N'expired', 1, 1, 1, NULL, 1, NULL, CAST(0x00009B9B014CB659 AS DateTime))
INSERT [dbo].[LEARNERENROLLMENT] ([ID], [ENROLLMENTDATE], [COURSESTARTDATE], [ENROLLMENTSTATUS], [CUSTOMERENTITLEMENT_ID], [LEARNER_ID], [COURSE_ID], [LEARNERENROLLMENTTYPE], [ORGGROUPENTITLEMENT_ID], [STARTDATE], [ENDDATE]) VALUES (2, CAST(0x00009B5800C876B6 AS DateTime), CAST(0x00009B6600000000 AS DateTime), N'active', 2, 1, 2, NULL, 1, NULL, CAST(0x00009CC500C87594 AS DateTime))
INSERT [dbo].[LEARNERENROLLMENT] ([ID], [ENROLLMENTDATE], [COURSESTARTDATE], [ENROLLMENTSTATUS], [CUSTOMERENTITLEMENT_ID], [LEARNER_ID], [COURSE_ID], [LEARNERENROLLMENTTYPE], [ORGGROUPENTITLEMENT_ID], [STARTDATE], [ENDDATE]) VALUES (3, CAST(0x00009B4700000000 AS DateTime), CAST(0x00009B5000000000 AS DateTime), N'swapped', 3, 1, 3, NULL, 1, NULL, CAST(0x00009CC500C87594 AS DateTime))
INSERT [dbo].[LEARNERENROLLMENT] ([ID], [ENROLLMENTDATE], [COURSESTARTDATE], [ENROLLMENTSTATUS], [CUSTOMERENTITLEMENT_ID], [LEARNER_ID], [COURSE_ID], [LEARNERENROLLMENTTYPE], [ORGGROUPENTITLEMENT_ID], [STARTDATE], [ENDDATE]) VALUES (4, CAST(0x00009B4700000000 AS DateTime), CAST(0x00009B5000000000 AS DateTime), N'active', 4, 1, 5, NULL, 1, NULL, CAST(0x00009CC500C87594 AS DateTime))
INSERT [dbo].[LEARNERENROLLMENT] ([ID], [ENROLLMENTDATE], [COURSESTARTDATE], [ENROLLMENTSTATUS], [CUSTOMERENTITLEMENT_ID], [LEARNER_ID], [COURSE_ID], [LEARNERENROLLMENTTYPE], [ORGGROUPENTITLEMENT_ID], [STARTDATE], [ENDDATE]) VALUES (5, CAST(0x00009B4700000000 AS DateTime), CAST(0x00009B5000000000 AS DateTime), N'active', 5, 1, 6, NULL, 1, NULL, CAST(0x00009BA400000000 AS DateTime))
INSERT [dbo].[LEARNERENROLLMENT] ([ID], [ENROLLMENTDATE], [COURSESTARTDATE], [ENROLLMENTSTATUS], [CUSTOMERENTITLEMENT_ID], [LEARNER_ID], [COURSE_ID], [LEARNERENROLLMENTTYPE], [ORGGROUPENTITLEMENT_ID], [STARTDATE], [ENDDATE]) VALUES (6, CAST(0x00009B4700000000 AS DateTime), CAST(0x00009B5000000000 AS DateTime), N'active', 6, 1, 7, NULL, 1, NULL, CAST(0x00009CD100000000 AS DateTime))
INSERT [dbo].[LEARNERENROLLMENT] ([ID], [ENROLLMENTDATE], [COURSESTARTDATE], [ENROLLMENTSTATUS], [CUSTOMERENTITLEMENT_ID], [LEARNER_ID], [COURSE_ID], [LEARNERENROLLMENTTYPE], [ORGGROUPENTITLEMENT_ID], [STARTDATE], [ENDDATE]) VALUES (7, CAST(0x00009B4700000000 AS DateTime), CAST(0x00009B5000000000 AS DateTime), N'active', 7, 1, 8, NULL, 1, NULL, CAST(0x00009CC500C87594 AS DateTime))
INSERT [dbo].[LEARNERENROLLMENT] ([ID], [ENROLLMENTDATE], [COURSESTARTDATE], [ENROLLMENTSTATUS], [CUSTOMERENTITLEMENT_ID], [LEARNER_ID], [COURSE_ID], [LEARNERENROLLMENTTYPE], [ORGGROUPENTITLEMENT_ID], [STARTDATE], [ENDDATE]) VALUES (8, CAST(0x00009B4700000000 AS DateTime), CAST(0x00009B5000000000 AS DateTime), N'active', 8, 1, 9, NULL, 1, NULL, CAST(0x00009CC500C87594 AS DateTime))
INSERT [dbo].[LEARNERENROLLMENT] ([ID], [ENROLLMENTDATE], [COURSESTARTDATE], [ENROLLMENTSTATUS], [CUSTOMERENTITLEMENT_ID], [LEARNER_ID], [COURSE_ID], [LEARNERENROLLMENTTYPE], [ORGGROUPENTITLEMENT_ID], [STARTDATE], [ENDDATE]) VALUES (9, CAST(0x00009B4700000000 AS DateTime), CAST(0x00009B5000000000 AS DateTime), N'swapped', 9, 1, 10, NULL, 1, NULL, CAST(0x00009CC500C87594 AS DateTime))
INSERT [dbo].[LEARNERENROLLMENT] ([ID], [ENROLLMENTDATE], [COURSESTARTDATE], [ENROLLMENTSTATUS], [CUSTOMERENTITLEMENT_ID], [LEARNER_ID], [COURSE_ID], [LEARNERENROLLMENTTYPE], [ORGGROUPENTITLEMENT_ID], [STARTDATE], [ENDDATE]) VALUES (10, CAST(0x00009B4700000000 AS DateTime), CAST(0x00009B5000000000 AS DateTime), N'dropped', 10, 1, 11, NULL, 1, NULL, CAST(0x00009B9B00F71334 AS DateTime))
INSERT [dbo].[LEARNERENROLLMENT] ([ID], [ENROLLMENTDATE], [COURSESTARTDATE], [ENROLLMENTSTATUS], [CUSTOMERENTITLEMENT_ID], [LEARNER_ID], [COURSE_ID], [LEARNERENROLLMENTTYPE], [ORGGROUPENTITLEMENT_ID], [STARTDATE], [ENDDATE]) VALUES (11, CAST(0x00009B9E00EE78A5 AS DateTime), NULL, N'active', 2, 2, 2, NULL, 1, NULL, CAST(0x00009B9E00EE78A5 AS DateTime))

/****** Object:  Table [dbo].[LEARNINGSESSION]    Script Date: 02/24/2009 16:53:58 ******/
SET ANSI_NULLS ON
GO
SET QUOTED_IDENTIFIER ON
GO
IF NOT EXISTS (SELECT * FROM sys.objects WHERE object_id = OBJECT_ID(N'[dbo].[LEARNINGSESSION]') AND type in (N'U'))
BEGIN
CREATE TABLE [dbo].[LEARNINGSESSION](
	[ID] [bigint] NOT NULL,
	[COURSE_ID] [bigint] NULL,
	[ENROLLMENT_ID] [bigint] NULL,
	[LEARNER_ID] [bigint] NULL,
	[LEARNINGSESSIONID] [varchar](50) COLLATE SQL_Latin1_General_CP1_CI_AS NULL,
	[UNIQUEUSERGUID] [varchar](50) COLLATE SQL_Latin1_General_CP1_CI_AS NULL,
	[SESSIONSTARTDATETIME] [datetime] NULL,
	[SESSIONENDDATETIME] [datetime] NULL,
	[STRINGCOURSEID] [varchar](50) COLLATE SQL_Latin1_General_CP1_CI_AS NOT NULL,
 CONSTRAINT [PK_LEARNINGSESSION] PRIMARY KEY CLUSTERED 
(
	[ID] ASC
)WITH (IGNORE_DUP_KEY = OFF)
)
END
GO

/****** Object:  Table [dbo].[LEARNERCOURSESTATISTICS]    Script Date: 02/24/2009 16:53:58 ******/
SET ANSI_NULLS ON
GO
SET QUOTED_IDENTIFIER ON
GO
IF NOT EXISTS (SELECT * FROM sys.objects WHERE object_id = OBJECT_ID(N'[dbo].[LEARNERCOURSESTATISTICS]') AND type in (N'U'))
BEGIN
CREATE TABLE [dbo].[LEARNERCOURSESTATISTICS](
	[LEARNER_ID] [bigint] NOT NULL,
	[LEARNERENROLLMENT_ID] [bigint] NOT NULL,
	[AVERAGEPOSTTESTSCORE] [float] NULL,
	[AVERAGEQUIZSCORE] [float] NULL,
	[COMPLETED] [bit] NULL,
	[COMPLETIONDATE] [datetime] NULL,
	[FIRSTACCESSDATE] [datetime] NULL,
	[FIRSTPOSTTESTDATE] [datetime] NULL,
	[FIRSTQUIZDATE] [datetime] NULL,
	[HEIGHESTPOSTTESTSCORE] [float] NULL,
	[HIGHESTQUIZSCORE] [float] NULL,
	[LASTACCESSDATE] [datetime] NULL,
	[LASTPOSTTESTDATE] [datetime] NULL,
	[LASTQUIZDATE] [datetime] NULL,
	[LAUNCHESACCRUED] [bigint] NULL,
	[LOWESTPOSTTESTSCORE] [float] NULL,
	[LOWESTQUIZSCORE] [float] NULL,
	[NUMBERPOSTTESTSTAKEN] [bigint] NULL,
	[NUMBERQUIZESTAKEN] [float] NULL,
	[PERCENTCOMPLETE] [bigint] NULL,
	[PRETESTDATE] [datetime] NULL,
	[PRETESTSCORE] [float] NULL,
	[STATUS] [varchar](50) COLLATE SQL_Latin1_General_CP1_CI_AS NOT NULL,
	[TOTALTIMEINSECONDS] [bigint] NOT NULL,
	[ID] [bigint] NOT NULL,
 CONSTRAINT [PK_LEARNERCOURSESTATISTICS] PRIMARY KEY CLUSTERED 
(
	[ID] ASC
)WITH (IGNORE_DUP_KEY = OFF)
)
END
GO
INSERT [dbo].[LEARNERCOURSESTATISTICS] ([LEARNER_ID], [LEARNERENROLLMENT_ID], [AVERAGEPOSTTESTSCORE], [AVERAGEQUIZSCORE], [COMPLETED], [COMPLETIONDATE], [FIRSTACCESSDATE], [FIRSTPOSTTESTDATE], [FIRSTQUIZDATE], [HEIGHESTPOSTTESTSCORE], [HIGHESTQUIZSCORE], [LASTACCESSDATE], [LASTPOSTTESTDATE], [LASTQUIZDATE], [LAUNCHESACCRUED], [LOWESTPOSTTESTSCORE], [LOWESTQUIZSCORE], [NUMBERPOSTTESTSTAKEN], [NUMBERQUIZESTAKEN], [PERCENTCOMPLETE], [PRETESTDATE], [PRETESTSCORE], [STATUS], [TOTALTIMEINSECONDS], [ID]) VALUES (1, 1, 35, 40, 1, CAST(0x00009B5700000000 AS DateTime), CAST(0x00009B5700000000 AS DateTime), CAST(0x00009B5700000000 AS DateTime), CAST(0x00009B5700000000 AS DateTime), 40, 40, CAST(0x00009B5000000000 AS DateTime), NULL, CAST(0x00009B5500000000 AS DateTime), 12, 40, 40, 2, 2, 100, CAST(0x00009B5300000000 AS DateTime), 33, N'completed', 1000, 1)
INSERT [dbo].[LEARNERCOURSESTATISTICS] ([LEARNER_ID], [LEARNERENROLLMENT_ID], [AVERAGEPOSTTESTSCORE], [AVERAGEQUIZSCORE], [COMPLETED], [COMPLETIONDATE], [FIRSTACCESSDATE], [FIRSTPOSTTESTDATE], [FIRSTQUIZDATE], [HEIGHESTPOSTTESTSCORE], [HIGHESTQUIZSCORE], [LASTACCESSDATE], [LASTPOSTTESTDATE], [LASTQUIZDATE], [LAUNCHESACCRUED], [LOWESTPOSTTESTSCORE], [LOWESTQUIZSCORE], [NUMBERPOSTTESTSTAKEN], [NUMBERQUIZESTAKEN], [PERCENTCOMPLETE], [PRETESTDATE], [PRETESTSCORE], [STATUS], [TOTALTIMEINSECONDS], [ID]) VALUES (1, 2, NULL, NULL, 0, NULL, NULL, NULL, NULL, NULL, NULL, CAST(0x00009B5500000000 AS DateTime), NULL, NULL, NULL, NULL, NULL, NULL, NULL, 90, NULL, NULL, N'inprogress', 0, 2)
INSERT [dbo].[LEARNERCOURSESTATISTICS] ([LEARNER_ID], [LEARNERENROLLMENT_ID], [AVERAGEPOSTTESTSCORE], [AVERAGEQUIZSCORE], [COMPLETED], [COMPLETIONDATE], [FIRSTACCESSDATE], [FIRSTPOSTTESTDATE], [FIRSTQUIZDATE], [HEIGHESTPOSTTESTSCORE], [HIGHESTQUIZSCORE], [LASTACCESSDATE], [LASTPOSTTESTDATE], [LASTQUIZDATE], [LAUNCHESACCRUED], [LOWESTPOSTTESTSCORE], [LOWESTQUIZSCORE], [NUMBERPOSTTESTSTAKEN], [NUMBERQUIZESTAKEN], [PERCENTCOMPLETE], [PRETESTDATE], [PRETESTSCORE], [STATUS], [TOTALTIMEINSECONDS], [ID]) VALUES (1, 3, 34, 40, 0, NULL, CAST(0x00009B5300000000 AS DateTime), CAST(0x00009B5400000000 AS DateTime), CAST(0x00009B5400000000 AS DateTime), 40, 40, CAST(0x00009B5700000000 AS DateTime), CAST(0x00009B5500000000 AS DateTime), CAST(0x00009B5500000000 AS DateTime), 12, 40, 40, 2, 2, 50, CAST(0x00009B5300000000 AS DateTime), 39, N'inprogress', 100, 3)
INSERT [dbo].[LEARNERCOURSESTATISTICS] ([LEARNER_ID], [LEARNERENROLLMENT_ID], [AVERAGEPOSTTESTSCORE], [AVERAGEQUIZSCORE], [COMPLETED], [COMPLETIONDATE], [FIRSTACCESSDATE], [FIRSTPOSTTESTDATE], [FIRSTQUIZDATE], [HEIGHESTPOSTTESTSCORE], [HIGHESTQUIZSCORE], [LASTACCESSDATE], [LASTPOSTTESTDATE], [LASTQUIZDATE], [LAUNCHESACCRUED], [LOWESTPOSTTESTSCORE], [LOWESTQUIZSCORE], [NUMBERPOSTTESTSTAKEN], [NUMBERQUIZESTAKEN], [PERCENTCOMPLETE], [PRETESTDATE], [PRETESTSCORE], [STATUS], [TOTALTIMEINSECONDS], [ID]) VALUES (1, 4, 34, 40, 1, CAST(0x00009B5700000000 AS DateTime), CAST(0x00009B5300000000 AS DateTime), CAST(0x00009B5400000000 AS DateTime), CAST(0x00009B5400000000 AS DateTime), 40, 40, CAST(0x00009B5700000000 AS DateTime), CAST(0x00009B5500000000 AS DateTime), CAST(0x00009B5500000000 AS DateTime), 12, 40, 40, 2, 2, 50, CAST(0x00009B5300000000 AS DateTime), 39, N'inprogress', 1000, 4)
INSERT [dbo].[LEARNERCOURSESTATISTICS] ([LEARNER_ID], [LEARNERENROLLMENT_ID], [AVERAGEPOSTTESTSCORE], [AVERAGEQUIZSCORE], [COMPLETED], [COMPLETIONDATE], [FIRSTACCESSDATE], [FIRSTPOSTTESTDATE], [FIRSTQUIZDATE], [HEIGHESTPOSTTESTSCORE], [HIGHESTQUIZSCORE], [LASTACCESSDATE], [LASTPOSTTESTDATE], [LASTQUIZDATE], [LAUNCHESACCRUED], [LOWESTPOSTTESTSCORE], [LOWESTQUIZSCORE], [NUMBERPOSTTESTSTAKEN], [NUMBERQUIZESTAKEN], [PERCENTCOMPLETE], [PRETESTDATE], [PRETESTSCORE], [STATUS], [TOTALTIMEINSECONDS], [ID]) VALUES (1, 5, 78, 89, 0, NULL, CAST(0x00009B5300000000 AS DateTime), CAST(0x00009B5400000000 AS DateTime), CAST(0x00009B5400000000 AS DateTime), 40, 40, CAST(0x00009B5000000000 AS DateTime), NULL, NULL, 12, 40, 30, 3, 4, 50, CAST(0x00009B5200000000 AS DateTime), 39, N'inprogress', 1000, 5)


/****** Object:  Table [dbo].[LEARNERPREFERENCE]    Script Date: 02/24/2009 16:53:58 ******/
SET ANSI_NULLS ON
GO
SET QUOTED_IDENTIFIER ON
GO
IF NOT EXISTS (SELECT * FROM sys.objects WHERE object_id = OBJECT_ID(N'[dbo].[LEARNERPREFERENCE]') AND type in (N'U'))
BEGIN
CREATE TABLE [dbo].[LEARNERPREFERENCE](
	[ID] [bigint] NOT NULL,
	[LEARNER_ID] [bigint] NOT NULL,
	[AUDIOTF] [int] NULL,
	[VOLUME] [int] NULL,
	[CAPTIONINGTF] [int] NULL,
	[BANDWIDTHTF] [varchar](50) COLLATE SQL_Latin1_General_CP1_CI_AS NULL,
	[VIDEOTF] [int] NULL,
 CONSTRAINT [PK_LEARNERPREFERENCE] PRIMARY KEY CLUSTERED 
(
	[ID] ASC
)WITH (IGNORE_DUP_KEY = OFF)
)
END
GO
INSERT [dbo].[LEARNERPREFERENCE] ([ID], [LEARNER_ID], [AUDIOTF], [VOLUME], [CAPTIONINGTF], [BANDWIDTHTF], [VIDEOTF]) VALUES (1, 1, 1, NULL, 1, N'high', 1)
/****** Object:  Table [dbo].[LEARNERPROFILE]    Script Date: 02/24/2009 16:53:58 ******/
SET ANSI_NULLS ON
GO
SET QUOTED_IDENTIFIER ON
GO
IF NOT EXISTS (SELECT * FROM sys.objects WHERE object_id = OBJECT_ID(N'[dbo].[LEARNERPROFILE]') AND type in (N'U'))
BEGIN
CREATE TABLE [dbo].[LEARNERPROFILE](
	[ID] [bigint] NOT NULL,
	[LEARNER_ID] [bigint] NOT NULL,
	[ADDRESS_ID] [bigint] NOT NULL,
	[MOBILEPHONE] [varchar](50) COLLATE SQL_Latin1_General_CP1_CI_AS NULL,
	[OFFICEPHONE] [varchar](50) COLLATE SQL_Latin1_General_CP1_CI_AS NULL,
	[OFFICEPHONEEXT] [varchar](50) COLLATE SQL_Latin1_General_CP1_CI_AS NULL,
 CONSTRAINT [PK_LEARNERPROFILE] PRIMARY KEY CLUSTERED 
(
	[ID] ASC
)WITH (IGNORE_DUP_KEY = OFF)
)
END
GO
INSERT [dbo].[LEARNERPROFILE] ([ID], [LEARNER_ID], [ADDRESS_ID], [MOBILEPHONE], [OFFICEPHONE], [OFFICEPHONEEXT]) VALUES (1, 1, 1, N'', NULL, NULL)
INSERT [dbo].[LEARNERPROFILE] ([ID], [LEARNER_ID], [ADDRESS_ID], [MOBILEPHONE], [OFFICEPHONE], [OFFICEPHONEEXT]) VALUES (2, 2, 2, N'', N'', N'')
INSERT [dbo].[LEARNERPROFILE] ([ID], [LEARNER_ID], [ADDRESS_ID], [MOBILEPHONE], [OFFICEPHONE], [OFFICEPHONEEXT]) VALUES (3, 3, 3, N'1234-6567989', N'1234-6567989', N'5678')
/****** Object:  Table [dbo].[VU360REPORTEXECUTIONSUMMARY]    Script Date: 02/24/2009 16:53:59 ******/
SET ANSI_NULLS ON
GO
SET QUOTED_IDENTIFIER ON
GO
IF NOT EXISTS (SELECT * FROM sys.objects WHERE object_id = OBJECT_ID(N'[dbo].[VU360REPORTEXECUTIONSUMMARY]') AND type in (N'U'))
BEGIN
CREATE TABLE [dbo].[VU360REPORTEXECUTIONSUMMARY](
	[ID] [bigint] NOT NULL,
	[CSVLOCATION] [varchar](254) COLLATE SQL_Latin1_General_CP1_CI_AS NULL,
	[EXECUTIONDATE] [datetime] NULL,
	[HTMLLOCATION] [varchar](254) COLLATE SQL_Latin1_General_CP1_CI_AS NULL,
	[VU360REPORT_ID] [bigint] NULL,
 CONSTRAINT [PK_VU360REPORTEXECUTIONSUMMARY] PRIMARY KEY CLUSTERED 
(
	[ID] ASC
)WITH (IGNORE_DUP_KEY = OFF)
)
END
GO
INSERT [dbo].[VU360REPORTEXECUTIONSUMMARY] ([ID], [CSVLOCATION], [EXECUTIONDATE], [HTMLLOCATION], [VU360REPORT_ID]) VALUES (1, N'a', CAST(0x00009CDD00000000 AS DateTime), N'b', 2)
/****** Object:  Table [dbo].[TRAINIINGPLAN]    Script Date: 02/24/2009 16:53:59 ******/
SET ANSI_NULLS ON
GO
SET QUOTED_IDENTIFIER ON
GO
IF NOT EXISTS (SELECT * FROM sys.objects WHERE object_id = OBJECT_ID(N'[dbo].[TRAINIINGPLAN]') AND type in (N'U'))
BEGIN
CREATE TABLE [dbo].[TRAINIINGPLAN](
	[ID] [bigint] NOT NULL,
	[NAME] [varchar](50) COLLATE SQL_Latin1_General_CP1_CI_AS NULL,
	[CUSTOMER_ID] [bigint] NULL,
	[COURSE_ID] [bigint] NULL,
 CONSTRAINT [PK_TRAINIINGPLAN] PRIMARY KEY CLUSTERED 
(
	[ID] ASC
)WITH (IGNORE_DUP_KEY = OFF)
)
END
GO
INSERT [dbo].[TRAINIINGPLAN] ([ID], [NAME], [CUSTOMER_ID], [COURSE_ID]) VALUES (1, N'suja', 1, 1)
/****** Object:  Table [dbo].[TRAINIINGPLANASSIGNMENT]    Script Date: 02/24/2009 16:53:59 ******/
SET ANSI_NULLS ON
GO
SET QUOTED_IDENTIFIER ON
GO
IF NOT EXISTS (SELECT * FROM sys.objects WHERE object_id = OBJECT_ID(N'[dbo].[TRAINIINGPLANASSIGNMENT]') AND type in (N'U'))
BEGIN
CREATE TABLE [dbo].[TRAINIINGPLANASSIGNMENT](
	[ID] [bigint] NOT NULL,
	[TRAINIINGPLAN_ID] [bigint] NULL,
	[LEARNERENROLLMENT_ID] [bigint] NULL,
 CONSTRAINT [PK_TRAINIINGPLANASSIGNMENT] PRIMARY KEY CLUSTERED 
(
	[ID] ASC
)WITH (IGNORE_DUP_KEY = OFF)
)
END
GO
/****** Object:  Table [dbo].[LEARNERGROUP]    Script Date: 02/24/2009 16:53:58 ******/
SET ANSI_NULLS ON
GO
SET QUOTED_IDENTIFIER ON
GO
IF NOT EXISTS (SELECT * FROM sys.objects WHERE object_id = OBJECT_ID(N'[dbo].[LEARNERGROUP]') AND type in (N'U'))
BEGIN
CREATE TABLE [dbo].[LEARNERGROUP](
	[ID] [bigint] NOT NULL,
	[CUSTOMER_ID] [bigint] NOT NULL,
	[NAME] [varchar](50) COLLATE SQL_Latin1_General_CP1_CI_AS NULL,
	[ORGANIZATIONALGROUP_ID] [bigint] NOT NULL,
 CONSTRAINT [PK_LEARNERGROUP] PRIMARY KEY CLUSTERED 
(
	[ID] ASC
)WITH (IGNORE_DUP_KEY = OFF)
)
END
GO
INSERT [dbo].[LEARNERGROUP] ([ID], [CUSTOMER_ID], [NAME], [ORGANIZATIONALGROUP_ID]) VALUES (1, 1, N'LearnerGroup1', 1)

/****** Object:  Table [dbo].[CUSTOMERPREFERENCE]    Script Date: 02/24/2009 16:53:58 ******/
SET ANSI_NULLS ON
GO
SET QUOTED_IDENTIFIER ON
GO
IF NOT EXISTS (SELECT * FROM sys.objects WHERE object_id = OBJECT_ID(N'[dbo].[CUSTOMERPREFERENCE]') AND type in (N'U'))
BEGIN
CREATE TABLE [dbo].[CUSTOMERPREFERENCE](
	[ID] [bigint] NOT NULL,
	[CUSTOMER_ID] [bigint] NOT NULL,
	[AudioTF] [int] NULL,
	[Volume] [int] NULL,
	[CaptioningTF] [int] NULL,
	[Bandwidth] [varchar](50) COLLATE SQL_Latin1_General_CP1_CI_AS NULL,
	[VideoTF] [int] NULL,
	[EnableRegistrationEmailsTF] [int] NULL,
	[EnableEnrollmentEmails] [int] NULL,
	[EnableSelfEnrollmentEmails] [int] NULL,
	[AUDIOLOCKTF] [int] NOT NULL,
	[VOLUMELOCKTF] [int] NOT NULL,
	[CAPTIONINGLOCKTF] [int] NOT NULL,
	[BANDWIDTHLOCKTF] [int] NOT NULL,
	[VIDEOLOCKTF] [int] NOT NULL,
 CONSTRAINT [PK_CUSTOMERPREFERENCE] PRIMARY KEY CLUSTERED 
(
	[ID] ASC
)WITH (IGNORE_DUP_KEY = OFF)
)
END
GO
INSERT [dbo].[CUSTOMERPREFERENCE] ([ID], [CUSTOMER_ID], [AudioTF], [Volume], [CaptioningTF], [Bandwidth], [VideoTF], [EnableRegistrationEmailsTF], [EnableEnrollmentEmails], [EnableSelfEnrollmentEmails], [AUDIOLOCKTF], [VOLUMELOCKTF], [CAPTIONINGLOCKTF], [BANDWIDTHLOCKTF], [VIDEOLOCKTF]) VALUES (1, 1, 1, 0, 1, N'high', 1, 1, 1, 0, 1, 1, 1, 1, 1)


/****** Object:  Table [dbo].[COURSEGROUP]    Script Date: 02/24/2009 16:53:58 ******/
SET ANSI_NULLS ON
GO
SET QUOTED_IDENTIFIER ON
GO
IF NOT EXISTS (SELECT * FROM sys.objects WHERE object_id = OBJECT_ID(N'[dbo].[COURSEGROUP]') AND type in (N'U'))
BEGIN
CREATE TABLE [dbo].[COURSEGROUP](
	[ID] [bigint] NOT NULL,
	[NAME] [varchar](50) COLLATE SQL_Latin1_General_CP1_CI_AS NOT NULL,
	[PARENTCOURSEGROUP_ID] [bigint] NULL,
	[CUSTOMER_ID] [bigint] NULL,
	[ROOTCOURSEGROUP_ID] [bigint] NULL,
	[DESCRIPTION] [nvarchar](max) COLLATE SQL_Latin1_General_CP1_CI_AS NULL,
 CONSTRAINT [PK__COURSEGROUP__1B0907CE] PRIMARY KEY CLUSTERED 
(
	[ID] ASC
)WITH (IGNORE_DUP_KEY = OFF)
)
END
GO
INSERT [dbo].[COURSEGROUP] ([ID], [NAME], [PARENTCOURSEGROUP_ID], [CUSTOMER_ID], [ROOTCOURSEGROUP_ID], [DESCRIPTION]) VALUES (1, N'OSHA-101 Certification', NULL, 1, NULL, NULL)
INSERT [dbo].[COURSEGROUP] ([ID], [NAME], [PARENTCOURSEGROUP_ID], [CUSTOMER_ID], [ROOTCOURSEGROUP_ID], [DESCRIPTION]) VALUES (3, N'Real Estate', NULL, 1, NULL, NULL)
INSERT [dbo].[COURSEGROUP] ([ID], [NAME], [PARENTCOURSEGROUP_ID], [CUSTOMER_ID], [ROOTCOURSEGROUP_ID], [DESCRIPTION]) VALUES (4, N'Pre-Licensing', 3, 1, NULL, NULL)
INSERT [dbo].[COURSEGROUP] ([ID], [NAME], [PARENTCOURSEGROUP_ID], [CUSTOMER_ID], [ROOTCOURSEGROUP_ID], [DESCRIPTION]) VALUES (5, N'All States', 4, 1, NULL, NULL)
INSERT [dbo].[COURSEGROUP] ([ID], [NAME], [PARENTCOURSEGROUP_ID], [CUSTOMER_ID], [ROOTCOURSEGROUP_ID], [DESCRIPTION]) VALUES (6, N'QA-CourseGroup', NULL, 1, NULL, NULL)
/****** Object:  Table [dbo].[REGISTRATIONINVITATION]    Script Date: 02/24/2009 16:53:58 ******/
SET ANSI_NULLS ON
GO
SET QUOTED_IDENTIFIER ON
GO
IF NOT EXISTS (SELECT * FROM sys.objects WHERE object_id = OBJECT_ID(N'[dbo].[REGISTRATIONINVITATION]') AND type in (N'U'))
BEGIN
CREATE TABLE [dbo].[REGISTRATIONINVITATION](
	[ID] [bigint] NOT NULL,
	[INVITATIONNAME] [varchar](250) COLLATE SQL_Latin1_General_CP1_CI_AS NULL,
	[PASSCODE] [varchar](20) COLLATE SQL_Latin1_General_CP1_CI_AS NULL,
	[ISUNLIMITED] [int] NULL,
	[MAXIMUMREGISTRATION] [int] NULL,
	[MESSAGE] [varchar](max) COLLATE SQL_Latin1_General_CP1_CI_AS NULL,
	[CUSTOMER_ID] [bigint] NULL,
	[NUMBERUTILIZED] [int] NULL,
 CONSTRAINT [PK_REGISTRATIONINVITATION] PRIMARY KEY CLUSTERED 
(
	[ID] ASC
)WITH (IGNORE_DUP_KEY = OFF)
)
END
GO

/****** Object:  Table [dbo].[DISTRIBUTORPREFERENCE]    Script Date: 02/24/2009 16:53:58 ******/
SET ANSI_NULLS ON
GO
SET QUOTED_IDENTIFIER ON
GO
IF NOT EXISTS (SELECT * FROM sys.objects WHERE object_id = OBJECT_ID(N'[dbo].[DISTRIBUTORPREFERENCE]') AND type in (N'U'))
BEGIN
CREATE TABLE [dbo].[DISTRIBUTORPREFERENCE](
	[ID] [bigint] NOT NULL,
	[Distributor_ID] [bigint] NOT NULL,
	[AudioTF] [int] NULL,
	[Volume] [int] NULL,
	[CaptioningTF] [int] NULL,
	[Bandwidth] [varchar](50) COLLATE SQL_Latin1_General_CP1_CI_AS NULL,
	[VideoTF] [int] NULL,
	[EnableRegistrationEmailsForNewCustomersTF] [int] NULL,
	[EnableEnrollmentEmailsForNewCustomers] [int] NULL,
	[EnableSelfEnrollmentEmailsForNewCustomers] [int] NULL,
	[AUDIOLOCKTF] [int] NULL,
	[VOLUMELOCKTF] [int] NULL,
	[CAPTIONINGLOCKTF] [int] NULL,
	[BANDWIDTHLOCKTF] [int] NULL,
	[VIDEOLOCKTF] [int] NULL,
 CONSTRAINT [PK_DISTRIBUTORPREFERENCE] PRIMARY KEY CLUSTERED 
(
	[ID] ASC
)WITH (IGNORE_DUP_KEY = OFF)
)
END
GO
EXEC sys.sp_addextendedproperty @name=N'MS_Description', @value=N'High/Low' ,@level0type=N'SCHEMA', @level0name=N'dbo', @level1type=N'TABLE', @level1name=N'DISTRIBUTORPREFERENCE', @level2type=N'COLUMN', @level2name=N'Bandwidth'
GO
INSERT [dbo].[DISTRIBUTORPREFERENCE] ([ID], [Distributor_ID], [AudioTF], [Volume], [CaptioningTF], [Bandwidth], [VideoTF], [EnableRegistrationEmailsForNewCustomersTF], [EnableEnrollmentEmailsForNewCustomers], [EnableSelfEnrollmentEmailsForNewCustomers], [AUDIOLOCKTF], [VOLUMELOCKTF], [CAPTIONINGLOCKTF], [BANDWIDTHLOCKTF], [VIDEOLOCKTF]) VALUES (1, 1, 1, NULL, 0, N'high', 1, 1, 1, 0, 1, 1, 1, 1, 1)

/****** Object:  Table [dbo].[DISTRIBUTORENTITLEMENT]    Script Date: 02/24/2009 16:53:58 ******/
SET ANSI_NULLS ON
GO
SET QUOTED_IDENTIFIER ON
GO
IF NOT EXISTS (SELECT * FROM sys.objects WHERE object_id = OBJECT_ID(N'[dbo].[DISTRIBUTORENTITLEMENT]') AND type in (N'U'))
BEGIN
CREATE TABLE [dbo].[DISTRIBUTORENTITLEMENT](
	[ID] [bigint] NOT NULL,
	[NAME] [varchar](254) COLLATE SQL_Latin1_General_CP1_CI_AS NOT NULL,
	[DISTRIBUTOR_ID] [bigint] NOT NULL,
 CONSTRAINT [PK_DISTRIBUTORENTITLEMENT] PRIMARY KEY CLUSTERED 
(
	[ID] ASC
)WITH (IGNORE_DUP_KEY = OFF)
)
END
GO
INSERT [dbo].[DISTRIBUTORENTITLEMENT] ([ID], [NAME], [DISTRIBUTOR_ID]) VALUES (1, N'360', 1)
INSERT [dbo].[DISTRIBUTORENTITLEMENT] ([ID], [NAME], [DISTRIBUTOR_ID]) VALUES (2, N'Tathya', 1)

/****** Object:  Default [DF_CUSTOMERPREFERENCE_AUDIOLOCKTF]    Script Date: 02/24/2009 16:53:58 ******/
IF Not EXISTS (SELECT * FROM sys.default_constraints WHERE object_id = OBJECT_ID(N'[dbo].[DF_CUSTOMERPREFERENCE_AUDIOLOCKTF]') AND parent_object_id = OBJECT_ID(N'[dbo].[CUSTOMERPREFERENCE]'))
Begin
ALTER TABLE [dbo].[CUSTOMERPREFERENCE] ADD  CONSTRAINT [DF_CUSTOMERPREFERENCE_AUDIOLOCKTF]  DEFAULT ((0)) FOR [AUDIOLOCKTF]

End
GO
/****** Object:  Default [DF_CUSTOMERPREFERENCE_VOLUMELOCKTF]    Script Date: 02/24/2009 16:53:58 ******/
IF Not EXISTS (SELECT * FROM sys.default_constraints WHERE object_id = OBJECT_ID(N'[dbo].[DF_CUSTOMERPREFERENCE_VOLUMELOCKTF]') AND parent_object_id = OBJECT_ID(N'[dbo].[CUSTOMERPREFERENCE]'))
Begin
ALTER TABLE [dbo].[CUSTOMERPREFERENCE] ADD  CONSTRAINT [DF_CUSTOMERPREFERENCE_VOLUMELOCKTF]  DEFAULT ((0)) FOR [VOLUMELOCKTF]

End
GO
/****** Object:  Default [DF_CUSTOMERPREFERENCE_CAPTIONINGLOCKTF]    Script Date: 02/24/2009 16:53:58 ******/
IF Not EXISTS (SELECT * FROM sys.default_constraints WHERE object_id = OBJECT_ID(N'[dbo].[DF_CUSTOMERPREFERENCE_CAPTIONINGLOCKTF]') AND parent_object_id = OBJECT_ID(N'[dbo].[CUSTOMERPREFERENCE]'))
Begin
ALTER TABLE [dbo].[CUSTOMERPREFERENCE] ADD  CONSTRAINT [DF_CUSTOMERPREFERENCE_CAPTIONINGLOCKTF]  DEFAULT ((0)) FOR [CAPTIONINGLOCKTF]

End
GO
/****** Object:  Default [DF_CUSTOMERPREFERENCE_BANDWIDTHLOCKTF]    Script Date: 02/24/2009 16:53:58 ******/
IF Not EXISTS (SELECT * FROM sys.default_constraints WHERE object_id = OBJECT_ID(N'[dbo].[DF_CUSTOMERPREFERENCE_BANDWIDTHLOCKTF]') AND parent_object_id = OBJECT_ID(N'[dbo].[CUSTOMERPREFERENCE]'))
Begin
ALTER TABLE [dbo].[CUSTOMERPREFERENCE] ADD  CONSTRAINT [DF_CUSTOMERPREFERENCE_BANDWIDTHLOCKTF]  DEFAULT ((0)) FOR [BANDWIDTHLOCKTF]

End
GO
/****** Object:  Default [DF_CUSTOMERPREFERENCE_VIDEOLOCKTF]    Script Date: 02/24/2009 16:53:58 ******/
IF Not EXISTS (SELECT * FROM sys.default_constraints WHERE object_id = OBJECT_ID(N'[dbo].[DF_CUSTOMERPREFERENCE_VIDEOLOCKTF]') AND parent_object_id = OBJECT_ID(N'[dbo].[CUSTOMERPREFERENCE]'))
Begin
ALTER TABLE [dbo].[CUSTOMERPREFERENCE] ADD  CONSTRAINT [DF_CUSTOMERPREFERENCE_VIDEOLOCKTF]  DEFAULT ((0)) FOR [VIDEOLOCKTF]

End
GO
/****** Object:  Default [DF_DISTRIBUTOR_ADDRESS_ID_2]    Script Date: 02/24/2009 16:53:58 ******/
IF Not EXISTS (SELECT * FROM sys.default_constraints WHERE object_id = OBJECT_ID(N'[dbo].[DF_DISTRIBUTOR_ADDRESS_ID_2]') AND parent_object_id = OBJECT_ID(N'[dbo].[DISTRIBUTOR]'))
Begin
ALTER TABLE [dbo].[DISTRIBUTOR] ADD  CONSTRAINT [DF_DISTRIBUTOR_ADDRESS_ID_2]  DEFAULT ((0)) FOR [ADDRESS_ID_2]

End
GO
/****** Object:  Default [DF_LEARNINGSESSION_STRINGCOURSEID]    Script Date: 02/24/2009 16:53:58 ******/
IF Not EXISTS (SELECT * FROM sys.default_constraints WHERE object_id = OBJECT_ID(N'[dbo].[DF_LEARNINGSESSION_STRINGCOURSEID]') AND parent_object_id = OBJECT_ID(N'[dbo].[LEARNINGSESSION]'))
Begin
ALTER TABLE [dbo].[LEARNINGSESSION] ADD  CONSTRAINT [DF_LEARNINGSESSION_STRINGCOURSEID]  DEFAULT ('') FOR [STRINGCOURSEID]

End
GO
/****** Object:  Default [DF_LMSROLE_CUSTOMER_ID]    Script Date: 02/24/2009 16:53:58 ******/
IF Not EXISTS (SELECT * FROM sys.default_constraints WHERE object_id = OBJECT_ID(N'[dbo].[DF_LMSROLE_CUSTOMER_ID]') AND parent_object_id = OBJECT_ID(N'[dbo].[LMSROLE]'))
Begin
ALTER TABLE [dbo].[LMSROLE] ADD  CONSTRAINT [DF_LMSROLE_CUSTOMER_ID]  DEFAULT ((0)) FOR [CUSTOMER_ID]

End
GO
/****** Object:  Default [DF_SURVEY_SHOWALLTF]    Script Date: 02/24/2009 16:53:58 ******/
IF Not EXISTS (SELECT * FROM sys.default_constraints WHERE object_id = OBJECT_ID(N'[dbo].[DF_SURVEY_SHOWALLTF]') AND parent_object_id = OBJECT_ID(N'[dbo].[SURVEY]'))
Begin
ALTER TABLE [dbo].[SURVEY] ADD  CONSTRAINT [DF_SURVEY_SHOWALLTF]  DEFAULT ((0)) FOR [SHOWALLTF]

End
GO
/****** Object:  Default [DF_SURVEY_SURVEYOWNER_ID]    Script Date: 02/24/2009 16:53:58 ******/
IF Not EXISTS (SELECT * FROM sys.default_constraints WHERE object_id = OBJECT_ID(N'[dbo].[DF_SURVEY_SURVEYOWNER_ID]') AND parent_object_id = OBJECT_ID(N'[dbo].[SURVEY]'))
Begin
ALTER TABLE [dbo].[SURVEY] ADD  CONSTRAINT [DF_SURVEY_SURVEYOWNER_ID]  DEFAULT ((0)) FOR [SURVEYOWNER_ID]

End
GO
/****** Object:  Default [DF_SURVEYANSWER_DISPLAYORDER]    Script Date: 02/24/2009 16:53:58 ******/
IF Not EXISTS (SELECT * FROM sys.default_constraints WHERE object_id = OBJECT_ID(N'[dbo].[DF_SURVEYANSWER_DISPLAYORDER]') AND parent_object_id = OBJECT_ID(N'[dbo].[SURVEYANSWER]'))
Begin
ALTER TABLE [dbo].[SURVEYANSWER] ADD  CONSTRAINT [DF_SURVEYANSWER_DISPLAYORDER]  DEFAULT ((0)) FOR [DISPLAYORDER]

End
GO
/****** Object:  Default [DF_SURVEYQUESTION_DROPDOWNTF]    Script Date: 02/24/2009 16:53:58 ******/
IF Not EXISTS (SELECT * FROM sys.default_constraints WHERE object_id = OBJECT_ID(N'[dbo].[DF_SURVEYQUESTION_DROPDOWNTF]') AND parent_object_id = OBJECT_ID(N'[dbo].[SURVEYQUESTION]'))
Begin
ALTER TABLE [dbo].[SURVEYQUESTION] ADD  CONSTRAINT [DF_SURVEYQUESTION_DROPDOWNTF]  DEFAULT ((0)) FOR [DROPDOWNTF]

End
GO
/****** Object:  Default [DF_SURVEYQUESTION_UNLIMITEDTF]    Script Date: 02/24/2009 16:53:58 ******/
IF Not EXISTS (SELECT * FROM sys.default_constraints WHERE object_id = OBJECT_ID(N'[dbo].[DF_SURVEYQUESTION_UNLIMITEDTF]') AND parent_object_id = OBJECT_ID(N'[dbo].[SURVEYQUESTION]'))
Begin
ALTER TABLE [dbo].[SURVEYQUESTION] ADD  CONSTRAINT [DF_SURVEYQUESTION_UNLIMITEDTF]  DEFAULT ((0)) FOR [UNLIMITEDTF]

End
GO
/****** Object:  ForeignKey [LANGUAGE_COURSE]    Script Date: 02/24/2009 16:53:58 ******/
IF NOT EXISTS (SELECT * FROM sys.foreign_keys WHERE object_id = OBJECT_ID(N'[dbo].[LANGUAGE_COURSE]') AND parent_object_id = OBJECT_ID(N'[dbo].[COURSE]'))
ALTER TABLE [dbo].[COURSE]  WITH CHECK ADD  CONSTRAINT [LANGUAGE_COURSE] FOREIGN KEY([LANGUAGE_ID])
REFERENCES [dbo].[LANGUAGE] ([ID])
GO
/****** Object:  ForeignKey [COURSEGROUP_ROOTCOURSEGROUP]    Script Date: 02/24/2009 16:53:58 ******/
IF NOT EXISTS (SELECT * FROM sys.foreign_keys WHERE object_id = OBJECT_ID(N'[dbo].[COURSEGROUP_ROOTCOURSEGROUP]') AND parent_object_id = OBJECT_ID(N'[dbo].[COURSEGROUP]'))
ALTER TABLE [dbo].[COURSEGROUP]  WITH CHECK ADD  CONSTRAINT [COURSEGROUP_ROOTCOURSEGROUP] FOREIGN KEY([ROOTCOURSEGROUP_ID])
REFERENCES [dbo].[COURSEGROUP] ([ID])
GO
/****** Object:  ForeignKey [CUSTOMER_COURSEGROUP]    Script Date: 02/24/2009 16:53:58 ******/
IF NOT EXISTS (SELECT * FROM sys.foreign_keys WHERE object_id = OBJECT_ID(N'[dbo].[CUSTOMER_COURSEGROUP]') AND parent_object_id = OBJECT_ID(N'[dbo].[COURSEGROUP]'))
ALTER TABLE [dbo].[COURSEGROUP]  WITH CHECK ADD  CONSTRAINT [CUSTOMER_COURSEGROUP] FOREIGN KEY([CUSTOMER_ID])
REFERENCES [dbo].[CUSTOMER] ([ID])
GO
/****** Object:  ForeignKey [FK_COURSEGROUP_PARENTCOURSEGROUP]    Script Date: 02/24/2009 16:53:58 ******/
IF NOT EXISTS (SELECT * FROM sys.foreign_keys WHERE object_id = OBJECT_ID(N'[dbo].[FK_COURSEGROUP_PARENTCOURSEGROUP]') AND parent_object_id = OBJECT_ID(N'[dbo].[COURSEGROUP]'))
ALTER TABLE [dbo].[COURSEGROUP]  WITH CHECK ADD  CONSTRAINT [FK_COURSEGROUP_PARENTCOURSEGROUP] FOREIGN KEY([PARENTCOURSEGROUP_ID])
REFERENCES [dbo].[COURSEGROUP] ([ID])
GO
/****** Object:  ForeignKey [BILLINGADDRESS_CUSTOMER]    Script Date: 02/24/2009 16:53:58 ******/
IF NOT EXISTS (SELECT * FROM sys.foreign_keys WHERE object_id = OBJECT_ID(N'[dbo].[BILLINGADDRESS_CUSTOMER]') AND parent_object_id = OBJECT_ID(N'[dbo].[CUSTOMER]'))
ALTER TABLE [dbo].[CUSTOMER]  WITH CHECK ADD  CONSTRAINT [BILLINGADDRESS_CUSTOMER] FOREIGN KEY([BILLINGADDRESS_ID])
REFERENCES [dbo].[ADDRESS] ([ID])
GO
/****** Object:  ForeignKey [CUSTOMER_BRAND]    Script Date: 02/24/2009 16:53:58 ******/
IF NOT EXISTS (SELECT * FROM sys.foreign_keys WHERE object_id = OBJECT_ID(N'[dbo].[CUSTOMER_BRAND]') AND parent_object_id = OBJECT_ID(N'[dbo].[CUSTOMER]'))
ALTER TABLE [dbo].[CUSTOMER]  WITH CHECK ADD  CONSTRAINT [CUSTOMER_BRAND] FOREIGN KEY([BRAND_ID])
REFERENCES [dbo].[BRAND] ([ID])
GO
/****** Object:  ForeignKey [FK_DISTRIBUTOR_CUSTOMER]    Script Date: 02/24/2009 16:53:58 ******/
IF NOT EXISTS (SELECT * FROM sys.foreign_keys WHERE object_id = OBJECT_ID(N'[dbo].[FK_DISTRIBUTOR_CUSTOMER]') AND parent_object_id = OBJECT_ID(N'[dbo].[CUSTOMER]'))
ALTER TABLE [dbo].[CUSTOMER]  WITH CHECK ADD  CONSTRAINT [FK_DISTRIBUTOR_CUSTOMER] FOREIGN KEY([DISTRIBUTOR_ID])
REFERENCES [dbo].[DISTRIBUTOR] ([ID])
GO
/****** Object:  ForeignKey [SHIPPINGADDRESS_CUSTOMER]    Script Date: 02/24/2009 16:53:58 ******/
IF NOT EXISTS (SELECT * FROM sys.foreign_keys WHERE object_id = OBJECT_ID(N'[dbo].[SHIPPINGADDRESS_CUSTOMER]') AND parent_object_id = OBJECT_ID(N'[dbo].[CUSTOMER]'))
ALTER TABLE [dbo].[CUSTOMER]  WITH CHECK ADD  CONSTRAINT [SHIPPINGADDRESS_CUSTOMER] FOREIGN KEY([SHIPPINGADDRESS_ID])
REFERENCES [dbo].[ADDRESS] ([ID])
GO
/****** Object:  ForeignKey [CUSTOMER_CUSTOMERENTITLEMENT]    Script Date: 02/24/2009 16:53:58 ******/
IF NOT EXISTS (SELECT * FROM sys.foreign_keys WHERE object_id = OBJECT_ID(N'[dbo].[CUSTOMER_CUSTOMERENTITLEMENT]') AND parent_object_id = OBJECT_ID(N'[dbo].[CUSTOMERENTITLEMENT]'))
ALTER TABLE [dbo].[CUSTOMERENTITLEMENT]  WITH CHECK ADD  CONSTRAINT [CUSTOMER_CUSTOMERENTITLEMENT] FOREIGN KEY([CUSTOMER_ID])
REFERENCES [dbo].[CUSTOMER] ([ID])
GO
/****** Object:  ForeignKey [CUSTOMER_CUSTOMERPREFERENCE]    Script Date: 02/24/2009 16:53:58 ******/
IF NOT EXISTS (SELECT * FROM sys.foreign_keys WHERE object_id = OBJECT_ID(N'[dbo].[CUSTOMER_CUSTOMERPREFERENCE]') AND parent_object_id = OBJECT_ID(N'[dbo].[CUSTOMERPREFERENCE]'))
ALTER TABLE [dbo].[CUSTOMERPREFERENCE]  WITH CHECK ADD  CONSTRAINT [CUSTOMER_CUSTOMERPREFERENCE] FOREIGN KEY([CUSTOMER_ID])
REFERENCES [dbo].[CUSTOMER] ([ID])
GO
/****** Object:  ForeignKey [ADDRESS_DISTRIBUTOR]    Script Date: 02/24/2009 16:53:58 ******/
IF NOT EXISTS (SELECT * FROM sys.foreign_keys WHERE object_id = OBJECT_ID(N'[dbo].[ADDRESS_DISTRIBUTOR]') AND parent_object_id = OBJECT_ID(N'[dbo].[DISTRIBUTOR]'))
ALTER TABLE [dbo].[DISTRIBUTOR]  WITH CHECK ADD  CONSTRAINT [ADDRESS_DISTRIBUTOR] FOREIGN KEY([ADDRESS_ID])
REFERENCES [dbo].[ADDRESS] ([ID])
GO
/****** Object:  ForeignKey [ADDRESS2_DISTRIBUTOR]    Script Date: 02/24/2009 16:53:58 ******/
IF NOT EXISTS (SELECT * FROM sys.foreign_keys WHERE object_id = OBJECT_ID(N'[dbo].[ADDRESS2_DISTRIBUTOR]') AND parent_object_id = OBJECT_ID(N'[dbo].[DISTRIBUTOR]'))
ALTER TABLE [dbo].[DISTRIBUTOR]  WITH CHECK ADD  CONSTRAINT [ADDRESS2_DISTRIBUTOR] FOREIGN KEY([ADDRESS_ID_2])
REFERENCES [dbo].[ADDRESS] ([ID])
GO
/****** Object:  ForeignKey [DISTRIBUTOR_BRAND]    Script Date: 02/24/2009 16:53:58 ******/
IF NOT EXISTS (SELECT * FROM sys.foreign_keys WHERE object_id = OBJECT_ID(N'[dbo].[DISTRIBUTOR_BRAND]') AND parent_object_id = OBJECT_ID(N'[dbo].[DISTRIBUTOR]'))
ALTER TABLE [dbo].[DISTRIBUTOR]  WITH CHECK ADD  CONSTRAINT [DISTRIBUTOR_BRAND] FOREIGN KEY([BRAND_ID])
REFERENCES [dbo].[BRAND] ([ID])
GO
/****** Object:  ForeignKey [DISTRIBUTORENTITLEMENT_DISTRIBUTOR]    Script Date: 02/24/2009 16:53:58 ******/
IF NOT EXISTS (SELECT * FROM sys.foreign_keys WHERE object_id = OBJECT_ID(N'[dbo].[DISTRIBUTORENTITLEMENT_DISTRIBUTOR]') AND parent_object_id = OBJECT_ID(N'[dbo].[DISTRIBUTORENTITLEMENT]'))
ALTER TABLE [dbo].[DISTRIBUTORENTITLEMENT]  WITH CHECK ADD  CONSTRAINT [DISTRIBUTORENTITLEMENT_DISTRIBUTOR] FOREIGN KEY([DISTRIBUTOR_ID])
REFERENCES [dbo].[DISTRIBUTOR] ([ID])
GO
/****** Object:  ForeignKey [DISTRIBUTORGROUP_BRAND]    Script Date: 02/24/2009 16:53:58 ******/
IF NOT EXISTS (SELECT * FROM sys.foreign_keys WHERE object_id = OBJECT_ID(N'[dbo].[DISTRIBUTORGROUP_BRAND]') AND parent_object_id = OBJECT_ID(N'[dbo].[DISTRIBUTORGROUP]'))
ALTER TABLE [dbo].[DISTRIBUTORGROUP]  WITH CHECK ADD  CONSTRAINT [DISTRIBUTORGROUP_BRAND] FOREIGN KEY([BRAND_ID])
REFERENCES [dbo].[BRAND] ([ID])
GO
/****** Object:  ForeignKey [DISTRIBUTOR_DISTRIBUTORPREFERENCE]    Script Date: 02/24/2009 16:53:58 ******/
IF NOT EXISTS (SELECT * FROM sys.foreign_keys WHERE object_id = OBJECT_ID(N'[dbo].[DISTRIBUTOR_DISTRIBUTORPREFERENCE]') AND parent_object_id = OBJECT_ID(N'[dbo].[DISTRIBUTORPREFERENCE]'))
ALTER TABLE [dbo].[DISTRIBUTORPREFERENCE]  WITH CHECK ADD  CONSTRAINT [DISTRIBUTOR_DISTRIBUTORPREFERENCE] FOREIGN KEY([Distributor_ID])
REFERENCES [dbo].[DISTRIBUTOR] ([ID])
GO
/****** Object:  ForeignKey [LEARNER_CUSTOMER]    Script Date: 02/24/2009 16:53:58 ******/
IF NOT EXISTS (SELECT * FROM sys.foreign_keys WHERE object_id = OBJECT_ID(N'[dbo].[LEARNER_CUSTOMER]') AND parent_object_id = OBJECT_ID(N'[dbo].[LEARNER]'))
ALTER TABLE [dbo].[LEARNER]  WITH CHECK ADD  CONSTRAINT [LEARNER_CUSTOMER] FOREIGN KEY([CUSTOMER_ID])
REFERENCES [dbo].[CUSTOMER] ([ID])
GO
/****** Object:  ForeignKey [VU360USER_LEARNER]    Script Date: 02/24/2009 16:53:58 ******/
IF NOT EXISTS (SELECT * FROM sys.foreign_keys WHERE object_id = OBJECT_ID(N'[dbo].[VU360USER_LEARNER]') AND parent_object_id = OBJECT_ID(N'[dbo].[LEARNER]'))
ALTER TABLE [dbo].[LEARNER]  WITH CHECK ADD  CONSTRAINT [VU360USER_LEARNER] FOREIGN KEY([VU360USER_ID])
REFERENCES [dbo].[VU360USER] ([ID])
GO
/****** Object:  ForeignKey [LEARNER_LEARNERCOURSESTATISTICS]    Script Date: 02/24/2009 16:53:58 ******/
IF NOT EXISTS (SELECT * FROM sys.foreign_keys WHERE object_id = OBJECT_ID(N'[dbo].[LEARNER_LEARNERCOURSESTATISTICS]') AND parent_object_id = OBJECT_ID(N'[dbo].[LEARNERCOURSESTATISTICS]'))
ALTER TABLE [dbo].[LEARNERCOURSESTATISTICS]  WITH CHECK ADD  CONSTRAINT [LEARNER_LEARNERCOURSESTATISTICS] FOREIGN KEY([LEARNER_ID])
REFERENCES [dbo].[LEARNER] ([ID])
GO
/****** Object:  ForeignKey [LEARNERENROLMENT_LEARNERCOURSESTATISTICS]    Script Date: 02/24/2009 16:53:58 ******/
IF NOT EXISTS (SELECT * FROM sys.foreign_keys WHERE object_id = OBJECT_ID(N'[dbo].[LEARNERENROLMENT_LEARNERCOURSESTATISTICS]') AND parent_object_id = OBJECT_ID(N'[dbo].[LEARNERCOURSESTATISTICS]'))
ALTER TABLE [dbo].[LEARNERCOURSESTATISTICS]  WITH CHECK ADD  CONSTRAINT [LEARNERENROLMENT_LEARNERCOURSESTATISTICS] FOREIGN KEY([LEARNERENROLLMENT_ID])
REFERENCES [dbo].[LEARNERENROLLMENT] ([ID])
GO
/****** Object:  ForeignKey [COURSE_LEARNERENROLLMENT]    Script Date: 02/24/2009 16:53:58 ******/
IF NOT EXISTS (SELECT * FROM sys.foreign_keys WHERE object_id = OBJECT_ID(N'[dbo].[COURSE_LEARNERENROLLMENT]') AND parent_object_id = OBJECT_ID(N'[dbo].[LEARNERENROLLMENT]'))
ALTER TABLE [dbo].[LEARNERENROLLMENT]  WITH CHECK ADD  CONSTRAINT [COURSE_LEARNERENROLLMENT] FOREIGN KEY([COURSE_ID])
REFERENCES [dbo].[COURSE] ([ID])
GO
/****** Object:  ForeignKey [CUSTOMERENROLLMENT_LEARNERENROLLMENT]    Script Date: 02/24/2009 16:53:58 ******/
IF NOT EXISTS (SELECT * FROM sys.foreign_keys WHERE object_id = OBJECT_ID(N'[dbo].[CUSTOMERENROLLMENT_LEARNERENROLLMENT]') AND parent_object_id = OBJECT_ID(N'[dbo].[LEARNERENROLLMENT]'))
ALTER TABLE [dbo].[LEARNERENROLLMENT]  WITH CHECK ADD  CONSTRAINT [CUSTOMERENROLLMENT_LEARNERENROLLMENT] FOREIGN KEY([CUSTOMERENTITLEMENT_ID])
REFERENCES [dbo].[CUSTOMERENTITLEMENT] ([ID])
GO
/****** Object:  ForeignKey [LEARNER_LEARNERENROLLMENT]    Script Date: 02/24/2009 16:53:58 ******/
IF NOT EXISTS (SELECT * FROM sys.foreign_keys WHERE object_id = OBJECT_ID(N'[dbo].[LEARNER_LEARNERENROLLMENT]') AND parent_object_id = OBJECT_ID(N'[dbo].[LEARNERENROLLMENT]'))
ALTER TABLE [dbo].[LEARNERENROLLMENT]  WITH CHECK ADD  CONSTRAINT [LEARNER_LEARNERENROLLMENT] FOREIGN KEY([LEARNER_ID])
REFERENCES [dbo].[LEARNER] ([ID])
GO
/****** Object:  ForeignKey [LEARNERENROLLMENT_ORGGROUPENTITLEMENT]    Script Date: 02/24/2009 16:53:58 ******/
IF NOT EXISTS (SELECT * FROM sys.foreign_keys WHERE object_id = OBJECT_ID(N'[dbo].[LEARNERENROLLMENT_ORGGROUPENTITLEMENT]') AND parent_object_id = OBJECT_ID(N'[dbo].[LEARNERENROLLMENT]'))
ALTER TABLE [dbo].[LEARNERENROLLMENT]  WITH CHECK ADD  CONSTRAINT [LEARNERENROLLMENT_ORGGROUPENTITLEMENT] FOREIGN KEY([ORGGROUPENTITLEMENT_ID])
REFERENCES [dbo].[ORGANIZATIONALGROUPENTITLEMENT] ([ID])
GO
/****** Object:  ForeignKey [CUSTOMER_LEARNERGROUP]    Script Date: 02/24/2009 16:53:58 ******/
IF NOT EXISTS (SELECT * FROM sys.foreign_keys WHERE object_id = OBJECT_ID(N'[dbo].[CUSTOMER_LEARNERGROUP]') AND parent_object_id = OBJECT_ID(N'[dbo].[LEARNERGROUP]'))
ALTER TABLE [dbo].[LEARNERGROUP]  WITH CHECK ADD  CONSTRAINT [CUSTOMER_LEARNERGROUP] FOREIGN KEY([CUSTOMER_ID])
REFERENCES [dbo].[CUSTOMER] ([ID])
GO
/****** Object:  ForeignKey [ORGANIZATIONALGROUP_LEARNERGROUP]    Script Date: 02/24/2009 16:53:58 ******/
IF NOT EXISTS (SELECT * FROM sys.foreign_keys WHERE object_id = OBJECT_ID(N'[dbo].[ORGANIZATIONALGROUP_LEARNERGROUP]') AND parent_object_id = OBJECT_ID(N'[dbo].[LEARNERGROUP]'))
ALTER TABLE [dbo].[LEARNERGROUP]  WITH CHECK ADD  CONSTRAINT [ORGANIZATIONALGROUP_LEARNERGROUP] FOREIGN KEY([ORGANIZATIONALGROUP_ID])
REFERENCES [dbo].[ORGANIZATIONALGROUP] ([ID])
GO
/****** Object:  ForeignKey [FK_LEARNERPREFERENCE_LEARNER]    Script Date: 02/24/2009 16:53:58 ******/
IF NOT EXISTS (SELECT * FROM sys.foreign_keys WHERE object_id = OBJECT_ID(N'[dbo].[FK_LEARNERPREFERENCE_LEARNER]') AND parent_object_id = OBJECT_ID(N'[dbo].[LEARNERPREFERENCE]'))
ALTER TABLE [dbo].[LEARNERPREFERENCE]  WITH CHECK ADD  CONSTRAINT [FK_LEARNERPREFERENCE_LEARNER] FOREIGN KEY([LEARNER_ID])
REFERENCES [dbo].[LEARNER] ([ID])
GO
/****** Object:  ForeignKey [ADDRESS_LEARNERPROFILE]    Script Date: 02/24/2009 16:53:58 ******/
IF NOT EXISTS (SELECT * FROM sys.foreign_keys WHERE object_id = OBJECT_ID(N'[dbo].[ADDRESS_LEARNERPROFILE]') AND parent_object_id = OBJECT_ID(N'[dbo].[LEARNERPROFILE]'))
ALTER TABLE [dbo].[LEARNERPROFILE]  WITH CHECK ADD  CONSTRAINT [ADDRESS_LEARNERPROFILE] FOREIGN KEY([ADDRESS_ID])
REFERENCES [dbo].[ADDRESS] ([ID])
GO
/****** Object:  ForeignKey [LEARNER_LEARNERPROFILE]    Script Date: 02/24/2009 16:53:58 ******/
IF NOT EXISTS (SELECT * FROM sys.foreign_keys WHERE object_id = OBJECT_ID(N'[dbo].[LEARNER_LEARNERPROFILE]') AND parent_object_id = OBJECT_ID(N'[dbo].[LEARNERPROFILE]'))
ALTER TABLE [dbo].[LEARNERPROFILE]  WITH CHECK ADD  CONSTRAINT [LEARNER_LEARNERPROFILE] FOREIGN KEY([LEARNER_ID])
REFERENCES [dbo].[LEARNER] ([ID])
GO
/****** Object:  ForeignKey [COURSE_LEARNINGSESSION]    Script Date: 02/24/2009 16:53:58 ******/
IF NOT EXISTS (SELECT * FROM sys.foreign_keys WHERE object_id = OBJECT_ID(N'[dbo].[COURSE_LEARNINGSESSION]') AND parent_object_id = OBJECT_ID(N'[dbo].[LEARNINGSESSION]'))
ALTER TABLE [dbo].[LEARNINGSESSION]  WITH CHECK ADD  CONSTRAINT [COURSE_LEARNINGSESSION] FOREIGN KEY([COURSE_ID])
REFERENCES [dbo].[COURSE] ([ID])
GO
/****** Object:  ForeignKey [LEARNER_LEARNINGSESSION]    Script Date: 02/24/2009 16:53:58 ******/
IF NOT EXISTS (SELECT * FROM sys.foreign_keys WHERE object_id = OBJECT_ID(N'[dbo].[LEARNER_LEARNINGSESSION]') AND parent_object_id = OBJECT_ID(N'[dbo].[LEARNINGSESSION]'))
ALTER TABLE [dbo].[LEARNINGSESSION]  WITH CHECK ADD  CONSTRAINT [LEARNER_LEARNINGSESSION] FOREIGN KEY([LEARNER_ID])
REFERENCES [dbo].[LEARNER] ([ID])
GO
/****** Object:  ForeignKey [LEARNERENROLLMENT_LEARNINGSESSION]    Script Date: 02/24/2009 16:53:58 ******/
IF NOT EXISTS (SELECT * FROM sys.foreign_keys WHERE object_id = OBJECT_ID(N'[dbo].[LEARNERENROLLMENT_LEARNINGSESSION]') AND parent_object_id = OBJECT_ID(N'[dbo].[LEARNINGSESSION]'))
ALTER TABLE [dbo].[LEARNINGSESSION]  WITH CHECK ADD  CONSTRAINT [LEARNERENROLLMENT_LEARNINGSESSION] FOREIGN KEY([ENROLLMENT_ID])
REFERENCES [dbo].[LEARNERENROLLMENT] ([ID])
GO
/****** Object:  ForeignKey [VU360USER_LMSADMINISTRATOR]    Script Date: 02/24/2009 16:53:58 ******/
IF NOT EXISTS (SELECT * FROM sys.foreign_keys WHERE object_id = OBJECT_ID(N'[dbo].[VU360USER_LMSADMINISTRATOR]') AND parent_object_id = OBJECT_ID(N'[dbo].[LMSADMINISTRATOR]'))
ALTER TABLE [dbo].[LMSADMINISTRATOR]  WITH CHECK ADD  CONSTRAINT [VU360USER_LMSADMINISTRATOR] FOREIGN KEY([VU360USER_ID])
REFERENCES [dbo].[VU360USER] ([ID])
GO
/****** Object:  ForeignKey [LMSFEATURE_LMSPERMISSION]    Script Date: 02/24/2009 16:53:58 ******/
IF NOT EXISTS (SELECT * FROM sys.foreign_keys WHERE object_id = OBJECT_ID(N'[dbo].[LMSFEATURE_LMSPERMISSION]') AND parent_object_id = OBJECT_ID(N'[dbo].[LMSPERMISSION]'))
ALTER TABLE [dbo].[LMSPERMISSION]  WITH CHECK ADD  CONSTRAINT [LMSFEATURE_LMSPERMISSION] FOREIGN KEY([FEATURE_ID])
REFERENCES [dbo].[LMSFEATURE] ([ID])
GO
/****** Object:  ForeignKey [LMSROLE_LMSPERMISSION]    Script Date: 02/24/2009 16:53:58 ******/
IF NOT EXISTS (SELECT * FROM sys.foreign_keys WHERE object_id = OBJECT_ID(N'[dbo].[LMSROLE_LMSPERMISSION]') AND parent_object_id = OBJECT_ID(N'[dbo].[LMSPERMISSION]'))
ALTER TABLE [dbo].[LMSPERMISSION]  WITH CHECK ADD  CONSTRAINT [LMSROLE_LMSPERMISSION] FOREIGN KEY([ROLE_ID])
REFERENCES [dbo].[LMSROLE] ([ID])
GO
/****** Object:  ForeignKey [LMSROLE_CUSTOMER]    Script Date: 02/24/2009 16:53:58 ******/
IF NOT EXISTS (SELECT * FROM sys.foreign_keys WHERE object_id = OBJECT_ID(N'[dbo].[LMSROLE_CUSTOMER]') AND parent_object_id = OBJECT_ID(N'[dbo].[LMSROLE]'))
ALTER TABLE [dbo].[LMSROLE]  WITH CHECK ADD  CONSTRAINT [LMSROLE_CUSTOMER] FOREIGN KEY([CUSTOMER_ID])
REFERENCES [dbo].[CUSTOMER] ([ID])
GO
/****** Object:  ForeignKey [CUSTOMER_ORGANIZATIONALGROUP]    Script Date: 02/24/2009 16:53:58 ******/
IF NOT EXISTS (SELECT * FROM sys.foreign_keys WHERE object_id = OBJECT_ID(N'[dbo].[CUSTOMER_ORGANIZATIONALGROUP]') AND parent_object_id = OBJECT_ID(N'[dbo].[ORGANIZATIONALGROUP]'))
ALTER TABLE [dbo].[ORGANIZATIONALGROUP]  WITH CHECK ADD  CONSTRAINT [CUSTOMER_ORGANIZATIONALGROUP] FOREIGN KEY([CUSTOMER_ID])
REFERENCES [dbo].[CUSTOMER] ([ID])
GO
/****** Object:  ForeignKey [FK_ORGANIZATIONALGROUP_PARENTORGANIZATIONALGROUP]    Script Date: 02/24/2009 16:53:58 ******/
IF NOT EXISTS (SELECT * FROM sys.foreign_keys WHERE object_id = OBJECT_ID(N'[dbo].[FK_ORGANIZATIONALGROUP_PARENTORGANIZATIONALGROUP]') AND parent_object_id = OBJECT_ID(N'[dbo].[ORGANIZATIONALGROUP]'))
ALTER TABLE [dbo].[ORGANIZATIONALGROUP]  WITH CHECK ADD  CONSTRAINT [FK_ORGANIZATIONALGROUP_PARENTORGANIZATIONALGROUP] FOREIGN KEY([PARENTORGGROUP_ID])
REFERENCES [dbo].[ORGANIZATIONALGROUP] ([ID])
GO
/****** Object:  ForeignKey [FK_ORGANIZATIONALGROUP_ROOTORGANIZATIONALGROUP]    Script Date: 02/24/2009 16:53:58 ******/
IF NOT EXISTS (SELECT * FROM sys.foreign_keys WHERE object_id = OBJECT_ID(N'[dbo].[FK_ORGANIZATIONALGROUP_ROOTORGANIZATIONALGROUP]') AND parent_object_id = OBJECT_ID(N'[dbo].[ORGANIZATIONALGROUP]'))
ALTER TABLE [dbo].[ORGANIZATIONALGROUP]  WITH CHECK ADD  CONSTRAINT [FK_ORGANIZATIONALGROUP_ROOTORGANIZATIONALGROUP] FOREIGN KEY([ROOTORGGROUP_ID])
REFERENCES [dbo].[ORGANIZATIONALGROUP] ([ID])
GO
/****** Object:  ForeignKey [CUSTOMERENTITLEMENT_ORGANIZATIONALGROUPENTITLEMENT]    Script Date: 02/24/2009 16:53:58 ******/
IF NOT EXISTS (SELECT * FROM sys.foreign_keys WHERE object_id = OBJECT_ID(N'[dbo].[CUSTOMERENTITLEMENT_ORGANIZATIONALGROUPENTITLEMENT]') AND parent_object_id = OBJECT_ID(N'[dbo].[ORGANIZATIONALGROUPENTITLEMENT]'))
ALTER TABLE [dbo].[ORGANIZATIONALGROUPENTITLEMENT]  WITH CHECK ADD  CONSTRAINT [CUSTOMERENTITLEMENT_ORGANIZATIONALGROUPENTITLEMENT] FOREIGN KEY([CUSTOMERENTITLEMENT_ID])
REFERENCES [dbo].[CUSTOMERENTITLEMENT] ([ID])
GO
/****** Object:  ForeignKey [ORGANIZATIONALGROUP_ORGANIZATIONALGROUPENTITLEMENT]    Script Date: 02/24/2009 16:53:58 ******/
IF NOT EXISTS (SELECT * FROM sys.foreign_keys WHERE object_id = OBJECT_ID(N'[dbo].[ORGANIZATIONALGROUP_ORGANIZATIONALGROUPENTITLEMENT]') AND parent_object_id = OBJECT_ID(N'[dbo].[ORGANIZATIONALGROUPENTITLEMENT]'))
ALTER TABLE [dbo].[ORGANIZATIONALGROUPENTITLEMENT]  WITH CHECK ADD  CONSTRAINT [ORGANIZATIONALGROUP_ORGANIZATIONALGROUPENTITLEMENT] FOREIGN KEY([ORGANIZATIONALGROUP_ID])
REFERENCES [dbo].[ORGANIZATIONALGROUP] ([ID])
GO
/****** Object:  ForeignKey [CUSTOMER_REGISTRATIONINVITATION]    Script Date: 02/24/2009 16:53:58 ******/
IF NOT EXISTS (SELECT * FROM sys.foreign_keys WHERE object_id = OBJECT_ID(N'[dbo].[CUSTOMER_REGISTRATIONINVITATION]') AND parent_object_id = OBJECT_ID(N'[dbo].[REGISTRATIONINVITATION]'))
ALTER TABLE [dbo].[REGISTRATIONINVITATION]  WITH CHECK ADD  CONSTRAINT [CUSTOMER_REGISTRATIONINVITATION] FOREIGN KEY([CUSTOMER_ID])
REFERENCES [dbo].[CUSTOMER] ([ID])
GO
/****** Object:  ForeignKey [FK_SURVEY_SURVEYOWNER]    Script Date: 02/24/2009 16:53:58 ******/
IF NOT EXISTS (SELECT * FROM sys.foreign_keys WHERE object_id = OBJECT_ID(N'[dbo].[FK_SURVEY_SURVEYOWNER]') AND parent_object_id = OBJECT_ID(N'[dbo].[SURVEY]'))
ALTER TABLE [dbo].[SURVEY]  WITH CHECK ADD  CONSTRAINT [FK_SURVEY_SURVEYOWNER] FOREIGN KEY([SURVEYOWNER_ID])
REFERENCES [dbo].[CUSTOMER] ([ID])
GO
/****** Object:  ForeignKey [FK_SURVEYANSWER_SURVEYQUESTION]    Script Date: 02/24/2009 16:53:58 ******/
IF NOT EXISTS (SELECT * FROM sys.foreign_keys WHERE object_id = OBJECT_ID(N'[dbo].[FK_SURVEYANSWER_SURVEYQUESTION]') AND parent_object_id = OBJECT_ID(N'[dbo].[SURVEYANSWER]'))
ALTER TABLE [dbo].[SURVEYANSWER]  WITH CHECK ADD  CONSTRAINT [FK_SURVEYANSWER_SURVEYQUESTION] FOREIGN KEY([SURVEYQUESTION_ID])
REFERENCES [dbo].[SURVEYQUESTION] ([ID])
GO
/****** Object:  ForeignKey [FK_SURVEYQUESTION_SURVEY]    Script Date: 02/24/2009 16:53:58 ******/
IF NOT EXISTS (SELECT * FROM sys.foreign_keys WHERE object_id = OBJECT_ID(N'[dbo].[FK_SURVEYQUESTION_SURVEY]') AND parent_object_id = OBJECT_ID(N'[dbo].[SURVEYQUESTION]'))
ALTER TABLE [dbo].[SURVEYQUESTION]  WITH CHECK ADD  CONSTRAINT [FK_SURVEYQUESTION_SURVEY] FOREIGN KEY([SURVEY_ID])
REFERENCES [dbo].[SURVEY] ([ID])
GO
/****** Object:  ForeignKey [SurveyResult_Survey]    Script Date: 02/24/2009 16:53:59 ******/
IF NOT EXISTS (SELECT * FROM sys.foreign_keys WHERE object_id = OBJECT_ID(N'[dbo].[SurveyResult_Survey]') AND parent_object_id = OBJECT_ID(N'[dbo].[SurveyResult]'))
ALTER TABLE [dbo].[SurveyResult]  WITH CHECK ADD  CONSTRAINT [SurveyResult_Survey] FOREIGN KEY([Survey_ID])
REFERENCES [dbo].[SURVEY] ([ID])
GO
/****** Object:  ForeignKey [SurveyResult_VU360USER]    Script Date: 02/24/2009 16:53:59 ******/
IF NOT EXISTS (SELECT * FROM sys.foreign_keys WHERE object_id = OBJECT_ID(N'[dbo].[SurveyResult_VU360USER]') AND parent_object_id = OBJECT_ID(N'[dbo].[SurveyResult]'))
ALTER TABLE [dbo].[SurveyResult]  WITH CHECK ADD  CONSTRAINT [SurveyResult_VU360USER] FOREIGN KEY([VU360User_ID])
REFERENCES [dbo].[VU360USER] ([ID])
GO
/****** Object:  ForeignKey [SurveyResultAnswer_SurveyAnswer]    Script Date: 02/24/2009 16:53:59 ******/
IF NOT EXISTS (SELECT * FROM sys.foreign_keys WHERE object_id = OBJECT_ID(N'[dbo].[SurveyResultAnswer_SurveyAnswer]') AND parent_object_id = OBJECT_ID(N'[dbo].[SurveyResultAnswer]'))
ALTER TABLE [dbo].[SurveyResultAnswer]  WITH CHECK ADD  CONSTRAINT [SurveyResultAnswer_SurveyAnswer] FOREIGN KEY([SurveyAnswer_ID])
REFERENCES [dbo].[SURVEYANSWER] ([ID])
GO
/****** Object:  ForeignKey [SurveyResultAnswer_SurveyResult]    Script Date: 02/24/2009 16:53:59 ******/
IF NOT EXISTS (SELECT * FROM sys.foreign_keys WHERE object_id = OBJECT_ID(N'[dbo].[SurveyResultAnswer_SurveyResult]') AND parent_object_id = OBJECT_ID(N'[dbo].[SurveyResultAnswer]'))
ALTER TABLE [dbo].[SurveyResultAnswer]  WITH CHECK ADD  CONSTRAINT [SurveyResultAnswer_SurveyResult] FOREIGN KEY([SurveyResult_ID])
REFERENCES [dbo].[SurveyResult] ([ID])
GO
/****** Object:  ForeignKey [CUSTOMER_TRAINIINGPLAN]    Script Date: 02/24/2009 16:53:59 ******/
IF NOT EXISTS (SELECT * FROM sys.foreign_keys WHERE object_id = OBJECT_ID(N'[dbo].[CUSTOMER_TRAINIINGPLAN]') AND parent_object_id = OBJECT_ID(N'[dbo].[TRAINIINGPLAN]'))
ALTER TABLE [dbo].[TRAINIINGPLAN]  WITH CHECK ADD  CONSTRAINT [CUSTOMER_TRAINIINGPLAN] FOREIGN KEY([CUSTOMER_ID])
REFERENCES [dbo].[CUSTOMER] ([ID])
GO
/****** Object:  ForeignKey [TRAINIINGPLAN_TRAINIINGPLANASSIGNMENT]    Script Date: 02/24/2009 16:53:59 ******/
IF NOT EXISTS (SELECT * FROM sys.foreign_keys WHERE object_id = OBJECT_ID(N'[dbo].[TRAINIINGPLAN_TRAINIINGPLANASSIGNMENT]') AND parent_object_id = OBJECT_ID(N'[dbo].[TRAINIINGPLANASSIGNMENT]'))
ALTER TABLE [dbo].[TRAINIINGPLANASSIGNMENT]  WITH CHECK ADD  CONSTRAINT [TRAINIINGPLAN_TRAINIINGPLANASSIGNMENT] FOREIGN KEY([TRAINIINGPLAN_ID])
REFERENCES [dbo].[TRAINIINGPLAN] ([ID])
GO
/****** Object:  ForeignKey [CUSTOMER_TRAININGADMINISTRATOR]    Script Date: 02/24/2009 16:53:59 ******/
IF NOT EXISTS (SELECT * FROM sys.foreign_keys WHERE object_id = OBJECT_ID(N'[dbo].[CUSTOMER_TRAININGADMINISTRATOR]') AND parent_object_id = OBJECT_ID(N'[dbo].[TRAININGADMINISTRATOR]'))
ALTER TABLE [dbo].[TRAININGADMINISTRATOR]  WITH CHECK ADD  CONSTRAINT [CUSTOMER_TRAININGADMINISTRATOR] FOREIGN KEY([CUSTOMER_ID])
REFERENCES [dbo].[CUSTOMER] ([ID])
GO
/****** Object:  ForeignKey [VU360USER_TRAININGADMINISTRATOR]    Script Date: 02/24/2009 16:53:59 ******/
IF NOT EXISTS (SELECT * FROM sys.foreign_keys WHERE object_id = OBJECT_ID(N'[dbo].[VU360USER_TRAININGADMINISTRATOR]') AND parent_object_id = OBJECT_ID(N'[dbo].[TRAININGADMINISTRATOR]'))
ALTER TABLE [dbo].[TRAININGADMINISTRATOR]  WITH CHECK ADD  CONSTRAINT [VU360USER_TRAININGADMINISTRATOR] FOREIGN KEY([VU360USER_ID])
REFERENCES [dbo].[VU360USER] ([ID])
GO
/****** Object:  ForeignKey [DERIVEDFROM_VU360REPORT]    Script Date: 02/24/2009 16:53:59 ******/
IF NOT EXISTS (SELECT * FROM sys.foreign_keys WHERE object_id = OBJECT_ID(N'[dbo].[DERIVEDFROM_VU360REPORT]') AND parent_object_id = OBJECT_ID(N'[dbo].[VU360REPORT]'))
ALTER TABLE [dbo].[VU360REPORT]  WITH CHECK ADD  CONSTRAINT [DERIVEDFROM_VU360REPORT] FOREIGN KEY([DERIVEDFROM])
REFERENCES [dbo].[VU360REPORT] ([ID])
GO
/****** Object:  ForeignKey [VU360ORIGINALREPORT_VU360REPORT]    Script Date: 02/24/2009 16:53:59 ******/
IF NOT EXISTS (SELECT * FROM sys.foreign_keys WHERE object_id = OBJECT_ID(N'[dbo].[VU360ORIGINALREPORT_VU360REPORT]') AND parent_object_id = OBJECT_ID(N'[dbo].[VU360REPORT]'))
ALTER TABLE [dbo].[VU360REPORT]  WITH CHECK ADD  CONSTRAINT [VU360ORIGINALREPORT_VU360REPORT] FOREIGN KEY([ORIGINALSYSTEMREPORT_ID])
REFERENCES [dbo].[VU360REPORT] ([ID])
GO
/****** Object:  ForeignKey [VU360USER_VU360REPORT]    Script Date: 02/24/2009 16:53:59 ******/
IF NOT EXISTS (SELECT * FROM sys.foreign_keys WHERE object_id = OBJECT_ID(N'[dbo].[VU360USER_VU360REPORT]') AND parent_object_id = OBJECT_ID(N'[dbo].[VU360REPORT]'))
ALTER TABLE [dbo].[VU360REPORT]  WITH CHECK ADD  CONSTRAINT [VU360USER_VU360REPORT] FOREIGN KEY([OWNER_ID])
REFERENCES [dbo].[VU360USER] ([ID])
GO
/****** Object:  ForeignKey [VU360REPORT_VU360REPORTEXECUTIONSUMMARY]    Script Date: 02/24/2009 16:53:59 ******/
IF NOT EXISTS (SELECT * FROM sys.foreign_keys WHERE object_id = OBJECT_ID(N'[dbo].[VU360REPORT_VU360REPORTEXECUTIONSUMMARY]') AND parent_object_id = OBJECT_ID(N'[dbo].[VU360REPORTEXECUTIONSUMMARY]'))
ALTER TABLE [dbo].[VU360REPORTEXECUTIONSUMMARY]  WITH CHECK ADD  CONSTRAINT [VU360REPORT_VU360REPORTEXECUTIONSUMMARY] FOREIGN KEY([VU360REPORT_ID])
REFERENCES [dbo].[VU360REPORT] ([ID])
GO
/****** Object:  ForeignKey [VU360REPORT_VU360REPORTFIELD]    Script Date: 02/24/2009 16:53:59 ******/
IF NOT EXISTS (SELECT * FROM sys.foreign_keys WHERE object_id = OBJECT_ID(N'[dbo].[VU360REPORT_VU360REPORTFIELD]') AND parent_object_id = OBJECT_ID(N'[dbo].[VU360REPORTFIELD]'))
ALTER TABLE [dbo].[VU360REPORTFIELD]  WITH CHECK ADD  CONSTRAINT [VU360REPORT_VU360REPORTFIELD] FOREIGN KEY([VU360REPORT_ID])
REFERENCES [dbo].[VU360REPORT] ([ID])
GO
/****** Object:  ForeignKey [VU360REPORT_VU360REPORTFILTER]    Script Date: 02/24/2009 16:53:59 ******/
IF NOT EXISTS (SELECT * FROM sys.foreign_keys WHERE object_id = OBJECT_ID(N'[dbo].[VU360REPORT_VU360REPORTFILTER]') AND parent_object_id = OBJECT_ID(N'[dbo].[VU360REPORTFILTER]'))
ALTER TABLE [dbo].[VU360REPORTFILTER]  WITH CHECK ADD  CONSTRAINT [VU360REPORT_VU360REPORTFILTER] FOREIGN KEY([VU360REPORT_ID])
REFERENCES [dbo].[VU360REPORT] ([ID])
GO
/****** Object:  ForeignKey [VU360REPORTFIELD_VU360REPORTFILTER]    Script Date: 02/24/2009 16:53:59 ******/
IF NOT EXISTS (SELECT * FROM sys.foreign_keys WHERE object_id = OBJECT_ID(N'[dbo].[VU360REPORTFIELD_VU360REPORTFILTER]') AND parent_object_id = OBJECT_ID(N'[dbo].[VU360REPORTFILTER]'))
ALTER TABLE [dbo].[VU360REPORTFILTER]  WITH CHECK ADD  CONSTRAINT [VU360REPORTFIELD_VU360REPORTFILTER] FOREIGN KEY([VU360REPORTFIELD_ID])
REFERENCES [dbo].[VU360REPORTFIELD] ([ID])
GO
/****** Object:  ForeignKey [VU360REPORTFILTEROPERAND_VU360REPORTFILTER]    Script Date: 02/24/2009 16:53:59 ******/
IF NOT EXISTS (SELECT * FROM sys.foreign_keys WHERE object_id = OBJECT_ID(N'[dbo].[VU360REPORTFILTEROPERAND_VU360REPORTFILTER]') AND parent_object_id = OBJECT_ID(N'[dbo].[VU360REPORTFILTER]'))
ALTER TABLE [dbo].[VU360REPORTFILTER]  WITH CHECK ADD  CONSTRAINT [VU360REPORTFILTEROPERAND_VU360REPORTFILTER] FOREIGN KEY([VU360REPORTFILTEROPERAND_ID])
REFERENCES [dbo].[VU360REPORTFILTEROPERAND] ([ID])
GO
/****** Object:  ForeignKey [VU360REPORTFILTER_VU360REPORTFILTERVALUE]    Script Date: 02/24/2009 16:53:59 ******/
IF NOT EXISTS (SELECT * FROM sys.foreign_keys WHERE object_id = OBJECT_ID(N'[dbo].[VU360REPORTFILTER_VU360REPORTFILTERVALUE]') AND parent_object_id = OBJECT_ID(N'[dbo].[VU360REPORTFILTERVALUE]'))
ALTER TABLE [dbo].[VU360REPORTFILTERVALUE]  WITH CHECK ADD  CONSTRAINT [VU360REPORTFILTER_VU360REPORTFILTERVALUE] FOREIGN KEY([VU360REPORTFILTER_ID])
REFERENCES [dbo].[VU360REPORTFILTER] ([ID])
GO
